pmcid	forename_lastname	affiliation
7518888	J Dylan_Shropshire	Department of Biological Sciences, Vanderbilt University          Nashville          United States        
7518888	Brittany_Leigh	Department of Biological Sciences, Vanderbilt University          Nashville          United States        
7518888	Seth R_Bordenstein	Department of Biological Sciences, Vanderbilt University          Nashville          United States        
7421533	Claude_Bragard	UNKNOWN
7421533	Katharina_Dehnen&#x2010;Schmutz	UNKNOWN
7421533	Francesco_Di Serio	UNKNOWN
7421533	Paolo_Gonthier	UNKNOWN
7421533	Marie&#x2010;Agn&#xE8;s_Jacques	UNKNOWN
7421533	Josep Anton_Jaques Miret	UNKNOWN
7421533	Annemarie Fejer_Justesen	UNKNOWN
7421533	Alan_MacLeod	UNKNOWN
7421533	Christer Sven_Magnusson	UNKNOWN
7421533	Panagiotis_Milonas	UNKNOWN
7421533	Juan A_Navas&#x2010;Cortes	UNKNOWN
7421533	Stephen_Parnell	UNKNOWN
7421533	Philippe Lucien_Reignault	UNKNOWN
7421533	Hans&#x2010;Hermann_Thulke	UNKNOWN
7421533	Wopke_Van der Werf	UNKNOWN
7421533	Antonio Vicent_Civera	UNKNOWN
7421533	Jonathan_Yuen	UNKNOWN
7421533	Lucia_Zappal&#xE0;	UNKNOWN
7421533	Elisavet_Chatzivassiliou	UNKNOWN
7421533	Jane_Debode	UNKNOWN
7421533	Charles_Manceau	UNKNOWN
7421533	Ciro_Gardi	UNKNOWN
7421533	Olaf_Mosbach&#x2010;Schulz	UNKNOWN
7421533	Roel_Potting	UNKNOWN
7469157	Modesto_del Pino	Andalusian Institute for Research and Training in Agriculture, Fishery, Food and Organic Production (IFAPA), M&#xE1;laga Centre, Cortijo de la Cruz s/n, 29140 Churriana, M&#xE1;laga, Spain; 
7469157	Juan Ram&#xF3;n_Gallego	Research Centre for Mediterranean Intensive Agrosystems and Agrifood Biotechnology (CIAMBITAL), Agrifood Campus of International Excellence (CEIA3), University of Almeria, Ctra. de Sacramento, s/n, 04120 La Ca&#xF1;ada, Almeria, Spain; 
7469157	Estrella_Hern&#xE1;ndez Su&#xE1;rez	Canarian Institute for Agricultural Research (ICIA), P.B. 60, ES 38200 La Laguna, Santa Cruz de Tenerife, Canary Islands, Spain; 
7469157	Tom&#xE1;s_Cabello	Research Centre for Mediterranean Intensive Agrosystems and Agrifood Biotechnology (CIAMBITAL), Agrifood Campus of International Excellence (CEIA3), University of Almeria, Ctra. de Sacramento, s/n, 04120 La Ca&#xF1;ada, Almeria, Spain; 
7360630	Renate_W&#xF6;ger	Senckenberg Museum of Zoology, Dresden, GermanySenckenberg Museum of ZoologyDresdenGermany
7360630	Roland_W&#xF6;ger	Senckenberg Museum of Zoology, Dresden, GermanySenckenberg Museum of ZoologyDresdenGermany
7360630	Matthias_Nuss	Senckenberg Museum of Zoology, Dresden, GermanySenckenberg Museum of ZoologyDresdenGermany
7349277	Micha&#x142;_Krzy&#x17C;owski	Laboratory of Insect Physiology and Ethology, Institute of Biology, Biotechnology and Environmental Protection, Faculty of Natural Sciences, University of Silesia in Katowice, 40-007 Katowice, Poland;  (J.F.)
7349277	Bartosz_Baran	Laboratory of Insect Physiology and Ethology, Institute of Biology, Biotechnology and Environmental Protection, Faculty of Natural Sciences, University of Silesia in Katowice, 40-007 Katowice, Poland;  (J.F.)
7349277	Bartosz_&#x141;ozowski	Laboratory of Insect Physiology and Ethology, Institute of Biology, Biotechnology and Environmental Protection, Faculty of Natural Sciences, University of Silesia in Katowice, 40-007 Katowice, Poland;  (J.F.)
7349277	Jacek_Francikowski	Laboratory of Insect Physiology and Ethology, Institute of Biology, Biotechnology and Environmental Protection, Faculty of Natural Sciences, University of Silesia in Katowice, 40-007 Katowice, Poland;  (J.F.)
7425788	Matteo_Marchioro	Department of Agronomy, Food, Natural Resources, Animals and Environment (DAFNAE), University of Padova, Viale dell&#x2019;Universit&#xE0;, 16 - 35020 Legnaro (PD), Italy
7425788	Andrea_Battisti	Department of Agronomy, Food, Natural Resources, Animals and Environment (DAFNAE), University of Padova, Viale dell&#x2019;Universit&#xE0;, 16 - 35020 Legnaro (PD), Italy
7425788	Massimo_Faccoli	Department of Agronomy, Food, Natural Resources, Animals and Environment (DAFNAE), University of Padova, Viale dell&#x2019;Universit&#xE0;, 16 - 35020 Legnaro (PD), Italy
7073712	Lauren M._Perez	Department of Entomology, University of Georgia, Tifton, GA 31793, USA;  (M.R.A.)
7073712	Patricia J._Moore	Department of Entomology, University of Georgia, Athens, GA 30601, USA; 
7073712	Mark R._Abney	Department of Entomology, University of Georgia, Tifton, GA 31793, USA;  (M.R.A.)
7073712	Michael D._Toews	Department of Entomology, University of Georgia, Tifton, GA 31793, USA;  (M.R.A.)
6988935	Saeed_Farahani	Plant Protection Department, College of Agriculture and Natural Resources, University of Tehran, Karaj, Iran
6988935	Ali R._Bandani	Plant Protection Department, College of Agriculture and Natural Resources, University of Tehran, Karaj, Iran
6988935	Houshang_Alizadeh	Department of Agronomy and Plant Breeding, College of Agriculture and Natural Resources, University of Tehran, Karaj, Iran
6988935	Seyed Hossein_Goldansaz	Plant Protection Department, College of Agriculture and Natural Resources, University of Tehran, Karaj, Iran
6988935	Steven_Whyard	Department of Biological Sciences, University of Manitoba, Winnipeg, Manitoba, Canada
6967388	Jessamyn I._Perlmutter	Department of Biological Sciences, Vanderbilt University, Nashville, Tennessee, USA        
6967388	Jane E._Meyers	Department of Biological Sciences, Vanderbilt University, Nashville, Tennessee, USA        
6967388	Seth R._Bordenstein	Department of Biological Sciences, Vanderbilt University, Nashville, Tennessee, USA        
7022865	Wenlong_Wang	Beijing Key Laboratory for Forest Pest Control, School of Forestry, Beijing Forestry University, Beijing 100083, China;  (C.G.)
7022865	Chenglong_Gao	Beijing Key Laboratory for Forest Pest Control, School of Forestry, Beijing Forestry University, Beijing 100083, China;  (C.G.)
7022865	Lili_Ren	Beijing Key Laboratory for Forest Pest Control, School of Forestry, Beijing Forestry University, Beijing 100083, China;  (C.G.)
7022865	Youqing_Luo	Beijing Key Laboratory for Forest Pest Control, School of Forestry, Beijing Forestry University, Beijing 100083, China;  (C.G.)
6869320	Mureed_Husain	0000 0004 1773 5396grid.56302.32Economic Entomology Research Unit, Department of Plant Protection, College of Food and Agriculture Sciences, King Saud University, 2460, Riyadh, 11451 Kingdom of Saudi Arabia 
6869320	Muhammad_Tufail	grid.448869.fGhazi University, Dera Ghazi Khan, Punjab Pakistan 
6869320	Khalid_Mehmood	0000 0004 1773 5396grid.56302.32Economic Entomology Research Unit, Department of Plant Protection, College of Food and Agriculture Sciences, King Saud University, 2460, Riyadh, 11451 Kingdom of Saudi Arabia 
6869320	Khawaja Ghulam_Rasool	0000 0004 1773 5396grid.56302.32Economic Entomology Research Unit, Department of Plant Protection, College of Food and Agriculture Sciences, King Saud University, 2460, Riyadh, 11451 Kingdom of Saudi Arabia 
6869320	Abdulrahman Saad_Aldawood	0000 0004 1773 5396grid.56302.32Economic Entomology Research Unit, Department of Plant Protection, College of Food and Agriculture Sciences, King Saud University, 2460, Riyadh, 11451 Kingdom of Saudi Arabia 
6864215	Waleed S._Alwaneen	National Center for Agricultural Technology (NCAT), King Abdulaziz City for Science and Technology (KACST), P.O. Box 6086, Riyadh, Saudi Arabia
6864215	Mureed_Husain	Economic Entomology Research Unit, Department of Plant Protection, College of Food and Agriculture Sciences, King Saud University, P.O. Box 2460, Riyadh, Saudi Arabia
6864215	Khawaja G._Rasool	Economic Entomology Research Unit, Department of Plant Protection, College of Food and Agriculture Sciences, King Saud University, P.O. Box 2460, Riyadh, Saudi Arabia
6864215	Mohannad A._Alwatban	National Center for Agricultural Technology (NCAT), King Abdulaziz City for Science and Technology (KACST), P.O. Box 6086, Riyadh, Saudi Arabia
6864215	Shehzad_Salman	Economic Entomology Research Unit, Department of Plant Protection, College of Food and Agriculture Sciences, King Saud University, P.O. Box 2460, Riyadh, Saudi Arabia
6864215	Farid A._Shaheen	Department of Entomology, Pir Mehr Ali Shah Arid Agriculture University, P.O. Box 46300, Pakistan
6864215	Mona A._Alduailij	Computer Science Department, College of Computer and Information Sciences, Princess Nourah bint Abdulrahman University, P.O. Box 8957, Riyadh, Saudi Arabia
6864215	Abdulrahman S._Aldawood	Economic Entomology Research Unit, Department of Plant Protection, College of Food and Agriculture Sciences, King Saud University, P.O. Box 2460, Riyadh, Saudi Arabia
6843565	Hao_Zhai	Shandong Institute of Pomology, Tai&#x2019;an, Shandong 271000, China;  (Y.M.)
6843565	Xianmei_Yu	Shandong Institute of Pomology, Tai&#x2019;an, Shandong 271000, China;  (Y.M.)
6843565	Yanan_Ma	Shandong Institute of Pomology, Tai&#x2019;an, Shandong 271000, China;  (Y.M.)
6843565	Yong_Zhang	Shandong Institute of Pomology, Tai&#x2019;an, Shandong 271000, China;  (Y.M.)
6843565	Dan_Wang	Shandong Institute of Pomology, Tai&#x2019;an, Shandong 271000, China;  (Y.M.)
6836213	David W._Hagstrum	Department of Entomology, Kansas State University, Manhattan, KS 66502, USA
6836213	Christos G._Athanassiou	Laboratory of Entomology and Agricultural Zoology, Department of Agriculture, Crop Production and Rural Environment, University of Thessaly, Phytokou str., Nea Ionia, 38446 Magnissia, Greece
6777490	Louise A._Reynolds	Institute of Integrative Biology, University of Liverpool, Liverpool, UK
6777490	Emily A._Hornett	Institute of Integrative Biology, University of Liverpool, Liverpool, UK
6777490	Chris D._Jiggins	Department of Zoology, University of Cambridge, Cambridge, UK
6777490	Gregory D.D._Hurst	Institute of Integrative Biology, University of Liverpool, Liverpool, UK
6835568	Giovanni_Benelli	Department of Agriculture, Food and Environment, University of Pisa, via del Borghetto 80, 56124 Pisa, Italy; 
6835568	Andrea_Lucchi	Department of Agriculture, Food and Environment, University of Pisa, via del Borghetto 80, 56124 Pisa, Italy; 
6835568	Donald_Thomson	Pacific Biocontrol Corporation, 14615 NE 13th Court Suite A Vancouver, WA 98685, USA; 
6835568	Claudio_Ioriatti	Technological Transfer Centre and Research and Innovation Centre, Fondazione Edmund Mach (FEM), via E. Mach 1, 38010 San Michele all&#x2019;Adige (TN), Italy; 
6758599	Shu-Ping_Tseng	Research Institute for Sustainable Humanosphere, Kyoto University, Kyoto, Japan
6758599	James K._Wetterer	Wilkes Honors College, Florida Atlantic University, Jupiter, FL, United States
6758599	Andrew V._Suarez	Department of Evolution, Ecology and Behavior and Department of Entomology, University of Illinois Urbana-Champaign, IL, United States
6758599	Chow-Yang_Lee	Department of Entomology, University of California, Riverside, CA, United States
6758599	Tsuyoshi_Yoshimura	Research Institute for Sustainable Humanosphere, Kyoto University, Kyoto, Japan
6758599	DeWayne_Shoemaker	Entomology and Plant Pathology, University of Tennessee, Knoxville, TN, United States
6758599	Chin-Cheng Scotty_Yang	Research Institute for Sustainable Humanosphere, Kyoto University, Kyoto, Japan
6736233	Jessamyn I._Perlmutter	Department of Biological Sciences, Vanderbilt University, Nashville, Tennessee, United States of America
6736233	Sarah R._Bordenstein	Department of Biological Sciences, Vanderbilt University, Nashville, Tennessee, United States of America
6736233	Robert L._Unckless	Department of Molecular Biosciences, University of Kansas, Lawrence, Kansas, United States of America
6736233	Daniel P._LePage	Department of Biological Sciences, Vanderbilt University, Nashville, Tennessee, United States of America
6736233	Jason A._Metcalf	Department of Biological Sciences, Vanderbilt University, Nashville, Tennessee, United States of America
6736233	Tom_Hill	Department of Molecular Biosciences, University of Kansas, Lawrence, Kansas, United States of America
6736233	Julien_Martinez	Department of Genetics, University of Cambridge, Cambridge, United Kingdom
6736233	Francis M._Jiggins	Department of Genetics, University of Cambridge, Cambridge, United Kingdom
6736233	Seth R._Bordenstein	Department of Biological Sciences, Vanderbilt University, Nashville, Tennessee, United States of America
6740152	Ping-Lan_Wang	College of Pharmacy and Life Science, Jiujiang University, China
6740152	Andrea_Luchetti	Dipartimento di Scienze Biologiche, Geologiche e Ambientali, Universit&#xE0; di Bologna, Italy
6740152	Angelo_Alberto Ruggieri	Dipartimento di Scienze Biologiche, Geologiche e Ambientali, Universit&#xE0; di Bologna, Italy
6740152	Xiao-Min_Xiong	Clinical Medical College, Jiujiang University, China
6740152	Min-Rui-Xuan_Xu	College of Pharmacy and Life Science, Jiujiang University, China
6740152	Xiao-Gu_Zhang	College of Pharmacy and Life Science, Jiujiang University, China
6740152	Hua-Hao_Zhang	College of Pharmacy and Life Science, Jiujiang University, China
6723273	Ricardo_Barbosa-Cornelio	Biological Control Laboratory, Facultad de Ciencias B&#xE1;sicas y Aplicadas, Universidad Militar Nueva Granada, Cajic&#xE1; 250247, Colombia
6723273	Fernando_Cantor	Biological Control Laboratory, Facultad de Ciencias B&#xE1;sicas y Aplicadas, Universidad Militar Nueva Granada, Cajic&#xE1; 250247, Colombia
6723273	Ericsson_Coy-Barrera	Bioorganic Chemistry Laboratory, Facultad de Ciencias B&#xE1;sicas y Aplicadas, Universidad Militar Nueva Granada, Cajic&#xE1; 250247, Colombia
6723273	Daniel_Rodr&#xED;guez	Biological Control Laboratory, Facultad de Ciencias B&#xE1;sicas y Aplicadas, Universidad Militar Nueva Granada, Cajic&#xE1; 250247, Colombia
6688386	Lucie_Conchou	INRA, Sorbonne Universit&#xE9;, INRA, CNRS, UPEC, IRD, University P7, Institute of Ecology and Environmental Sciences of Paris, Paris, France
6688386	Philippe_Lucas	INRA, Sorbonne Universit&#xE9;, INRA, CNRS, UPEC, IRD, University P7, Institute of Ecology and Environmental Sciences of Paris, Paris, France
6688386	Camille_Meslin	INRA, Sorbonne Universit&#xE9;, INRA, CNRS, UPEC, IRD, University P7, Institute of Ecology and Environmental Sciences of Paris, Paris, France
6688386	Magali_Proffit	CEFE, CNRS, EPHE, IRD, Universit&#xE9; de Montpellier, Universit&#xE9; Paul-Val&#xE9;ry Montpellier, Montpellier, France
6688386	Michael_Staudt	CEFE, CNRS, EPHE, IRD, Universit&#xE9; de Montpellier, Universit&#xE9; Paul-Val&#xE9;ry Montpellier, Montpellier, France
6688386	Michel_Renou	INRA, Sorbonne Universit&#xE9;, INRA, CNRS, UPEC, IRD, University P7, Institute of Ecology and Environmental Sciences of Paris, Paris, France
6638262	Yasaman_Moghaddassi	Department of Plant Protection, University College of Agriculture &amp; Natural Resources, University of Tehran, Karaj, Iran
6638262	Ahmad_Ashouri	Department of Plant Protection, University College of Agriculture &amp; Natural Resources, University of Tehran, Karaj, Iran
6638262	Ali Reza_Bandani	Department of Plant Protection, University College of Agriculture &amp; Natural Resources, University of Tehran, Karaj, Iran
6638262	Norman C_Leppla	Entomology and Nematology Department, University of Florida, Gainesville, FL
6638262	Paul D_Shirk	USDA-ARS, Center for Medical, Agricultural and Veterinary Entomology (CMAVE), Gainesville, FL
6592540	Marzieh_Mohammadpour	Department of Plant Protection, College of Agriculture, Ferdowsi University of Mashhad, Mashhad, Iran
6592540	Mojtaba_Hosseini	Department of Plant Protection, College of Agriculture, Ferdowsi University of Mashhad, Mashhad, Iran
6592540	Javad_Karimi	Department of Plant Protection, College of Agriculture, Ferdowsi University of Mashhad, Mashhad, Iran
6592540	Vahid_Hosseininaveh	Department of Plant Protection, College of Agriculture and Natural Resources, University of Tehran, Karaj, Iran
6571962	Vaclav_Stejskal	Crop Research Institute, Drnovska 507/73, CZ-16106 Prague 6-Ruzyne, Czech Republic;  (R.A.)
6571962	Tomas_Vendl	Crop Research Institute, Drnovska 507/73, CZ-16106 Prague 6-Ruzyne, Czech Republic;  (R.A.)
6571962	Zhihong_Li	Key Laboratory of Ministry of Agriculture for Monitoring and Green Management of Crop Pests, Department of Entomology, College of Plant Protection, China Agricultural University, Beijing 100193, China; 
6571962	Radek_Aulicky	Crop Research Institute, Drnovska 507/73, CZ-16106 Prague 6-Ruzyne, Czech Republic;  (R.A.)
6523121	Fuji_Jian	Department of Biosystems Engineering, University of Manitoba, Winnipeg, MB R3T 5V6, Canada; 
6476860	Yi-Han_Xia	0000 0001 0930 2361grid.4514.4Department of Biology, Lund University, S&#xF6;lvegatan 37, SE-223 62 Lund, Sweden 
6476860	Ya-Nan_Zhang	grid.440755.7College of Life Sciences, Huaibei Normal University, Dongshan Road 100, Huaibei, CN-235000 China 
6476860	Bao-Jian_Ding	0000 0001 0930 2361grid.4514.4Department of Biology, Lund University, S&#xF6;lvegatan 37, SE-223 62 Lund, Sweden 
6476860	Hong-Lei_Wang	0000 0001 0930 2361grid.4514.4Department of Biology, Lund University, S&#xF6;lvegatan 37, SE-223 62 Lund, Sweden 
6476860	Christer_L&#xF6;fstedt	0000 0001 0930 2361grid.4514.4Department of Biology, Lund University, S&#xF6;lvegatan 37, SE-223 62 Lund, Sweden 
6468839	William R._Morrison	USDA, Agricultural Research Service, Center for Grain and Animal Health Research, 1515 College Ave., Manhattan, KS 66502, USA;  (F.H.A.)
6468839	Alexander_Bruce	USDA, Agricultural Research Service, Center for Grain and Animal Health Research, 1515 College Ave., Manhattan, KS 66502, USA;  (F.H.A.)
6468839	Rachel V._Wilkins	Department of Entomology, Kansas State University, 123 Waters Hall, Manhattan, KS 66506, USA; 
6468839	Chloe E._Albin	Department of Engineering, Kansas State University, 1046 Rathbone Hall, Manhattan, KS 66506, USA; 
6468839	Frank H._Arthur	USDA, Agricultural Research Service, Center for Grain and Animal Health Research, 1515 College Ave., Manhattan, KS 66502, USA;  (F.H.A.)
6458377	Astrid T._Groot	Institute for Biodiversity and Ecosystem Dynamics, University of Amsterdam, Science Park 904, 1098 XH Amsterdam, The Netherlands
6458377	Michiel_van Wijk	Institute for Biodiversity and Ecosystem Dynamics, University of Amsterdam, Science Park 904, 1098 XH Amsterdam, The Netherlands
6458377	Ernesto_Villacis-Perez	Institute for Biodiversity and Ecosystem Dynamics, University of Amsterdam, Science Park 904, 1098 XH Amsterdam, The Netherlands
6458377	Peter_Kuperus	Institute for Biodiversity and Ecosystem Dynamics, University of Amsterdam, Science Park 904, 1098 XH Amsterdam, The Netherlands
6458377	Gerhard_Sch&#xF6;fl	Department Entomology, Max Planck Institute for Chemical Ecology, Hans Knoell Strasse 8, 07745 Jena, Germany
6458377	Dennis_van Veldhuizen	Institute for Biodiversity and Ecosystem Dynamics, University of Amsterdam, Science Park 904, 1098 XH Amsterdam, The Netherlands
6458377	David G._Heckel	Department Entomology, Max Planck Institute for Chemical Ecology, Hans Knoell Strasse 8, 07745 Jena, Germany
6422892	Yu_Cao	UNKNOWN
6422892	Kangkang_Xu	UNKNOWN
6422892	Xiaoye_Zhu	UNKNOWN
6422892	Yu_Bai	UNKNOWN
6422892	Wenjia_Yang	UNKNOWN
6422892	Can_Li	UNKNOWN
6211755	Burcu_&#x15E;ahin	Department of Biology, Faculty of Science, Mu&#x11F;la S&#x131;tk&#x131; Ko&#xE7;man University, Mu&#x11F;la, Turkey
6211755	Joaqu&#xED;n_Gomis-Cebolla	ERI de Biotecnolog&#xED;a y Biomedicina (BIOTECMED), Department of Genetics, Universitat de Val&#xE8;ncia, Burjassot, Spain
6211755	Hatice_G&#xFC;ne&#x15F;	Department of Biology, Faculty of Science, Mu&#x11F;la S&#x131;tk&#x131; Ko&#xE7;man University, Mu&#x11F;la, Turkey
6211755	Juan_Ferr&#xE9;	ERI de Biotecnolog&#xED;a y Biomedicina (BIOTECMED), Department of Genetics, Universitat de Val&#xE8;ncia, Burjassot, Spain
5999112	Alexander_Liberzon	School of Mechanical Engineering, Tel Aviv University, Tel-Aviv, Israel
5999112	Kyra_Harrington	Department of Coastal and Marine Systems Science, Coastal Carolina University, Conway, SC, United States of America
5999112	Nimrod_Daniel	School of Mechanical Engineering, Tel Aviv University, Tel-Aviv, Israel
5999112	Roi_Gurka	Department of Coastal and Marine Systems Science, Coastal Carolina University, Conway, SC, United States of America
5999112	Ally_Harari	Department of Entomology, The Volcani Center, Bet Dagan, Israel
5999112	Gregory_Zilman	School of Mechanical Engineering, Tel Aviv University, Tel-Aviv, Israel
5973594	Irina_Goryacheva	Vavilov Institute of General Genetics, Russian Academy of Sciences, Moscow, Russia
5973594	Alla_Blekhman	Koltsov Institute of Developmental Biology, Russian Academy of Sciences, Moscow, Russia
5973594	Boris_Andrianov	Vavilov Institute of General Genetics, Russian Academy of Sciences, Moscow, Russia
5973594	Denis_Romanov	Vavilov Institute of General Genetics, Russian Academy of Sciences, Moscow, Russia
5973594	Ilya_Zakharov	Vavilov Institute of General Genetics, Russian Academy of Sciences, Moscow, Russia
5947162	Anne_Duplouy	Organismal and Evolutionary Biology Research Program, University of Helsinki, Helsinki, Finland
5947162	Emily A._Hornett	Department of Zoology, University of Cambridge, Cambridge, UK
5911386	James E._Russell	School of Science and Technology, Georgia Gwinnett College, Lawrenceville, GA, USA
5911386	Leonard_Nunney	Department of Biology, University of California, Riverside, CA, USA
5911386	Michael_Saum	School of Science and Technology, Georgia Gwinnett College, Lawrenceville, GA, USA
5911386	Richard_Stouthamer	Department of Entomology, University of California, Riverside, CA, USA
5881003	Luis R._Paniagua Voirol	Institute of Biology, Freie Universit&#xE4;t Berlin, Berlin, Germany
5881003	Enric_Frago	Centre de Coop&#xE9;ration Internationale en Recherche Agronomique pour le D&#xE9;veloppement, Unit&#xE9; Mixte de Recherche Peuplements V&#xE9;g&#xE9;taux et Bioagresseurs en Milieu Tropical, Saint-Pierre, La R&#xE9;union
5881003	Martin_Kaltenpoth	Department for Evolutionary Ecology, Institute of Organismic and Molecular Evolution, Johannes Gutenberg University Mainz, Mainz, Germany
5881003	Monika_Hilker	Institute of Biology, Freie Universit&#xE4;t Berlin, Berlin, Germany
5881003	Nina E._Fatouros	Biosystematics Group, Wageningen University and Research, Wageningen, Netherlands
5865527	Eden W_McQueen	Department of Biological Sciences, University of Pittsburgh, Langley Hall, Pittsburgh, PA
5865527	Nathan I_Morehouse	Department of Biological Sciences, University of Pittsburgh, Langley Hall, Pittsburgh, PA
5838081	Alison R._Gerken	1Agricultural Research ServiceCenter for Grain and Animal Health ResearchUSDAManhattanKSUSA
5838081	James F._Campbell	1Agricultural Research ServiceCenter for Grain and Animal Health ResearchUSDAManhattanKSUSA
5736211	Vincent_Jacob	Institute of Ecology and Environmental Sciences, INRA, route de St Cyr, Versailles, France
5736211	Christelle_Monsemp&#xE8;s	Institute of Ecology and Environmental Sciences, INRA, route de St Cyr, Versailles, France
5736211	Jean-Pierre_Rospars	Institute of Ecology and Environmental Sciences, INRA, route de St Cyr, Versailles, France
5736211	Jean-Baptiste_Masson	Decision and Bayesian Computation, Pasteur Institute, CNRS UMR 3571, 25-28 rue du Dr Roux, 75015 Paris, France
5736211	Philippe_Lucas	Institute of Ecology and Environmental Sciences, INRA, route de St Cyr, Versailles, France
5712413	Ewa_Chrostek	Department of Vector Biology, Max Planck Institute for Infection Biology, Berlin, Germany
5712413	Kirsten_Pelz-Stelinski	Department of Entomology and Nematology, University of Florida, Gainesville, FL, United States
5712413	Gregory D. D._Hurst	Institute of Integrative Biology, University of Liverpool, Liverpool, United Kingdom
5712413	Grant L._Hughes	Department of Pathology, Institute for Human Infections and Immunity, Center for Biodefense and Emerging Infectious Disease, Center for Tropical Diseases, University of Texas Medical Branch, Galveston, TX, United States
5679636	Alice_Charalabidis	Agro&#xE9;cologie, AgroSup Dijon, INRA, Universit&#xE9; de Bourgogne Franche-Comt&#xE9;, Dijon, France
5679636	Fran&#xE7;ois-Xavier_Dechaume-Moncharmont	Universit&#xE9; de Bourgogne Franche-Comt&#xE9;, UMR CNRS 6282 Biog&#xE9;osciences, Evolutionary Ecology group, Dijon, France
5679636	Sandrine_Petit	Agro&#xE9;cologie, AgroSup Dijon, INRA, Universit&#xE9; de Bourgogne Franche-Comt&#xE9;, Dijon, France
5679636	David A._Bohan	Agro&#xE9;cologie, AgroSup Dijon, INRA, Universit&#xE9; de Bourgogne Franche-Comt&#xE9;, Dijon, France
5619704	Genevi&#xE8;ve_Lanouette	Institut de recherche et de d&#xE9;veloppement en agroenvironnement, Saint-Bruno-de-Montarville, Qu&#xE9;bec, Canada
5619704	Jacques_Brodeur	Institut de recherche en biologie v&#xE9;g&#xE9;tale, Universit&#xE9; de Montr&#xE9;al, Montr&#xE9;al, Qu&#xE9;bec, Canada
5619704	Fran&#xE7;ois_Fournier	Coll&#xE8;ge Montmorency, Laval, Qu&#xE9;bec, Canada
5619704	V&#xE9;ronique_Martel	Centre de foresterie des Laurentides, Ressources naturelles Canada, Qu&#xE9;bec, Qu&#xE9;bec, Canada
5619704	Marc_Vreysen	Insect Pest Control Laboratory, Joint FAO/IAEA Division of Nuclear Techniques in Food and Agriculture, Seibersdorf, Austria
5619704	Carlos_C&#xE1;ceres	Insect Pest Control Laboratory, Joint FAO/IAEA Division of Nuclear Techniques in Food and Agriculture, Seibersdorf, Austria
5619704	Annabelle_Firlej	Institut de recherche et de d&#xE9;veloppement en agroenvironnement, Saint-Bruno-de-Montarville, Qu&#xE9;bec, Canada
5600175	Isabelle_Amat	UMR CNRS 5558 Biom&#xE9;trie et Biologie Evolutive, Univ Lyon; Universit&#xE9; Claude Bernard (Lyon I),  Villeurbanne, France
5600175	Jacques J.M._van Alphen	IBED, University of Amsterdam, Amsterdam, Netherlands
5600175	Alex_Kacelnik	Department of Zoology, University of Oxford, Oxford, United Kingdom
5600175	Emmanuel_Desouhant	UMR CNRS 5558 Biom&#xE9;trie et Biologie Evolutive, Univ Lyon; Universit&#xE9; Claude Bernard (Lyon I),  Villeurbanne, France
5600175	Carlos_Bernstein	UMR CNRS 5558 Biom&#xE9;trie et Biologie Evolutive, Univ Lyon; Universit&#xE9; Claude Bernard (Lyon I),  Villeurbanne, France
5555468	Kevin J._Emerson	Department of Biology, St. Mary&#x2019;s College of Maryland, Maryland 20686-3001
5555468	Robert L._Glaser	Wadsworth Center, New York State Department of Health, Albany, New York 12201-0509
5457428	Masatoshi_Hori	0000 0001 2248 6943grid.69566.3aGraduate School of Agricultural Science, Tohoku University, Sendai, 980-0845 Japan 
5457428	Ayako_Suzuki	0000 0001 2248 6943grid.69566.3aGraduate School of Agricultural Science, Tohoku University, Sendai, 980-0845 Japan 
5447182	James L._Crainey	Laborat&#xF3;rio de Ecologia de Doen&#xE7;as Transmiss&#xED;veis na Amaz&#xF4;nia, Funda&#xE7;&#xE3;o Oswaldo Cruz, Instituto Le&#xF4;nidas e Maria Deane        Manaus, Brazil      
5447182	Jacob_Hurst	Oxford Martin School, Institute for Emerging Infections, University of Oxford        Oxford, UK      
5447182	Poppy H. L._Lamberton	Institute of Biodiversity, Animal Health and Comparative Medicine, Wellcome Centre for Molecular Parasitology, University of Glasgow        Glasgow, UK      
5447182	Robert A._Cheke	Natural Resources Institute, University of Greenwich at Medway        Chatham, UK      
5447182	Claire E._Griffin	Core Research Laboratories Department, Molecular Biology Laboratories Division, Natural History Museum        London, UK      
5447182	Michael D._Wilson	Noguchi Memorial Institute for Medical Research, University of Ghana        Accra, Ghana      
5447182	Cl&#xE1;udia P. Mendes_de Ara&#xFA;jo	Laborat&#xF3;rio de Ecologia de Doen&#xE7;as Transmiss&#xED;veis na Amaz&#xF4;nia, Funda&#xE7;&#xE3;o Oswaldo Cruz, Instituto Le&#xF4;nidas e Maria Deane        Manaus, Brazil      
5447182	Mar&#xED;a-Gloria_Bas&#xE1;&#xF1;ez	Department of Infectious Disease Epidemiology, Faculty of Medicine (St Mary's campus), London Centre for Neglected Tropical Disease Research, School of Public Health, Imperial College London        London, UK      
5447182	Rory J._Post	School of Natural Sciences and Psychology, Liverpool John Moores University        Liverpool, UK      
5352810	Janis_Antonovics	Department of Biology, University of Virginia, Charlottesville, VA 22904, USA
5352810	Anthony J._Wilson	Integrative Entomology group, Vector-borne Viral Diseases programme, The Pirbright Institute, Pirbright GU24 0NF, UK
5352810	Mark R._Forbes	Department of Biology, Carleton University, 1125 Colonel By Drive, Ottawa, Ontario, CanadaK1S 5B7
5352810	Heidi C._Hauffe	Department of Biodiversity and Molecular Ecology, Research and Innovation Centre, Fondazione Edmund Mach, Via E. Mach 1, 38010 S. Michele all'Adige, Trentino, Italy
5352810	Eva R._Kallio	Department of Biological and Environmental Science, University of Jyvaskyla, PO Box 35, 40014 Jyvaskyla, Finland
5352810	Helen C._Leggett	Department of Genetics, University of Cambridge, Cambridge CB2 3EH, UK
5352810	Ben_Longdon	Centre for Ecology and Conservation, University of Exeter, Penryn Campus, Cornwall TR10 9FE, UK
5352810	Beth_Okamura	Department of Life Sciences, Natural History Museum, Cromwell Road, London SW5 7BD, UK
5352810	Steven M._Sait	School of Biology, University of Leeds, Leeds LS2 9JT, UK
5352810	Joanne P._Webster	Department of Pathology and Pathogen Biology, Centre for Emerging, Endemic and Exotic Diseases, Royal Veterinary College, University of London, London AL9 7TA, UK
5364347	Shao-Jian_Li	Department of Entomology, Key Laboratory of Bio-Pesticide Innovation and Application, South China Agricultural University, Guangzhou, China
5364347	Muhammad Z_Ahmed	Department of Entomology, Key Laboratory of Bio-Pesticide Innovation and Application, South China Agricultural University, Guangzhou, China
5364347	Ning_Lv	Department of Entomology, Key Laboratory of Bio-Pesticide Innovation and Application, South China Agricultural University, Guangzhou, China
5364347	Pei-Qiong_Shi	Department of Entomology, Key Laboratory of Bio-Pesticide Innovation and Application, South China Agricultural University, Guangzhou, China
5364347	Xing-Min_Wang	Department of Entomology, Key Laboratory of Bio-Pesticide Innovation and Application, South China Agricultural University, Guangzhou, China
5364347	Ji-Lei_Huang	Instrumental Analysis and Research Center, South China Agricultural University, Guangzhou, China
5364347	Bao-Li_Qiu	Department of Entomology, Key Laboratory of Bio-Pesticide Innovation and Application, South China Agricultural University, Guangzhou, China
5131614	Matthew E._Staymates	Material Measurement Laboratory, National Institute of Standards and Technology, Gaithersburg, MD 20899, USA
5131614	William A._MacCrehan	Material Measurement Laboratory, National Institute of Standards and Technology, Gaithersburg, MD 20899, USA
5131614	Jessica L._Staymates	Material Measurement Laboratory, National Institute of Standards and Technology, Gaithersburg, MD 20899, USA
5131614	Roderick R._Kunz	Chemical, Microsystem, and Nanoscale Technologies, Massachusetts Institute of Technology Lincoln Laboratory, Lexington, MA 02421, USA
5131614	Thomas_Mendum	Chemical, Microsystem, and Nanoscale Technologies, Massachusetts Institute of Technology Lincoln Laboratory, Lexington, MA 02421, USA
5131614	Ta-Hsuan_Ong	Chemical, Microsystem, and Nanoscale Technologies, Massachusetts Institute of Technology Lincoln Laboratory, Lexington, MA 02421, USA
5131614	Geoffrey_Geurtsen	Chemical, Microsystem, and Nanoscale Technologies, Massachusetts Institute of Technology Lincoln Laboratory, Lexington, MA 02421, USA
5131614	Greg J._Gillen	Material Measurement Laboratory, National Institute of Standards and Technology, Gaithersburg, MD 20899, USA
5131614	Brent A._Craven	Division of Applied Mechanics, Office of Science and Engineering Laboratories, Center for Devices and Radiological Health, U.S. Food and Drug Administration, Silver Spring, MD 20993, USA.
4919910	Neus_Mar&#xED;-Mena	Department of Molecular and Cell Biology, Evolutionary Biology Group (GIBE), Universidade da Coru&#xF1;a, A Fraga 10, E-15008 A Coru&#xF1;a, Spain 
4919910	Carlos_Lopez-Vaamonde	INRA, UR633 Zoologie Foresti&#xE8;re, F-45075 Orl&#xE9;ans, France 
4919910	Horacio_Naveira	Department of Molecular and Cell Biology, Evolutionary Biology Group (GIBE), Universidade da Coru&#xF1;a, A Fraga 10, E-15008 A Coru&#xF1;a, Spain 
4919910	Marie-Anne_Auger-Rozenberg	INRA, UR633 Zoologie Foresti&#xE8;re, F-45075 Orl&#xE9;ans, France 
4919910	Marta_Vila	Department of Molecular and Cell Biology, Evolutionary Biology Group (GIBE), Universidade da Coru&#xF1;a, A Fraga 10, E-15008 A Coru&#xF1;a, Spain 
4931438	Yan_Yan	Department of Entomology, China Agricultural University, Beijing 100193, China; 
4931438	Scott B._Williams	Department of Entomology, Purdue University, West Lafayette, IN 47907, USA;  (L.L.M.)
4931438	Dieudonne_Baributsa	Department of Entomology, Purdue University, West Lafayette, IN 47907, USA;  (L.L.M.)
4931438	Larry L._Murdock	Department of Entomology, Purdue University, West Lafayette, IN 47907, USA;  (L.L.M.)
4882834	Muhammad Z._Ahmed	Florida Museum of Natural History, University of Florida, Gainesville, FL 32611 USA 
4882834	Jesse W._Breinholt	Florida Museum of Natural History, University of Florida, Gainesville, FL 32611 USA 
4882834	Akito Y._Kawahara	Florida Museum of Natural History, University of Florida, Gainesville, FL 32611 USA 
4808784	Kishan R._Sambaraju	Department of Entomology and Plant Pathology, Oklahoma State University, Stillwater, OK 74078, USA;  (T.W.P.)
4808784	Sarah L._Donelson	Department of Entomology and Plant Pathology, Oklahoma State University, Stillwater, OK 74078, USA;  (T.W.P.)
4808784	Janko_Bozic	Department of Biology, University of Ljubljana, Ljubljana 1000, Slovenia; 
4808784	Thomas W._Phillips	Department of Entomology and Plant Pathology, Oklahoma State University, Stillwater, OK 74078, USA;  (T.W.P.)
4669914	Brian G._Scholtens	BGS, Biology Department, College of Charleston, Charleston, SC, USA 29424
4669914	M. Alma_Solis	MAS, Systematic Entomology Laboratory, USDA, National Museum of Natural History, P.O. Box 37012, MRC 168, Washington, DC USA 20013-7012
4797378	Amanda_Bretman	School of Biology, University of Leeds, Manton Building, Leeds LS2 9JT, UK,
4797378	Claudia_Fricke	Institute for Evolution and Biodiversity, University of Muenster, Huefferstr. 1, 48149 Muenster, Germany, and
4797378	James D._Westmancoat	School of Biological Sciences, University of East Anglia, Norwich Research Park, Norwich NR4 7TJ, UK
4797378	Tracey_Chapman	School of Biological Sciences, University of East Anglia, Norwich Research Park, Norwich NR4 7TJ, UK
4672206	M._Husain	Economic Entomology Research Unit, Department of Plant Protection, College of Food and Agriculture Sciences, King Saud University, Riyadh, Saudi Arabia, P.O. Box 2460, Riyadh 11451
4672206	Khawaja G._Rasool	Economic Entomology Research Unit, Department of Plant Protection, College of Food and Agriculture Sciences, King Saud University, Riyadh, Saudi Arabia, P.O. Box 2460, Riyadh 11451
4672206	Muhammad_Tufail	Economic Entomology Research Unit, Department of Plant Protection, College of Food and Agriculture Sciences, King Saud University, Riyadh, Saudi Arabia, P.O. Box 2460, Riyadh 11451
4672206	Abdullah M. A._Alhamdan	Director of Chair of Dates Industry &amp; Technology, College of Food and Agriculture Sciences, King Saud University, Riyadh, Saudi Arabia, P.O. Box 2460, Riyadh 11451
4672206	Khalid_Mehmood	Economic Entomology Research Unit, Department of Plant Protection, College of Food and Agriculture Sciences, King Saud University, Riyadh, Saudi Arabia, P.O. Box 2460, Riyadh 11451
4672206	Abdulrahman S._Aldawood	Economic Entomology Research Unit, Department of Plant Protection, College of Food and Agriculture Sciences, King Saud University, Riyadh, Saudi Arabia, P.O. Box 2460, Riyadh 11451
4561566	Ary A_Hoffmann	UNKNOWN
4561566	Perran A_Ross	UNKNOWN
4561566	Gordana_Ra&#x161;i&#x107;	UNKNOWN
4506583	Binu_Antony	Department of Plant Protection, King Saud University, Chair of Date Palm Research, College of Food and Agricultural Sciences, Riyadh, 11451 Saudi Arabia 
4506583	Alan_Soffan	Department of Plant Protection, King Saud University, Chair of Date Palm Research, College of Food and Agricultural Sciences, Riyadh, 11451 Saudi Arabia 
4506583	Jernej_Jak&#x161;e	Agronomy Department, University of Ljubljana, Biotechnical Faculty, SI-1000 Ljubljana, Slovenia 
4506583	Sulieman_Alfaifi	Department of Plant Protection, King Saud University, Chair of Date Palm Research, College of Food and Agricultural Sciences, Riyadh, 11451 Saudi Arabia 
4506583	Koko D._Sutanto	Department of Plant Protection, King Saud University, Chair of Date Palm Research, College of Food and Agricultural Sciences, Riyadh, 11451 Saudi Arabia 
4506583	Saleh A._Aldosari	Department of Plant Protection, King Saud University, Chair of Date Palm Research, College of Food and Agricultural Sciences, Riyadh, 11451 Saudi Arabia 
4506583	Abdulrahman S._Aldawood	Department of Plant Protection, King Saud University, EERU, Riyadh, Saudi Arabia 
4506583	Arnab_Pain	BASE Division, KAUST, Thuwal, Jeddah, 23955-6900 Saudi Arabia 
4488349	Xinda_Lin	College of Life Sciences, China Jiliang University, Hangzhou, Zhejiang, China
4488349	Qinhui_Zhang	Institute of Health &amp; Environmental Ecology, Wenzhou Medical University, Wenzhou, Zhejiang, China
4488349	Zhongnan_Wu	Institute of Health &amp; Environmental Ecology, Wenzhou Medical University, Wenzhou, Zhejiang, China
4488349	Yongjun_Du	Institute of Health &amp; Environmental Ecology, Wenzhou Medical University, Wenzhou, Zhejiang, China
4424511	Daniel_Gr&#xFC;nbaum	School of Oceanography, University of Washington, Seattle, 98195-7940 WA USA 
4424511	Mark A_Willis	Department of Biology, Case Western Reserve University, Cleveland, 44106 OH USA 
4413987	Hilaria E_Amuzu	School of Biological Sciences, Monash University, Clayton, Melbourne, Victoria Australia 
4413987	Cameron P_Simmons	Department of Microbiology and Immunology, University of Melbourne, Parkville, Melbourne, Victoria Australia 
4413987	Elizabeth A_McGraw	School of Biological Sciences, Monash University, Clayton, Melbourne, Victoria Australia 
4323108	Ewa_Chrostek	Instituto Gulbenkian de Ci&#xEA;ncia, Oeiras, Portugal
4323108	Luis_Teixeira	Instituto Gulbenkian de Ci&#xEA;ncia, Oeiras, Portugal
4260232	Masatoshi_Hori	Graduate School of Agricultural Science, Tohoku University, Sendai 981-8555, Japan
4260232	Kazuki_Shibuya	Graduate School of Agricultural Science, Tohoku University, Sendai 981-8555, Japan
4260232	Mitsunari_Sato	Graduate School of Agricultural Science, Tohoku University, Sendai 981-8555, Japan
4260232	Yoshino_Saito	Graduate School of Agricultural Science, Tohoku University, Sendai 981-8555, Japan
4150536	Hosseinali_Asgharian	Program in Molecular and Computational Biology, Department of Biological Sciences, University of Southern California        Los Angeles, CA, USA      
4150536	Peter L._Chang	Program in Molecular and Computational Biology, Department of Biological Sciences, University of Southern California        Los Angeles, CA, USA      
4150536	Peter J._Mazzoglio	DISAFA - Department of Agricultural, Forest and Food Sciences, University of Torino        Grugliasco (TO), Italy      
4150536	Ilaria_Negri	DISAFA - Department of Agricultural, Forest and Food Sciences, University of Torino        Grugliasco (TO), Italy      
4222317	Peng_Dai	Engineering Research Center of Natural Enemy Insects, Institute of Biological Control, Jilin Agricultural University, Changchun, Jilin 130118, China
4222317	Changchun_Ruan	Engineering Research Center of Natural Enemy Insects, Institute of Biological Control, Jilin Agricultural University, Changchun, Jilin 130118, China
4222317	Liansheng_Zang	Engineering Research Center of Natural Enemy Insects, Institute of Biological Control, Jilin Agricultural University, Changchun, Jilin 130118, China
4222317	Fanghao_Wan	Key Laboratory for Biology of Plant Disease and Insect Pests, Institute of Plant Protection, Chinese Academy of Agricultural Sciences, Beijing 100094, China
4222317	Linzhou_Liu	Engineering Research Center of Natural Enemy Insects, Institute of Biological Control, Jilin Agricultural University, Changchun, Jilin 130118, China
4212863	Linda C._Hern&#xE1;ndez Duran	Departamento de entomolog&#xED;a, Centro de Bio-Sistemas Universidad Jorge Tadeo Lozano
4212863	Gonzalo E._Fajardo Medina	Facultad de ciencias biol&#xF3;gicas e ingenier&#xED;a, Universidad Jorge Tadeo Lozano
4212863	Luz S._Fuentes Quinter	Facultad de ciencias biol&#xF3;gicas e ingenier&#xED;a, Universidad Jorge Tadeo Lozano
4212863	Oliver_Martin	UNKNOWN
4126688	Christos G._Athanassiou	Laboratory of Entomology and Agricultural Zoology, Department of Agriculture, Crop Production and Rural Development, University of Thessaly, Nea Ionia Magnissia, Greece
4126688	Nickolas G._Kavallieratos	Laboratory of Agricultural Entomology, Department of Entomology and Agricultural Zoology, Benaki Phytopathological Institute, Kifissia, Attica, Greece
4126688	James E._Throne	USDA-ARS, Center for Grain and Animal Health Research, Manhattan, Kansas, United States of America
4126688	Christos T._Nakas	Laboratory of Biometry, Department of Agriculture, Crop Production and Rural Development, University of Thessaly, Nea Ionia Magnissia, Greece
4046930	Georgios_Koutsovoulos	Institute of Evolutionary Biology, The University of Edinburgh, Edinburgh, United Kingdom      
4046930	Benjamin_Makepeace	Institute of Infection and Global Health, The University of Liverpool, Liverpool, United Kingdom      
4046930	Vincent N._Tanya	Institut de Recherche Agricole pour le D&#xE9;veloppement, Regional Centre of Wakwa, Ngaound&#xE9;r&#xE9;, Adamawa Region, Cameroon      
4046930	Mark_Blaxter	Institute of Evolutionary Biology, The University of Edinburgh, Edinburgh, United Kingdom      
3994112	Emile_van Lieshout	Centre for Evolutionary Biology, School of Animal Biology (M092), University of Western Australia, Crawley, Australia
3994112	Kathryn B._McNamara	Centre for Evolutionary Biology, School of Animal Biology (M092), University of Western Australia, Crawley, Australia
3994112	Leigh W._Simmons	Centre for Evolutionary Biology, School of Animal Biology (M092), University of Western Australia, Crawley, Australia
4007636	Nooria_Al-Wathiqui	Department of Biology, Tufts University, Medford, MA 02155 USA 
4007636	Sara M_Lewis	Department of Biology, Tufts University, Medford, MA 02155 USA 
4007636	Erik B_Dopman	Department of Biology, Tufts University, Medford, MA 02155 USA 
3897680	Andrew S._French	Department of Physiology and Biophysics, Dalhousie University, Halifax, Nova Scotia, Canada
3897680	Shannon_Meisner	Department of Physiology and Biophysics, Dalhousie University, Halifax, Nova Scotia, Canada
3897680	Chih-Ying_Su	Neurobiology Section, Division of Biological Sciences, University of California San Diego, La Jolla, California, United States of America
3897680	P&#xE4;ivi H._Torkkeli	Department of Physiology and Biophysics, Dalhousie University, Halifax, Nova Scotia, Canada
4207523	Terrence D._Fitzgerald	Department of Biological Sciences, State University of New York at Cortland, Cortland, NY 13045, USA
4207523	Michael_Wolfin	Department of Chemistry, State University of New York at Cortland, Cortland, NY 13045, USA
4207523	Frank_Rossi	Department of Chemistry, State University of New York at Cortland, Cortland, NY 13045, USA
4207523	James E._Carpenter	James Carpenter, U.S. Department of Agriculture Research Service, Crop Protection and Research Laboratory, Tifton, Georgia, USA
4207523	Alfonso_Pescador-Rubio	Centro Universitario de Investigaci&#xF3;n y Desarrollo Agropecuario, Universidad de Colima, Tecom&#xE1;n 28100, Colima, M&#xE9;xico
3836951	Kevin C._Daly	Department of Biology, West Virginia University, Morgantown, West Virginia, United States of America 
3836951	Faizan_Kalwar	Department of Biology, West Virginia University, Morgantown, West Virginia, United States of America 
3836951	Mandy_Hatfield	Department of Biology, West Virginia University, Morgantown, West Virginia, United States of America 
3836951	Erich_Staudacher	Department of Biology, West Virginia University, Morgantown, West Virginia, United States of America 
3836951	Samual P._Bradley	Department of Biology, West Virginia University, Morgantown, West Virginia, United States of America 
4014044	Matthew J. W._Cock	CABI E-UK, Bakeham Lane, Egham, TW20 9TY, UK
3688942	Jean-Fran&#xE7;ois_Lema&#xEE;tre	Universit&#xE9; de Lyon, Lyon; Universit&#xE9; Lyon 1; CNRS UMR5558, Laboratoire de Biom&#xE9;trie et Biologie Evolutive, Villeurbanne, France
3688942	Jean-Michel_Gaillard	Universit&#xE9; de Lyon, Lyon; Universit&#xE9; Lyon 1; CNRS UMR5558, Laboratoire de Biom&#xE9;trie et Biologie Evolutive, Villeurbanne, France
3642193	Jeroen_Spitzen	Laboratory of Entomology, Wageningen University, Wageningen, The Netherlands
3642193	Cornelis W._Spoor	Experimental Zoology Group, Wageningen University, Wageningen, The Netherlands
3642193	Fabrizio_Grieco	Noldus Information Technology BV, Wageningen, The Netherlands
3642193	Cajo_ter Braak	Biometris, Department of Mathematical and Statistical Methods, Wageningen UR, Wageningen, The Netherlands
3642193	Jacob_Beeuwkes	Laboratory of Entomology, Wageningen University, Wageningen, The Netherlands
3642193	Sjaak P._van Brugge	Facility Services, Wageningen University, Wageningen, The Netherlands
3642193	Sander_Kranenbarg	Experimental Zoology Group, Wageningen University, Wageningen, The Netherlands
3642193	Lucas P. J. J._Noldus	Noldus Information Technology BV, Wageningen, The Netherlands
3642193	Johan L._van Leeuwen	Experimental Zoology Group, Wageningen University, Wageningen, The Netherlands
3642193	Willem_Takken	Laboratory of Entomology, Wageningen University, Wageningen, The Netherlands
3584945	Andrew P_Turley	The School of Biological Sciences, Monash University, Clayton, Vic, 3800, Australia
3584945	Myron P_Zalucki	The School of Biological Sciences, The University of Queensland, Brisbane, Qld, 4072, Australia
3584945	Scott L_O&#x2019;Neill	The School of Biological Sciences, Monash University, Clayton, Vic, 3800, Australia
3584945	Elizabeth A_McGraw	The School of Biological Sciences, Monash University, Clayton, Vic, 3800, Australia
3561155	Lin_Chen	Department of Pathogen Biology, Nanjing Medical University, Nanjing, Jiangsu, P. R. China
3561155	Changliang_Zhu	Department of Pathogen Biology, Nanjing Medical University, Nanjing, Jiangsu, P. R. China
3561155	Donghui_Zhang	Department of Pathogen Biology, Nanjing Medical University, Nanjing, Jiangsu, P. R. China
3605841	Nils_Cordes	Evolutionary Biology, Bielefeld University          Morgenbreede 45, 33615, Bielefeld, Germany        
3605841	Arzu_Yi&#x11F;it	Evolutionary Biology, Bielefeld University          Morgenbreede 45, 33615, Bielefeld, Germany        
3605841	Leif_Engqvist	Evolutionary Biology, Bielefeld University          Morgenbreede 45, 33615, Bielefeld, Germany        
3605841	Tim_Schmoll	Evolutionary Biology, Bielefeld University          Morgenbreede 45, 33615, Bielefeld, Germany        
3498290	Lourdes_Mu&#xF1;oz	Department of Biological Chemistry and Molecular Modeling, IQAC (CSIC), Barcelona, Spain
3498290	Nikolay_Dimov	Mesoscale Chemical Systems, MESA+ Institute for Nanotechnology, University of Twente, Enschede, The Netherlands
3498290	Gerard_Carot-Sans	Department of Biological Chemistry and Molecular Modeling, IQAC (CSIC), Barcelona, Spain
3498290	Wojciech P._Bula	Mesoscale Chemical Systems, MESA+ Institute for Nanotechnology, University of Twente, Enschede, The Netherlands
3498290	Angel_Guerrero	Department of Biological Chemistry and Molecular Modeling, IQAC (CSIC), Barcelona, Spain
3498290	Han J. G. E._Gardeniers	Mesoscale Chemical Systems, MESA+ Institute for Nanotechnology, University of Twente, Enschede, The Netherlands
4553566	Jorge_Cancino	Programa Moscafrut SAGARPA-IICA, Camino a los Cacahoatales S/N, 30860, Metapa de Dom&#xED;nguez, Chiapas, Mexico; E-Mail: 
4553566	L&#xED;a_Ru&#xED;z	Programa Moscafrut SAGARPA-IICA, Camino a los Cacahoatales S/N, 30860, Metapa de Dom&#xED;nguez, Chiapas, Mexico; E-Mail: 
4553566	Mariana_Viscarret	Insectario de Investigaciones para Lucha Biol&#xF3;gica, Instituto de Microbiolog&#xED;a y Zoolog&#xED;a CICVyA, INTA, Castelar, 1712 Buenos Aires, Argentina; E-Mail: 
4553566	John_Sivinski	Center for Medical, Agricultural and Veterinary Entomology, Gainesville, FL 32608, USA; E-Mail: 
4553566	Jorge_Hendrichs	Joint FAO/IAEA Division of Nuclear Techniques in Food and Agriculture, A-1400 Vienna, Austria; E-Mail: 
3557208	Robert I_Graham	Lancaster Environment Centre, Lancaster University, Lancaster, LA1 4YQ, UK
3557208	Kenneth_Wilson	Lancaster Environment Centre, Lancaster University, Lancaster, LA1 4YQ, UK
3577112	Patricia_Lucas-El&#xED;o	Department of Genetics and Microbiology, Regional Campus of International Excellence &#x201C;Campus Mare Nostrum&#x201D;,University of Murcia, Murcia, Spain
3577112	Lynne_Goodwin	DOE Joint Genome Institute, Walnut Creek, California, USA.
3577112	Tanja_Woyke	DOE Joint Genome Institute, Walnut Creek, California, USA.
3577112	Sam_Pitluck	DOE Joint Genome Institute, Walnut Creek, California, USA.
3577112	Matt_Nolan	DOE Joint Genome Institute, Walnut Creek, California, USA.
3577112	Nikos C._Kyrpides	DOE Joint Genome Institute, Walnut Creek, California, USA.
3577112	Janine C._Detter	DOE Joint Genome Institute, Walnut Creek, California, USA.
3577112	Alex_Copeland	DOE Joint Genome Institute, Walnut Creek, California, USA.
3577112	Megan_Lu	Los Alamos National Laboratory, Bioscience Division, Los Alamos, New Mexico, USA
3577112	David_Bruce	Los Alamos National Laboratory, Bioscience Division, Los Alamos, New Mexico, USA
3577112	Chris_Detter	Los Alamos National Laboratory, Bioscience Division, Los Alamos, New Mexico, USA
3577112	Roxanne_Tapia	Los Alamos National Laboratory, Bioscience Division, Los Alamos, New Mexico, USA
3577112	Shunsheng_Han	Los Alamos National Laboratory, Bioscience Division, Los Alamos, New Mexico, USA
3577112	Miriam L._Land	Oak Ridge National Laboratory, Oak Ridge, Tennessee, USA
3577112	Natalia_Ivanova	DOE Joint Genome Institute, Walnut Creek, California, USA.
3577112	Natalia_Mikhailova	DOE Joint Genome Institute, Walnut Creek, California, USA.
3577112	Andrew W. B._Johnston	School of Biological Sciences, University of East Anglia, Norwich Research Park, Norwich,UK
3577112	Antonio_Sanchez-Amat	Department of Genetics and Microbiology, Regional Campus of International Excellence &#x201C;Campus Mare Nostrum&#x201D;,University of Murcia, Murcia, Spain
3434148	Denis_Limousin	Centre National de la Recherche Scientifique (CNRS), UMR 7261 (IRBI), Universit&#xE9; Fran&#xE7;ois Rabelais de Tours, Parc de Grandmont, Tours, France
3434148	R&#xE9;jane_Streiff	Institut National de la Recherche Agronomique (INRA), UMR CBGP (INRA &#x2013; IRD &#x2013; CIRAD &#x2013; Montpellier SupAgro), Campus International de Baillarguet, CS 30016, Montferrier sur Lez, France
3434148	Brigitte_Courtois	Centre International de Recherches en Agronomie pour le D&#xE9;veloppement (CIRAD), UMR AGAP, Montpellier, France
3434148	Virginie_Dupuy	Institut National de la Recherche Agronomique (INRA), UMR CBGP (INRA &#x2013; IRD &#x2013; CIRAD &#x2013; Montpellier SupAgro), Campus International de Baillarguet, CS 30016, Montferrier sur Lez, France
3434148	Sylvain_Alem	Centre National de la Recherche Scientifique (CNRS), UMR 7261 (IRBI), Universit&#xE9; Fran&#xE7;ois Rabelais de Tours, Parc de Grandmont, Tours, France
3434148	Michael D._Greenfield	Centre National de la Recherche Scientifique (CNRS), UMR 7261 (IRBI), Universit&#xE9; Fran&#xE7;ois Rabelais de Tours, Parc de Grandmont, Tours, France
3593704	J.A._Valadez-Lira	1Departamento de Microbiolog&#xED;a e Inmunologia, Facultad de Ciencias Biol&#xF3;gicas, Universidad Aut&#xF3;noma de Nuevo Le&#xF3;n, M&#xE9;xico
3593704	J.M._Alcocer-Gonzalez	1Departamento de Microbiolog&#xED;a e Inmunologia, Facultad de Ciencias Biol&#xF3;gicas, Universidad Aut&#xF3;noma de Nuevo Le&#xF3;n, M&#xE9;xico
3593704	G._Damas	1Departamento de Microbiolog&#xED;a e Inmunologia, Facultad de Ciencias Biol&#xF3;gicas, Universidad Aut&#xF3;noma de Nuevo Le&#xF3;n, M&#xE9;xico
3593704	G._Nu&#xF1;ez-Mej&#xED;a	1Departamento de Microbiolog&#xED;a e Inmunologia, Facultad de Ciencias Biol&#xF3;gicas, Universidad Aut&#xF3;noma de Nuevo Le&#xF3;n, M&#xE9;xico
3593704	B._Oppert	2USDA-ARS, Center for Grain and Animal Health Research, 1515 College Ave., Manhattan, Kansas, USA
3593704	C._Rodriguez-Padilla	1Departamento de Microbiolog&#xED;a e Inmunologia, Facultad de Ciencias Biol&#xF3;gicas, Universidad Aut&#xF3;noma de Nuevo Le&#xF3;n, M&#xE9;xico
3593704	P._Tamez-Guerra	1Departamento de Microbiolog&#xED;a e Inmunologia, Facultad de Ciencias Biol&#xF3;gicas, Universidad Aut&#xF3;noma de Nuevo Le&#xF3;n, M&#xE9;xico
3338635	Paul_Szyszka	Department of Biology, University of Konstanz, Konstanz, Germany
3338635	Jacob S._Stierle	Department of Biology, University of Konstanz, Konstanz, Germany
3338635	Stephanie_Biergans	Department of Biology, University of Konstanz, Konstanz, Germany
3338635	C. Giovanni_Galizia	Department of Biology, University of Konstanz, Konstanz, Germany
3431249	Didier_Bouchon	Ecologie, Evolution, Symbiose, UMR CNRS 6556, Universit&#xE9; de Poitiers, Poitiers, 86022, France
3431249	Chao_Liu	Department of Biology, University of Copenhagen, Copenhagen, 2200 N, Denmark
3431249	Lanming_Chen	Department of Biology, University of Copenhagen, Copenhagen, 2200 N, Denmark
3431249	Roger A_Garrett	Department of Biology, University of Copenhagen, Copenhagen, 2200 N, Denmark
3431249	Pierre_Gr&#xE8;ve	Ecologie, Evolution, Symbiose, UMR CNRS 6556, Universit&#xE9; de Poitiers, Poitiers, 86022, France
4553626	Sara L._Goodacre	School of Biology, University of Nottingham, NG7 2RD, UK
4553626	Oliver Y._Martin	ETH Zurich, Experimental Ecology, Institute for Integrative Biology, Universit&#xE4;tsstrasse 16, CH-8092 Zurich, Switzerland; E-Mail: 
3287510	Vera I D _Ros	Evolutionary Biology, Institute for Biodiversity and Ecosystem Dynamics, University of Amsterdam, Amsterdam, the Netherlands
3287510	Vicki M _Fleming	Department of Biology and Biochemistry, University of Bath, Bath, UK
3287510	Edward J _Feil	Department of Biology and Biochemistry, University of Bath, Bath, UK
3287510	Johannes A J _Breeuwer	Evolutionary Biology, Institute for Biodiversity and Ecosystem Dynamics, University of Amsterdam, Amsterdam, the Netherlands
3268771	Joseph E_Ironside	Institute of Biological, Environmental and Rural Sciences, Aberystwyth University, Aberystwyth, Ceredigion SY23 3DA, UK
3268771	Judith E_Smith	University of Salford, Salford, Greater Manchester M5 4WT, UK
3268771	Melanie J_Hatcher	School of Biological Sciences, University of Bristol, Woodland Road, Bristol BS8 1UG, UK
3268771	Alison M_Dunn	Institute of Integrative and Comparative Biology, Faculty of Biological Science, University of Leeds, Leeds LS2 9JT, UK
3235987	Jennifer A_Biliske	Department of Biological Sciences University of Alberta CW 403 Biological Sciences Building Edmonton, Alberta T6G 2E9, Canada
3235987	Philip D_Batista	Department of Biological Sciences University of Alberta CW 403 Biological Sciences Building Edmonton, Alberta T6G 2E9, Canada
3235987	Chantalle L_Grant	Department of Biology and Environmental Science Concordia University College of Alberta 7128 Ada Boulevard Edmonton, Alberta T5B 4E4, Canada
3235987	Harriet L_Harris	Department of Biological Sciences University of Alberta CW 403 Biological Sciences Building Edmonton, Alberta T6G 2E9, Canada
3184158	Ingolf P._Rick	Institute for Evolutionary Biology and Ecology, University of Bonn, Bonn, Germany
3184158	Marion_Mehlis	Institute for Evolutionary Biology and Ecology, University of Bonn, Bonn, Germany
3184158	Theo C. M._Bakker	Institute for Evolutionary Biology and Ecology, University of Bonn, Bonn, Germany
3281364	Huan-Na_Chai	1Institute of Applied Entomology, Yangzhou University, Yangzhou 225009, China
3281364	Yu-Zhou_Du	1Institute of Applied Entomology, Yangzhou University, Yangzhou 225009, China
3281364	Bao-Li_Qiu	2Department of Entomology, South China Agricultural University
3281364	Bao-Ping_Zhai	3Department of Entomology, Nanjing Agricultural University, Nanjing 210095, China
3173496	Bethany N._Kent	Department of Biological Sciences, Vanderbilt University, Nashville, Tennessee, United States of America
3173496	Lisa J._Funkhouser	Department of Biological Sciences, Vanderbilt University, Nashville, Tennessee, United States of America
3173496	Shefali_Setia	Department of Biological Sciences, Vanderbilt University, Nashville, Tennessee, United States of America
3173496	Seth R._Bordenstein	Department of Biological Sciences, Vanderbilt University, Nashville, Tennessee, United States of America
3068000	Bethany N._Kent	Department of Biological Sciences, Vanderbilt University
3068000	Leonidas_Salichos	Department of Biological Sciences, Vanderbilt University
3068000	John G._Gibbons	Department of Biological Sciences, Vanderbilt University
3068000	Antonis_Rokas	Department of Biological Sciences, Vanderbilt University
3068000	Irene L. G._Newton	Department of Biological Sciences, Wellesley College
3068000	Michael E._Clark	Department of Biology, University of Rochester
3068000	Seth R._Bordenstein	Department of Biological Sciences, Vanderbilt University
2900309	Tamsin M. O._Majerus	Institute of Genetics, Queens Medical Centre, University of Nottingham, Nottingham, United Kingdom
2900309	Michael E. N._Majerus	Department of Genetics, University of Cambridge, Cambridge, United Kingdom
2854572	Shreejoy J._Tripathy	Department of Biology, West Virginia University        Morgantown, WV, USA      
2854572	Oakland J._Peters	Department of Biology, West Virginia University        Morgantown, WV, USA      
2854572	Erich M._Staudacher	Department of Biology, West Virginia University        Morgantown, WV, USA      
2854572	Faizan R._Kalwar	Department of Biology, West Virginia University        Morgantown, WV, USA      
2854572	Mandy N._Hatfield	Department of Biology, West Virginia University        Morgantown, WV, USA      
2854572	Kevin C._Daly	Department of Biology, West Virginia University        Morgantown, WV, USA      
3011948	S_Iranipour	1Department of Plant Protection, Faculty of Agriculture, University of Tabriz, Tabriz, Iran
3011948	A_Farazmand	1Department of Plant Protection, Faculty of Agriculture, University of Tabriz, Tabriz, Iran
3011948	M_Saber	2Department of Plant Protection, Faculty of Agriculture, University of Maragheh, Maragheh, Iran
3011948	Jafarloo M_Mashhadi	3Agriculture and Natural Resource Research Center of East Azarbaidjan, Tabriz, Iran
2687775	Hong_Lei	ARL-Division of Neurobiology, University of Arizona, Tucson, AZ 85721-0077, USA
2687775	Jeffrey A_Riffell	ARL-Division of Neurobiology, University of Arizona, Tucson, AZ 85721-0077, USA
2687775	Stephanie L_Gage	ARL-Division of Neurobiology, University of Arizona, Tucson, AZ 85721-0077, USA
2687775	John G_Hildebrand	ARL-Division of Neurobiology, University of Arizona, Tucson, AZ 85721-0077, USA
2999453	Glenn P._Svenssona	1Department of Ecology, Lund University, SE-223 62 Lund, Sweden. Center for Sound Communication, Institute of Biology, University of Southern Denmark, DK-5230 Odense M, Denmark
2999453	Christer_L&#xF6;fstedt	1Department of Ecology, Lund University, SE-223 62 Lund, Sweden. Center for Sound Communication, Institute of Biology, University of Southern Denmark, DK-5230 Odense M, Denmark
2999453	Niels_Skals	1Department of Ecology, Lund University, SE-223 62 Lund, Sweden. Center for Sound Communication, Institute of Biology, University of Southern Denmark, DK-5230 Odense M, Denmark
2999462	S. I._Faruki	Department of Zoology, Rajshahi University Rajshahi, 6205, Bangladesh
2999462	D. R._Das	Department of Zoology, Rajshahi University Rajshahi, 6205, Bangladesh
2999462	A. R._Khan	Department of Zoology, Rajshahi University Rajshahi, 6205, Bangladesh
2999462	M._Khatun	Department of Zoology, Rajshahi University Rajshahi, 6205, Bangladesh
2999431	Kostas_Iatrou	Institute of Biology, National Centre for Scientific Research &#x201C;Demokritos&#x201D;, Athens, Greece; 
2999431	Pierre_Couble	Institute of Biology, National Centre for Scientific Research &#x201C;Demokritos&#x201D;, Athens, Greece; 
1868728	Jeremy C_Brownlie	School of Integrative Biology, University of Queensland, Brisbane, QLD 4072 Australia
1868728	Marcin_Adamski	School of Integrative Biology, University of Queensland, Brisbane, QLD 4072 Australia
1868728	Barton_Slatko	Molecular Parasitology Division, New England Biolabs, Ipswich, MA 01938 USA
1868728	Elizabeth A_McGraw	School of Integrative Biology, University of Queensland, Brisbane, QLD 4072 Australia
1551922	Emily A_Hornett	Department of Biology, University College London, London, United Kingdom
1551922	Sylvain_Charlat	Department of Biology, University College London, London, United Kingdom
1551922	Anne M. R_Duplouy	Richard B. Gump South Pacific Research Station, University of California Berkeley, Maharepa, Moorea, French Polynesia
1551922	Neil_Davies	Richard B. Gump South Pacific Research Station, University of California Berkeley, Maharepa, Moorea, French Polynesia
1551922	George K_Roderick	Richard B. Gump South Pacific Research Station, University of California Berkeley, Maharepa, Moorea, French Polynesia
1551922	Nina_Wedell	Centre for Ecology and Conservation, University of Exeter, Cornwall campus, Penryn, United Kingdom
1551922	Gregory D. D_Hurst	Department of Biology, University College London, London, United Kingdom
1475097	R T_Card&#xE9;	UNKNOWN
