pmcid	forename_lastname	affiliation
6737090	Alexander M._Gaffke	0000 0001 2156 6108grid.41891.35Department of Land Resources and Environmental Sciences, Montana State University, Bozeman, MT 59717 USA 
6737090	Sharlene E._Sing	0000 0001 2286 5230grid.497401.fUSDA Forest Service, Rocky Mountain Research Station, Bozeman, MT 59717 USA 
6737090	Tom L._Dudley	0000 0004 1936 9676grid.133342.4Marine Science Institute, University of California, Santa Barbara, CA 93106 USA 
6737090	Daniel W._Bean	Colorado Department of Agriculture, Palisade Insectary, Palisade, CO 81526 USA 
6737090	Justin A._Russak	0000 0004 1936 9676grid.133342.4Department of Chemistry and Biochemistry, University of California Santa Barbara, Santa Barbara, CA 93106 USA 
6737090	Agenor_Mafra-Neto	0000 0004 4655 6020grid.420431.0ISCA Technologies, Inc., Riverside, CA 92507 USA 
6737090	Robert K. D._Peterson	0000 0001 2156 6108grid.41891.35Department of Land Resources and Environmental Sciences, Montana State University, Bozeman, MT 59717 USA 
6737090	David K._Weaver	0000 0001 2156 6108grid.41891.35Department of Land Resources and Environmental Sciences, Montana State University, Bozeman, MT 59717 USA 
6715869	A. R._Stahlke	Institute for Bioinformatics and Evolutionary Studies, University of Idaho, Moscow, Idaho, USA        
6715869	A. Z._Ozsoy	Department of Biological Sciences, Colorado Mesa University, Grand Junction, Colorado, USA        
6715869	D. W._Bean	Colorado Department of Agriculture, Palisade, Colorado, USA        
6715869	P. A._Hohenlohe	Institute for Bioinformatics and Evolutionary Studies, University of Idaho, Moscow, Idaho, USA        
6415723	Hongfei_Zhang	Department of Entomology, College of Plant Protection, Henan Agricultural University, Zhengzhou, Henan Province, China
6415723	Xiaohui_Teng	Department of Entomology, College of Plant Protection, Henan Agricultural University, Zhengzhou, Henan Province, China
6415723	Qianwen_Luo	Department of Entomology, College of Plant Protection, Henan Agricultural University, Zhengzhou, Henan Province, China
6415723	Ziyao_Sheng	Department of Entomology, College of Plant Protection, Henan Agricultural University, Zhengzhou, Henan Province, China
6415723	Xianru_Guo	Department of Entomology, College of Plant Protection, Henan Agricultural University, Zhengzhou, Henan Province, China
6415723	Gaoping_Wang	Department of Entomology, College of Plant Protection, Henan Agricultural University, Zhengzhou, Henan Province, China
6415723	Weizheng_Li	Department of Entomology, College of Plant Protection, Henan Agricultural University, Zhengzhou, Henan Province, China
6415723	Guohui_Yuan	Department of Entomology, College of Plant Protection, Henan Agricultural University, Zhengzhou, Henan Province, China
5969109	Alexander M_Gaffke	1Department of Land Resources and Environmental SciencesMontana State UniversityBozemanMTUSA
5969109	Sharlene E_Sing	2USDA Forest ServiceRocky Mountain Research StationBozemanMTUSA
5969109	Tom L_Dudley	3Marine Science InstituteUniversity of CaliforniaSanta BarbaraCAUSA
5969109	Daniel W_Bean	4Colorado Department of AgriculturePalisade InsectaryPalisadeCOUSA
5969109	Justin A_Russak	5Department of Chemistry and BiochemistryUniversity of California Santa BarbaraSanta BarbaraCAUSA
5969109	Agenor_Mafra&#x2010;Neto	6ISCA Technologies Inc.RiversideCAUSA
5969109	Paul A_Grieco	7Department of Chemistry and BiochemistryMontana State UniversityBozemanMTUSA
5969109	Robert KD_Peterson	1Department of Land Resources and Environmental SciencesMontana State UniversityBozemanMTUSA
5969109	David K_Weaver	1Department of Land Resources and Environmental SciencesMontana State UniversityBozemanMTUSA
5579018	Zhicheng_Chen	0000 0001 2104 9346grid.216566.0Institute of New Forestry Technology, Chinese Academy of Forestry, Beijing, 100091 China 
5579018	Lin_Wang	0000 0004 1798 1300grid.412545.3College of Forestry, Shanxi Agricultural University, Taigu, 030800 China 
5579018	Yongxin_Dai	0000 0001 2104 9346grid.216566.0Institute of New Forestry Technology, Chinese Academy of Forestry, Beijing, 100091 China 
5579018	Xianchong_Wan	0000 0001 2104 9346grid.216566.0Institute of New Forestry Technology, Chinese Academy of Forestry, Beijing, 100091 China 
5579018	Shirong_Liu	0000 0001 2104 9346grid.216566.0Laboratory of Forest Ecology and Environment of State Forestry Administration, Institute of Forest Ecology, Environment and Protection, Chinese Academy of Forestry, Beijing, 100091 China 
5570027	Randall W._Long	Department of Ecology, Evolution and Marine Biology, University of California-Santa Barbara, Bldg 520, RM 4001, Fl 4L, Santa Barbara, CA 93106, USA
5570027	Susan E._Bush	School of Forestry, Northern Arizona University, S San Francisco St, Flagstaff, AZ 86011, USA
5570027	Kevin C._Grady	School of Forestry, Northern Arizona University, S San Francisco St, Flagstaff, AZ 86011, USA
5570027	David S._Smith	Keck Science Department, Claremont McKenna, Pitzer and Scripps Colleges, 925 N. Mills Ave, Claremont, CA 91711, USA
5570027	Daniel L._Potts	Biology Department, SUNY Buffalo State, 1300 Elmwood Ave, Buffalo, NY 14222, USA
5570027	Carla M._D'Antonio	School of Forestry, Northern Arizona University, S San Francisco St, Flagstaff, AZ 86011, USA
5570027	Tom L._Dudley	Marine Science Institute, University of California-Santa Barbara, Bldg 520, RM 4001, Fl 4L, Santa Barbara, CA 93106, USA
5570027	Shannon D._Fehlberg	Department of Research, Conservation and Collections, Desert Botanical Garden, 1201 N Galvin Pkwy, Phoenix, AZ 85008, USA
5570027	John F._Gaskin	USDA Agricultural Research Service, 1500 North Central Avenue, Sidney, MT 59270, USA
5570027	Edward P._Glenn	Department of Soil, Water and Environmental Science, University of Arizona, 1428 E University Blvd, Tucson, AZ 85719, USA
5570027	Kevin R._Hultine	Department of Research, Conservation and Collections, Desert Botanical Garden, 1201 N Galvin Pkwy, Phoenix, AZ 85008, USA
4922248	Christine L._Madliger	Department of Biological Sciences, University of Windsor, Windsor, ON, Canada N9B 3P4        
4922248	Steven J._Cooke	Fish Ecology and Conservation Physiology Laboratory, Department of Biology and Institute of Environmental Science, Carleton University, Ottawa, ON, Canada K1S 5B6        
4922248	Erica J._Crespi	School of Biological Sciences, Washington State University, Pullman, WA 99164, USA        
4922248	Jennifer L._Funk	Schmid College of Science and Technology, Chapman University, Orange, CA 92866, USA        
4922248	Kevin R._Hultine	Department of Research, Conservation and Collections, Desert Botanical Garden, Phoenix, AZ 85008, USA        
4922248	Kathleen E._Hunt	John H. Prescott Marine Laboratory, Research Department, New England Aquarium, Boston, MA 02110, USA        
4922248	Jason R._Rohr	Integrative Biology, University of South Florida, Tampa, FL 33620, USA        
4922248	Brent J._Sinclair	Department of Biology, Western University, London, ON, Canada N6A 5B7        
4922248	Cory D._Suski	Department of Natural Resources and Environmental Sciences, University of Illinois at Urbana-Champaign, Urbana, IL 61801, USA        
4922248	Craig K. R._Willis	Department of Biology and Centre for Forest Interdisciplinary Research, University of Winnipeg, Winnipeg, MB, Canada R3B 2E9        
4922248	Oliver P._Love	Department of Biological Sciences, University of Windsor, Windsor, ON, Canada N9B 3P4        
4429555	Annie_Deslauriers	        D&#xE9;partement des Sciences Fondamentales, Universit&#xE9; du Qu&#xE9;bec &#xE0; Chicoutimi, Chicoutimi, QC        Canada      
4429555	Laurie_Caron	        D&#xE9;partement des Sciences Fondamentales, Universit&#xE9; du Qu&#xE9;bec &#xE0; Chicoutimi, Chicoutimi, QC        Canada      
4429555	Sergio_Rossi	        D&#xE9;partement des Sciences Fondamentales, Universit&#xE9; du Qu&#xE9;bec &#xE0; Chicoutimi, Chicoutimi, QC        Canada      
4289973	Lisa_Fors	Department of Ecology, Environment and Plant Sciences, Stockholm University, 106 91 Stockholm, Sweden 
4289973	Ilme_Liblikas	Institute of Technology, University of Tartu, Tartu, 50411 Estonia 
4289973	Petter_Andersson	Department of Ecology, Environment and Plant Sciences, Stockholm University, 106 91 Stockholm, Sweden 
4289973	Anna-Karin_Borg-Karlson	Department of Chemistry, KTH Royal Institute of Technology, 100 44 Stockholm, Sweden 
4289973	Nancy_Cabezas	Department of Chemistry, KTH Royal Institute of Technology, 100 44 Stockholm, Sweden 
4289973	Raimondas_Mozuraitis	Department of Chemistry, KTH Royal Institute of Technology, 100 44 Stockholm, Sweden 
4289973	Peter A._Hamb&#xE4;ck	Department of Ecology, Environment and Plant Sciences, Stockholm University, 106 91 Stockholm, Sweden 
3962298	Wyatt I_Williams	Department of Bioagricultural Sciences and Pest Management, Colorado State University          Fort Collins, CO, USA        
3962298	Jonathan M_Friedman	U.S. Geological Survey, Fort Collins Science Center          Fort Collins, CO, USA        
3962298	John F_Gaskin	USDA, Agricultural Research Service          Sidney, MT, USA        
3962298	Andrew P_Norton	Department of Bioagricultural Sciences and Pest Management, Colorado State University          Fort Collins, CO, USA        
3890286	David Maxwell_Suckling	Biosecurity Group, The New Zealand Institute of Plant and Food Research Ltd, Christchurch, New Zealand
3890286	Ren&#xE9; Fran&#xE7;ois Henri_Sforza	European Biological Control Laboratory, USDA-ARS, Campus International de Baillarguet, Montferrier-sur-Lez, France
3407869	Dan W_Bean	Colorado Department of Agriculture, Biological Pest Control          Palisade, CO, USA        
3407869	Peter_Dalin	Department of Ecology, Swedish University of Agricultural Sciences          Uppsala, Sweden        
3407869	Tom L_Dudley	Marine Science Institute, University of California Santa Barbara          CA, USA        
2941043	Jocelyn G._Millar	Department of Entomology, University of California, Riverside, CA 92521 USA 
2941043	J. Steven_McElfresh	Department of Entomology, University of California, Riverside, CA 92521 USA 
2941043	Carmen_Romero	Department of Entomology, University of California, Riverside, CA 92521 USA 
2941043	Marta_Vila	Department of Molecular and Cell Biology, Faculty of Sciences, University of A Coruna, Campus da Zapateira, E-15008 A Coruna, Spain 
2941043	Neus_Mar&#xED;-Mena	Department of Molecular and Cell Biology, Faculty of Sciences, University of A Coruna, Campus da Zapateira, E-15008 A Coruna, Spain 
2941043	Carlos_Lopez-Vaamonde	INRA, UR0633 Zoologie Foresti&#xE8;re, F-45075 Orl&#xE9;ans, France 
