pmcid	forename_lastname	affiliation
7471381	Julie C._Dunning Hotopp	Institute for Genome Sciences, University of Maryland School of Medicine, Baltimore, Maryland, USA        
7471381	David A._Baltrus	School of Plant Sciences, University of Arizona, Tucson, Arizona, USA        
7471381	Vincent M._Bruno	Institute for Genome Sciences, University of Maryland School of Medicine, Baltimore, Maryland, USA        
7471381	John J._Dennehy	Biology Department, Queens College, City University of New York, Flushing, New York, USA        
7471381	Steven R._Gill	Department of Microbiology and Immunology, University of Rochester School of Medicine and Dentistry, Rochester, New York, USA        
7471381	Julia A._Maresca	Department of Civil and Environmental Engineering, University of Delaware, Newark, Delaware, USA        
7471381	Jelle_Matthijnssens	University of Leuven, Department of Microbiology, Immunology, and Transplantation, Rega Institute, Leuven, Belgium        
7471381	Irene L. G._Newton	Department of Biology, Indiana University, Bloomington, Indiana, USA        
7471381	Catherine_Putonti	Bioinformatics Program, Loyola University Chicago, Chicago, Illinois, USA        
7471381	David A._Rasko	Institute for Genome Sciences, University of Maryland School of Medicine, Baltimore, Maryland, USA        
7471381	Antonis_Rokas	Department of Biological Sciences, Vanderbilt University, Nashville, Tennessee, USA        
7471381	Simon_Roux	DOE Joint Genome Institute, Lawrence Berkeley National Laboratory, Berkeley, California, USA        
7471381	Jason E._Stajich	Department of Microbiology and Plant Pathology, University of California, Riverside, Riverside, California, USA        
7471381	Kenneth M._Stedman	Center for Life in Extreme Environments, Portland State University, Portland, Oregon, USA        
7471381	Frank J._Stewart	Department of Microbiology and Immunology, Montana State University, Bozeman, Montana, USA        
7471381	J. Cameron_Thrash	Department of Biological Sciences, University of Southern California, Los Angeles, California, USA        
7359000	Kevin R_Hultine	Department of Research, Conservation and Collections, Desert Botanical Garden, 1201 North Galvin Parkway, Phoenix, AZ 85008, USA
7359000	Gerard J_Allan	Department of Biological Sciences and Merriam-Powell Center for Environmental Research, Northern Arizona University, 617 South Beaver Drive, Flagstaff, AZ 86011, USA
7359000	Davis_Blasini	School of Life Sciences, Arizona State University, 427 East Tyler Mall, Tempe, AZ 85281, USA
7359000	Helen M_Bothwell	Research School of Biology, Australian National University, 134 Linnaeus Way, Canberra ACT2601, Australia
7359000	Abraham_Cadmus	Department of Biological Sciences and Merriam-Powell Center for Environmental Research, Northern Arizona University, 617 South Beaver Drive, Flagstaff, AZ 86011, USA
7359000	Hillary F_Cooper	Department of Biological Sciences and Merriam-Powell Center for Environmental Research, Northern Arizona University, 617 South Beaver Drive, Flagstaff, AZ 86011, USA
7359000	Chris E_Doughty	School of Informatics, Computing, and Cyber Systems, Northern Arizona University, 1295 South Knoles Drive, Flagstaff, AZ 86011, USA
7359000	Catherine A_Gehring	Department of Biological Sciences and Merriam-Powell Center for Environmental Research, Northern Arizona University, 617 South Beaver Drive, Flagstaff, AZ 86011, USA
7359000	Alicyn R_Gitlin	Sierra Club &#x2013; Grand Canyon Chapter, 514 West Roosevelt Street, Phoenix, AZ 85003, USA 
7359000	Kevin C_Grady	School of Forestry, Northern Arizona University, East Pine Knoll Drive, Flagstaff, AZ 86011, USA
7359000	Julia B_Hull	Department of Biological Sciences and Merriam-Powell Center for Environmental Research, Northern Arizona University, 617 South Beaver Drive, Flagstaff, AZ 86011, USA
7359000	Arthur R_Keith	Department of Biological Sciences and Merriam-Powell Center for Environmental Research, Northern Arizona University, 617 South Beaver Drive, Flagstaff, AZ 86011, USA
7359000	Dan F_Koepke	Department of Research, Conservation and Collections, Desert Botanical Garden, 1201 North Galvin Parkway, Phoenix, AZ 85008, USA
7359000	Lisa_Markovchick	Department of Biological Sciences and Merriam-Powell Center for Environmental Research, Northern Arizona University, 617 South Beaver Drive, Flagstaff, AZ 86011, USA
7359000	Jackie M_Corbin Parker	Department of Biological Sciences and Merriam-Powell Center for Environmental Research, Northern Arizona University, 617 South Beaver Drive, Flagstaff, AZ 86011, USA
7359000	Temuulen T_Sankey	School of Informatics, Computing, and Cyber Systems, Northern Arizona University, 1295 South Knoles Drive, Flagstaff, AZ 86011, USA
7359000	Thomas G_Whitham	Department of Biological Sciences and Merriam-Powell Center for Environmental Research, Northern Arizona University, 617 South Beaver Drive, Flagstaff, AZ 86011, USA
7192945	Manuela O._Ramalho	000000041936877Xgrid.5386.8Cornell University, Department of Entomology, Ithaca, NY 14850 USA 
7192945	Christophe_Duplais	0000 0001 2112 9282grid.4444.0CNRS, UMR Ecologie des For&#xEA;ts de Guyane, AgroParisTech, CIRAD, INRA, Universit&#xE9; des Antilles, Universit&#xE9; de Guyane, Kourou, France 
7192945	J&#xE9;r&#xF4;me_Orivel	0000 0001 2112 9282grid.4444.0CNRS, UMR Ecologie des For&#xEA;ts de Guyane, AgroParisTech, CIRAD, INRA, Universit&#xE9; des Antilles, Universit&#xE9; de Guyane, Kourou, France 
7192945	Alain_Dejean	0000 0001 2112 9282grid.4444.0CNRS, UMR Ecologie des For&#xEA;ts de Guyane, AgroParisTech, CIRAD, INRA, Universit&#xE9; des Antilles, Universit&#xE9; de Guyane, Kourou, France 
7192945	Joshua C._Gibson	0000 0004 1936 9991grid.35403.31Department of Entomology, University of Illinois at Urbana-Champaign, Urbana, Illinois USA 
7192945	Andrew V._Suarez	0000 0004 1936 9991grid.35403.31Department of Entomology, University of Illinois at Urbana-Champaign, Urbana, Illinois USA 
7192945	Corrie S._Moreau	000000041936877Xgrid.5386.8Cornell University, Department of Entomology, Ithaca, NY 14850 USA 
6737090	Alexander M._Gaffke	0000 0001 2156 6108grid.41891.35Department of Land Resources and Environmental Sciences, Montana State University, Bozeman, MT 59717 USA 
6737090	Sharlene E._Sing	0000 0001 2286 5230grid.497401.fUSDA Forest Service, Rocky Mountain Research Station, Bozeman, MT 59717 USA 
6737090	Tom L._Dudley	0000 0004 1936 9676grid.133342.4Marine Science Institute, University of California, Santa Barbara, CA 93106 USA 
6737090	Daniel W._Bean	Colorado Department of Agriculture, Palisade Insectary, Palisade, CO 81526 USA 
6737090	Justin A._Russak	0000 0004 1936 9676grid.133342.4Department of Chemistry and Biochemistry, University of California Santa Barbara, Santa Barbara, CA 93106 USA 
6737090	Agenor_Mafra-Neto	0000 0004 4655 6020grid.420431.0ISCA Technologies, Inc., Riverside, CA 92507 USA 
6737090	Robert K. D._Peterson	0000 0001 2156 6108grid.41891.35Department of Land Resources and Environmental Sciences, Montana State University, Bozeman, MT 59717 USA 
6737090	David K._Weaver	0000 0001 2156 6108grid.41891.35Department of Land Resources and Environmental Sciences, Montana State University, Bozeman, MT 59717 USA 
6715869	A. R._Stahlke	Institute for Bioinformatics and Evolutionary Studies, University of Idaho, Moscow, Idaho, USA        
6715869	A. Z._Ozsoy	Department of Biological Sciences, Colorado Mesa University, Grand Junction, Colorado, USA        
6715869	D. W._Bean	Colorado Department of Agriculture, Palisade, Colorado, USA        
6715869	P. A._Hohenlohe	Institute for Bioinformatics and Evolutionary Studies, University of Idaho, Moscow, Idaho, USA        
6427513	Keirith A._Snyder	USDA-ARS, Great Basin Rangelands Research Unit, Reno, NV 89512, USA; 
6427513	Justin L._Huntington	Desert Research Institute, Reno, NV 89512, USA;  (C.G.M.)
6427513	Bryce L._Wehan	USDA-ARS, Great Basin Rangelands Research Unit, Reno, NV 89512, USA; 
6427513	Charles G._Morton	Desert Research Institute, Reno, NV 89512, USA;  (C.G.M.)
6427513	Tamzen K._Stringham	Department of Agriculture, Veterinary and Rangeland Science, University of Nevada, Reno, NV 89557 USA; 
6143555	Hongsong_Chen	0000 0001 0526 1937grid.410727.7State Key Laboratory for Biology of Plant Diseases and Insect Pests, Institute of Plant Protection, Chinese Academy of Agricultural Sciences, Beijing, 100193 China 
6143555	Xingwen_Zheng	0000 0001 0526 1937grid.410727.7State Key Laboratory for Biology of Plant Diseases and Insect Pests, Institute of Plant Protection, Chinese Academy of Agricultural Sciences, Beijing, 100193 China 
6143555	Min_Luo	0000 0001 0526 1937grid.410727.7State Key Laboratory for Biology of Plant Diseases and Insect Pests, Institute of Plant Protection, Chinese Academy of Agricultural Sciences, Beijing, 100193 China 
6143555	Jianying_Guo	0000 0001 0526 1937grid.410727.7State Key Laboratory for Biology of Plant Diseases and Insect Pests, Institute of Plant Protection, Chinese Academy of Agricultural Sciences, Beijing, 100193 China 
6143555	Ghulam Sarwar_Solangi	Department of Entomology, Sindh Agriculture University Sub Campus, Umerkot, 69100 Pakistan 
6143555	Fanghao_Wan	0000 0001 0526 1937grid.410727.7State Key Laboratory for Biology of Plant Diseases and Insect Pests, Institute of Plant Protection, Chinese Academy of Agricultural Sciences, Beijing, 100193 China 
6143555	Zhongshi_Zhou	0000 0001 0526 1937grid.410727.7State Key Laboratory for Biology of Plant Diseases and Insect Pests, Institute of Plant Protection, Chinese Academy of Agricultural Sciences, Beijing, 100193 China 
5969109	Alexander M_Gaffke	1Department of Land Resources and Environmental SciencesMontana State UniversityBozemanMTUSA
5969109	Sharlene E_Sing	2USDA Forest ServiceRocky Mountain Research StationBozemanMTUSA
5969109	Tom L_Dudley	3Marine Science InstituteUniversity of CaliforniaSanta BarbaraCAUSA
5969109	Daniel W_Bean	4Colorado Department of AgriculturePalisade InsectaryPalisadeCOUSA
5969109	Justin A_Russak	5Department of Chemistry and BiochemistryUniversity of California Santa BarbaraSanta BarbaraCAUSA
5969109	Agenor_Mafra&#x2010;Neto	6ISCA Technologies Inc.RiversideCAUSA
5969109	Paul A_Grieco	7Department of Chemistry and BiochemistryMontana State UniversityBozemanMTUSA
5969109	Robert KD_Peterson	1Department of Land Resources and Environmental SciencesMontana State UniversityBozemanMTUSA
5969109	David K_Weaver	1Department of Land Resources and Environmental SciencesMontana State UniversityBozemanMTUSA
5743539	Guodong_Jia	1Key Laboratory of State Forestry Administration on Soil and Water ConservationBeijing Forestry UniversityBeijingChina
5743539	Ziqiang_Liu	3School of Soil and Water ConservationBeijing Forestry UniversityBeijingChina
5743539	Lixin_Chen	1Key Laboratory of State Forestry Administration on Soil and Water ConservationBeijing Forestry UniversityBeijingChina
5743539	Xinxiao_Yu	1Key Laboratory of State Forestry Administration on Soil and Water ConservationBeijing Forestry UniversityBeijingChina
5640688	Changkun_Ma	0000 0004 1760 4150grid.144022.1College of Natural Resources and Environment, Northwest A&amp;F University, Yangling, 712100 China 
5640688	Yi_Luo	0000 0000 8615 8685grid.424975.9Key Laboratory of Ecosystem Network Observation and Modeling, Institute of Geographic Sciences and Natural Resources Research, Chinese Academy of Sciences, Beijing, 100101 China 
5640688	Mingan_Shao	0000 0000 8615 8685grid.424975.9Key Laboratory of Ecosystem Network Observation and Modeling, Institute of Geographic Sciences and Natural Resources Research, Chinese Academy of Sciences, Beijing, 100101 China 
5640688	Xiangdong_Li	0000 0004 1760 4150grid.144022.1State Key Laboratory of Soil Erosion and Dryland Farming on the Loess Plateau, Northwest A&amp;F University, Yangling, 712100 Shaanxi China 
5640688	Lin_Sun	0000 0000 8615 8685grid.424975.9Key Laboratory of Ecosystem Network Observation and Modeling, Institute of Geographic Sciences and Natural Resources Research, Chinese Academy of Sciences, Beijing, 100101 China 
5640688	Xiaoxu_Jia	0000 0000 8615 8685grid.424975.9Key Laboratory of Ecosystem Network Observation and Modeling, Institute of Geographic Sciences and Natural Resources Research, Chinese Academy of Sciences, Beijing, 100101 China 
5570027	Randall W._Long	Department of Ecology, Evolution and Marine Biology, University of California-Santa Barbara, Bldg 520, RM 4001, Fl 4L, Santa Barbara, CA 93106, USA
5570027	Susan E._Bush	School of Forestry, Northern Arizona University, S San Francisco St, Flagstaff, AZ 86011, USA
5570027	Kevin C._Grady	School of Forestry, Northern Arizona University, S San Francisco St, Flagstaff, AZ 86011, USA
5570027	David S._Smith	Keck Science Department, Claremont McKenna, Pitzer and Scripps Colleges, 925 N. Mills Ave, Claremont, CA 91711, USA
5570027	Daniel L._Potts	Biology Department, SUNY Buffalo State, 1300 Elmwood Ave, Buffalo, NY 14222, USA
5570027	Carla M._D'Antonio	School of Forestry, Northern Arizona University, S San Francisco St, Flagstaff, AZ 86011, USA
5570027	Tom L._Dudley	Marine Science Institute, University of California-Santa Barbara, Bldg 520, RM 4001, Fl 4L, Santa Barbara, CA 93106, USA
5570027	Shannon D._Fehlberg	Department of Research, Conservation and Collections, Desert Botanical Garden, 1201 N Galvin Pkwy, Phoenix, AZ 85008, USA
5570027	John F._Gaskin	USDA Agricultural Research Service, 1500 North Central Avenue, Sidney, MT 59270, USA
5570027	Edward P._Glenn	Department of Soil, Water and Environmental Science, University of Arizona, 1428 E University Blvd, Tucson, AZ 85719, USA
5570027	Kevin R._Hultine	Department of Research, Conservation and Collections, Desert Botanical Garden, 1201 N Galvin Pkwy, Phoenix, AZ 85008, USA
5391693	John F._Gaskin	USDA Agricultural Research Service, 1500 North Central Avenue, Sidney, MT 59270, USA
4802914	Peter W._Shearer	Mid-Columbia Agricultural Research and Extension Center, Oregon State University, 3005 Experiment Station Drive, Hood River, OR 97331 USA 
4802914	Jessica D._West	Department of Entomology and Nematology, University of California, Davis, CA 95616 USA 
4802914	Vaughn M._Walton	Department of Horticulture, Oregon State University, Corvallis, OR 97331 USA 
4802914	Preston H._Brown	Mid-Columbia Agricultural Research and Extension Center, Oregon State University, 3005 Experiment Station Drive, Hood River, OR 97331 USA 
4802914	Nicolas_Svetec	Department of Evolution and Ecology, University of California, Davis, CA 95616 USA 
4802914	Joanna C._Chiu	Department of Entomology and Nematology, University of California, Davis, CA 95616 USA 
4686165	Guillaume_Lacour	EID M&#xE9;diterran&#xE9;e, Montpellier, France
4686165	Lionel_Chanaud	EID M&#xE9;diterran&#xE9;e, Montpellier, France
4686165	Gr&#xE9;gory_L&#x2019;Ambert	EID M&#xE9;diterran&#xE9;e, Montpellier, France
4686165	Thierry_Hance	Centre de Recherche sur la Biodiversit&#xE9;, Earth and Life Institute, Universit&#xE9; catholique de Louvain, Louvain-la-Neuve, Belgique
4423344	Heidi J._Renninger	Department of Biological Sciences, Rutgers, The State University of New Jersey        Newark, NJ, USA      
4423344	Nicholas J._Carlo	Department of Earth and Environmental Sciences, Rutgers, The State University of New Jersey        Newark, NJ, USA      
4423344	Kenneth L._Clark	Silas Little Experimental Forest, Northern Research Station, United States Department of Agriculture Forest Service        New Lisbon, NJ, USA      
4423344	Karina V. R._Sch&#xE4;fer	Department of Biological Sciences, Rutgers, The State University of New Jersey        Newark, NJ, USA      
4553525	Mark S._Hoddle	Department of Entomology, University of California, Riverside, CA 92521, USA
4553525	Keith_Warner	Center for Science, Technology, and Society, Santa Clara University, CA 95053, USA; E-Mail: 
4553525	John_Steggall	California Department of Food and Agriculture, Sacramento, CA 95814, USA; E-Mail: 
4553525	Karen M._Jetter	UC Agricultural Issues Center, University of California, Davis, CA 95616, USA; E-Mail: 
3988179	Benjamin D._Hoffmann	CSIRO Ecosystem Sciences, Tropical Ecosystems Research Centre, Darwin, NT, Australia
3988179	Saronna_Auina	Centre for Biodiversity and Biosecurity, School of Biological Sciences, The University of Auckland, Auckland, New Zealand
3988179	Margaret C._Stanley	Centre for Biodiversity and Biosecurity, School of Biological Sciences, The University of Auckland, Auckland, New Zealand
3962298	Wyatt I_Williams	Department of Bioagricultural Sciences and Pest Management, Colorado State University          Fort Collins, CO, USA        
3962298	Jonathan M_Friedman	U.S. Geological Survey, Fort Collins Science Center          Fort Collins, CO, USA        
3962298	John F_Gaskin	USDA, Agricultural Research Service          Sidney, MT, USA        
3962298	Andrew P_Norton	Department of Bioagricultural Sciences and Pest Management, Colorado State University          Fort Collins, CO, USA        
3552403	Marianna_Sz&#x171;cs	Department of Plant, Soil, and Entomological Sciences, University of Idaho          Moscow, ID, USA        
3552403	Urs_Schaffner	CABI Europe &#x2013; Switzerland          Del&#xE9;mont, Switzerland        
3552403	William J_Price	Statistical Programs, University of Idaho          Moscow, ID, USA        
3552403	Mark_Schwarzl&#xE4;nder	Department of Plant, Soil, and Entomological Sciences, University of Idaho          Moscow, ID, USA        
3407861	George K_Roderick	Environmental Science, Policy and Management, University of CaliforniaBerkeley, CA, USA e-mail: 
3407861	Ruth_Hufbauer	Bioagricultural Sciences and Pest Management and Graduate Degree Program in Ecology, Colorado State UniversityFort Collins, CO, USA e-mail: 
3407861	Maria_Navajas	Institut National de la Recherche Agronomique, UMR CBGP (INRA/IRD/Cirad/Montpellier SupAgro), Campus International de BaillarguetCS 30016, 34988, Montferrier-Sur-Lez, France e-mail: 
3407870	Peter B_McEvoy	Department of Botany and Plant Pathology, Oregon State University          Corvallis, OR, USA        
3407870	Kimberley M_Higgs	Department of Botany and Plant Pathology, Oregon State University          Corvallis, OR, USA        
3407870	Eric M_Coombs	Oregon Department of Agriculture          Salem, Oregon, USA        
3407870	Evrim_Kara&#xE7;etin	Erciyes University          Kayseri, Turkey        
3407870	Leigh_Ann Starcevich	Statistical Consultant          Corvallis, OR, USA        
3356854	Heidi J._Renninger	Department of Biological Sciences, Rutgers University        Newark, NJ, USA      
3356854	Karina V. R._Sch&#xE4;fer	Department of Biological Sciences, Rutgers University        Newark, NJ, USA      
3407869	Dan W_Bean	Colorado Department of Agriculture, Biological Pest Control          Palisade, CO, USA        
3407869	Peter_Dalin	Department of Ecology, Swedish University of Agricultural Sciences          Uppsala, Sweden        
3407869	Tom L_Dudley	Marine Science Institute, University of California Santa Barbara          CA, USA        
3355680	Karina Vera Rosa_Sch&#xE4;fer	Department of Biological Sciences, Rutgers University        Newark, NJ, USA      
