pmcid	forename_lastname	affiliation
7503728	Hubert_Sytykiewicz	Institute of Biological Sciences, Faculty of Exact and Natural Sciences, Siedlce University of Natural Sciences and Humanities, 14 Prusa St., 08-110 Siedlce, Poland;  (J.S.)
7503728	Iwona_&#x141;ukasik	Institute of Biological Sciences, Faculty of Exact and Natural Sciences, Siedlce University of Natural Sciences and Humanities, 14 Prusa St., 08-110 Siedlce, Poland;  (J.S.)
7503728	Sylwia_Go&#x142;awska	Institute of Biological Sciences, Faculty of Exact and Natural Sciences, Siedlce University of Natural Sciences and Humanities, 14 Prusa St., 08-110 Siedlce, Poland;  (J.S.)
7503728	Iwona_Sprawka	Institute of Biological Sciences, Faculty of Exact and Natural Sciences, Siedlce University of Natural Sciences and Humanities, 14 Prusa St., 08-110 Siedlce, Poland;  (J.S.)
7503728	Artur_Go&#x142;awski	Institute of Biological Sciences, Faculty of Exact and Natural Sciences, Siedlce University of Natural Sciences and Humanities, 14 Prusa St., 08-110 Siedlce, Poland;  (J.S.)
7503728	Julia_S&#x142;awianowska	Institute of Biological Sciences, Faculty of Exact and Natural Sciences, Siedlce University of Natural Sciences and Humanities, 14 Prusa St., 08-110 Siedlce, Poland;  (J.S.)
7503728	Katarzyna_Kmie&#x107;	Department of Plant Protection, Faculty of Horticulture and Landscape Architecture, University of Life Sciences in Lublin, 7 Leszczy&#x144;skiego St., 20-069 Lublin, Poland; 
7502230	Howard_London	Bio-Protection Research Centre, Lincoln University, Lincoln, New Zealand
7502230	David J._Saville	Bio-Protection Research Centre, Lincoln University, Lincoln, New Zealand
7502230	Charles N._Merfield	The BHU Future Farming Centre, Lincoln University, Lincoln, New Zealand
7502230	Oluwashola_Olaniyan	Bio-Protection Research Centre, Lincoln University, Lincoln, New Zealand
7502230	Stephen D._Wratten	Bio-Protection Research Centre, Lincoln University, Lincoln, New Zealand
7332040	Natalia A._Rossi	Wildlife Conservation Society, Bronx, New York, United States of America
7332040	Angelica_Menchaca-Rodriguez	School of Biological Sciences, the University of Bristol, Bristol, England, United Kingdom
7332040	Rafael_Antelo	Fundaci&#xF3;n Palmarito Casanare, Bogot&#xE1;, Colombia
7332040	Byron_Wilson	Department of Life Sciences, University of the West Indies, Mona, Jamaica
7332040	Kurt_McLaren	Department of Life Sciences, University of the West Indies, Mona, Jamaica
7332040	Frank_Mazzotti	Fort Lauderdale Research and Education Center, University of Florida, Fort Lauderdale, Florida, United States of America
7332040	Rafael_Crespo	Fort Lauderdale Research and Education Center, University of Florida, Fort Lauderdale, Florida, United States of America
7332040	Joe_Wasilewski	Fort Lauderdale Research and Education Center, University of Florida, Fort Lauderdale, Florida, United States of America
7332040	Fernando_Alda	Department of Biology, Geology and Environmental Science, University of Tennessee at Chattanooga, Chattanooga, Tennessee, United States of America
7332040	Ignacio_Doadrio	Departamento de Biodiversidad y Biolog&#xED;a Evolutiva, Museo Nacional de Ciencias Naturales, Madrid, Spain
7332040	Tito R._Barros	Museo de Biolog&#xED;a de la Universidad del Zulia, Maracaibo, Venezuela
7332040	Evon_Hekkala	Department of Biological Sciences, Fordham University, Bronx, New York, United States of America
7332040	Manuel_Alonso-Tabet	Refugio de Fauna Monte Cabanigu&#xE1;n-Ojo de Agua, Las Tunas, Cuba
7332040	Yairen_Alonso-Gim&#xE9;nez	Refugio de Fauna Monte Cabanigu&#xE1;n-Ojo de Agua, Las Tunas, Cuba
7332040	Manuel_Lopez	Refugio de Fauna Monte Cabanigu&#xE1;n-Ojo de Agua, Las Tunas, Cuba
7332040	Georgina_Espinosa-Lopez	Facultad de Biolog&#xED;a, Universidad de la Habana, La Habana, Cuba
7332040	Joe_Burgess	US Forest Service, Idleyld Park, Oregon, United States of America
7332040	John B._Thorbjarnarson	Wildlife Conservation Society, Bronx, New York, United States of America
7332040	Joshua R._Ginsberg	Cary Institute of Ecosystem Studies, Millbrook, New York, United States of America
7332040	Kent A._Vliet	Department of Biology, University of Florida, Gainesville, Florida, United States of America
7332040	George_Amato	Sackler Institute of Comparative Genomics, American Museum of Natural History, Manhattan, New York, United States of America
7349642	Jeniffer K._Alvarez-Baca	Laboratorio de Control Biol&#xF3;gico, Instituto de Ciencias Biol&#xF3;gicas, Universidad de Talca, Talca 3460000, Chile;  (A.A.-T.)
7349642	Armando_Alfaro-Tapia	Laboratorio de Control Biol&#xF3;gico, Instituto de Ciencias Biol&#xF3;gicas, Universidad de Talca, Talca 3460000, Chile;  (A.A.-T.)
7349642	Blas_Lavandero	Laboratorio de Control Biol&#xF3;gico, Instituto de Ciencias Biol&#xF3;gicas, Universidad de Talca, Talca 3460000, Chile;  (A.A.-T.)
7349642	C&#xE9;cile_Le Lann	UMR 6553 Ecobio, Centre National de la Recherche Scientifique, Universit&#xE9; de Rennes 1, 263 Avenue du G&#xE9;n&#xE9;ral Leclerc, 35042 Rennes, France;  (J.V.B.)
7349642	Joan_Van Baaren	UMR 6553 Ecobio, Centre National de la Recherche Scientifique, Universit&#xE9; de Rennes 1, 263 Avenue du G&#xE9;n&#xE9;ral Leclerc, 35042 Rennes, France;  (J.V.B.)
7160944	Cecilia_Mittelberger	Applied Genomics and Molecular Biology, Institute for Plant Health, Laimburg Research Centre, Pfatten, Italy 
7160944	Lisa_Obkircher	Applied Genomics and Molecular Biology, Institute for Plant Health, Laimburg Research Centre, Pfatten, Italy 
7160944	Vicky_Oberkofler	Applied Genomics and Molecular Biology, Institute for Plant Health, Laimburg Research Centre, Pfatten, Italy 
7160944	Alan_Ianeselli	Applied Genomics and Molecular Biology, Institute for Plant Health, Laimburg Research Centre, Pfatten, Italy 
7160944	Christine_Kerschbamer	Applied Genomics and Molecular Biology, Institute for Plant Health, Laimburg Research Centre, Pfatten, Italy 
7160944	Andreas_Gallmetzer	Virology and Diagnostics, Institute for Plant Health, Laimburg Research Centre, Pfatten, Italy 
7160944	Yazmid_Reyes-Dominguez	Virology and Diagnostics, Institute for Plant Health, Laimburg Research Centre, Pfatten, Italy 
7160944	Thomas_Letschka	Applied Genomics and Molecular Biology, Institute for Plant Health, Laimburg Research Centre, Pfatten, Italy 
7160944	Katrin_Janik	Applied Genomics and Molecular Biology, Institute for Plant Health, Laimburg Research Centre, Pfatten, Italy 
7240687	Ting-Ting_Xu	Key Laboratory of Zoological Systematics and Evolution, Institute of Zoology, Chinese Academy of Sciences, Beijing 100101, China;  (L.-Y.J.)
7240687	Li-Yun_Jiang	Key Laboratory of Zoological Systematics and Evolution, Institute of Zoology, Chinese Academy of Sciences, Beijing 100101, China;  (L.-Y.J.)
7240687	Jing_Chen	Key Laboratory of Zoological Systematics and Evolution, Institute of Zoology, Chinese Academy of Sciences, Beijing 100101, China;  (L.-Y.J.)
7240687	Ge-Xia_Qiao	Key Laboratory of Zoological Systematics and Evolution, Institute of Zoology, Chinese Academy of Sciences, Beijing 100101, China;  (L.-Y.J.)
6965137	Maqsood_Ahmed	0000 0000 9886 8131grid.412557.0College of Plant Protection, Shenyang Agricultural University, Shenyang, 110866 P.R. China 
6965137	Qin_Peiwen	0000 0000 9886 8131grid.412557.0College of Plant Protection, Shenyang Agricultural University, Shenyang, 110866 P.R. China 
6965137	Zumin_Gu	0000 0000 9886 8131grid.412557.0College of Plant Protection, Shenyang Agricultural University, Shenyang, 110866 P.R. China 
6965137	Yuyang_Liu	0000 0000 9886 8131grid.412557.0College of Plant Protection, Shenyang Agricultural University, Shenyang, 110866 P.R. China 
6965137	Aatika_Sikandar	0000 0000 9886 8131grid.412557.0College of Plant Protection, Shenyang Agricultural University, Shenyang, 110866 P.R. China 
6965137	Dilbar_Hussain	grid.464523.2Entomological Research Institute, Ayub Agricultural Research Institute, Faisalabad, 38040 Pakistan 
6965137	Ansar_Javeed	0000 0000 9886 8131grid.412557.0College of Biosciences and Biotechnology, Shenyang Agricultural University, Shenyang, 110866 P.R. China 
6965137	Jamil_Shafi	0000 0000 8577 8102grid.412298.4Department of Plant Pathology, University of Agriculture, Faisalabad, Sub-Campus Depalpur, Okara, 56300 Pakistan 
6965137	Mazher Farid_Iqbal	0000 0000 9886 8131grid.412557.0College of Biosciences and Biotechnology, Shenyang Agricultural University, Shenyang, 110866 P.R. China 
6965137	Ran_An	0000 0000 9886 8131grid.412557.0College of Plant Protection, Shenyang Agricultural University, Shenyang, 110866 P.R. China 
6965137	Hongxia_Guo	0000 0000 9886 8131grid.412557.0College of Plant Protection, Shenyang Agricultural University, Shenyang, 110866 P.R. China 
6965137	Ying_Du	0000 0000 9886 8131grid.412557.0College of Plant Protection, Shenyang Agricultural University, Shenyang, 110866 P.R. China 
6965137	Weijing_Wang	0000 0000 9886 8131grid.412557.0College of Plant Protection, Shenyang Agricultural University, Shenyang, 110866 P.R. China 
6965137	Yumeng_Zhang	0000 0000 9886 8131grid.412557.0College of Plant Protection, Shenyang Agricultural University, Shenyang, 110866 P.R. China 
6965137	Mingshan_Ji	0000 0000 9886 8131grid.412557.0College of Plant Protection, Shenyang Agricultural University, Shenyang, 110866 P.R. China 
6992952	Alexandra_Schoeny	INRAE, Pathologie V&#xE9;g&#xE9;tale, F-84140, Montfavet, France
6992952	Patrick_Gognalons	INRAE, Pathologie V&#xE9;g&#xE9;tale, F-84140, Montfavet, France
6932783	Alina_Avanesyan	Department of Entomology, University of Maryland, College Park, Maryland, United States of America
6932783	Timothy K._Maugel	Laboratory for Biological Ultrastructure, University of Maryland, College Park, Maryland, United States of America
6932783	William O._Lamp	Department of Entomology, University of Maryland, College Park, Maryland, United States of America
6835795	Hwa Yeun_Nam	Entomology Program, Department of Agricultural Biotechnology, Seoul National University, Seoul 08826, Korea;  (Y.P.)
6835795	Yujeong_Park	Entomology Program, Department of Agricultural Biotechnology, Seoul National University, Seoul 08826, Korea;  (Y.P.)
6835795	Joon-Ho_Lee	Entomology Program, Department of Agricultural Biotechnology, Seoul National University, Seoul 08826, Korea;  (Y.P.)
6723448	Annette_Herz	Julius K&#xFC;hn-Institut, Institute for Biological Control, Heinrichstr. 243, 64287 Darmstadt, Germany
6723448	Fabian_Cahenzli	Department of Crop Sciences, Research Institute of Organic Agriculture (FiBL), Ackerstrasse 113, 5070 Frick, Switzerland
6723448	Servane_Penvern	INRA, Centre de Recherche PACA, UR Ecodeveloppement, 84914 Avignon, France
6723448	Lukas_Pfiffner	Department of Crop Sciences, Research Institute of Organic Agriculture (FiBL), Ackerstrasse 113, 5070 Frick, Switzerland
6723448	Marco_Tasin	Department of Plant Protection Biology&#x2014;Unit of Integrated Plant Protection, Swedish University of Agricultural Science, P.O. Box 102, SE-230 53 Alnarp, Sweden
6723448	Lene_Sigsgaard	Department of Plant and Environmental Sciences, University of Copenhagen (UCPH), Thorvaldsensvej 40, DK-1871 Frederiksberg C, Denmark
7009170	Antonio_Hern&#xE1;ndez&#x2010;Jerez	UNKNOWN
7009170	Paulien_Adriaanse	UNKNOWN
7009170	Annette_Aldrich	UNKNOWN
7009170	Philippe_Berny	UNKNOWN
7009170	Tamara_Coja	UNKNOWN
7009170	Sabine_Duquesne	UNKNOWN
7009170	Anne Louise_Gimsing	UNKNOWN
7009170	Marinovich_Marina	UNKNOWN
7009170	Maurice_Millet	UNKNOWN
7009170	Olavi_Pelkonen	UNKNOWN
7009170	Silvia_Pieper	UNKNOWN
7009170	Aaldrik_Tiktak	UNKNOWN
7009170	Ioanna_Tzoulaki	UNKNOWN
7009170	Anneli_Widenfalk	UNKNOWN
7009170	Gerrit_Wolterink	UNKNOWN
7009170	Danilo_Russo	UNKNOWN
7009170	Franz_Streissl	UNKNOWN
7009170	Christopher_Topping	UNKNOWN
6620339	Karina_Wieczorek	0000 0001 2259 4135grid.11866.38Department of Zoology, Faculty of Biology and Environmental Protection, University of Silesia, Bankowa 9, 40-007 Katowice, Poland 
6620339	Tim K._Fulcher	0000 0001 2097 4353grid.4903.eRoyal Botanic Gardens, Kew, London UK 
6620339	Dominik_Ch&#x142;ond	0000 0001 2259 4135grid.11866.38Department of Zoology, Faculty of Biology and Environmental Protection, University of Silesia, Bankowa 9, 40-007 Katowice, Poland 
6628405	Tessa R._Grasswitz	Sierra Biological, 2825 Swett Road, Lyndonville, NY 14098, USA; 
6564008	James Rudolph_Miksanek	        Department of Entomology, University of Minnesota, Saint Paul, Minnesota, United States of America      
6564008	George E._Heimpel	        Department of Entomology, University of Minnesota, Saint Paul, Minnesota, United States of America      
6572432	Neus_Rodr&#xED;guez-Gasol	IRTA Fruitcentre, PCiTAL, Park of Gardeny, Fruitcentre Building, 25003 Lleida, Spain;  (G.A.)
6572432	Jes&#xFA;s_Avilla	Department of Crop and Forest Science, Agrotecnio, University of Lleida, Avda. Alcalde Rovira Roure 191, 25199 Lleida, Spain; 
6572432	Yahana_Aparicio	IRTA, Ctra de Cabrils km.2, 08348 Cabrils, Barcelona, Spain;  (J.R.)
6572432	Judit_Arn&#xF3;	IRTA, Ctra de Cabrils km.2, 08348 Cabrils, Barcelona, Spain;  (J.R.)
6572432	Rosa_Gabarra	IRTA, Ctra de Cabrils km.2, 08348 Cabrils, Barcelona, Spain;  (J.R.)
6572432	Jordi_Riudavets	IRTA, Ctra de Cabrils km.2, 08348 Cabrils, Barcelona, Spain;  (J.R.)
6572432	Sim&#xF3;_Alegre	IRTA Fruitcentre, PCiTAL, Park of Gardeny, Fruitcentre Building, 25003 Lleida, Spain;  (G.A.)
6572432	Jaume_Lordan	IRTA Fruitcentre, PCiTAL, Park of Gardeny, Fruitcentre Building, 25003 Lleida, Spain;  (G.A.)
6572432	Georgina_Alins	IRTA Fruitcentre, PCiTAL, Park of Gardeny, Fruitcentre Building, 25003 Lleida, Spain;  (G.A.)
6572627	Yan_Wang	Key Laboratory of Plant Protection Resources and Pest Management of the Ministry of Education, College of Plant Protection, Northwest A&amp;F University, Yangling 712100, Shaanxi, China;  (L.L.)
6572627	Lingfei_Li	Key Laboratory of Plant Protection Resources and Pest Management of the Ministry of Education, College of Plant Protection, Northwest A&amp;F University, Yangling 712100, Shaanxi, China;  (L.L.)
6572627	Wu_Dai	Key Laboratory of Plant Protection Resources and Pest Management of the Ministry of Education, College of Plant Protection, Northwest A&amp;F University, Yangling 712100, Shaanxi, China;  (L.L.)
6502340	Robert J._Orpet	Department of Entomology, Tree Fruit Research and Extension Center, Washington State University, Wenatchee, Washington, United States of America
6502340	Vincent P._Jones	Department of Entomology, Tree Fruit Research and Extension Center, Washington State University, Wenatchee, Washington, United States of America
6502340	John P._Reganold	Department of Crop and Soil Sciences, Washington State University, Pullman, Washington, United States of America
6502340	David W._Crowder	Department of Entomology, Washington State University, Pullman, Washington, United States of America
6523324	Marion_Javal	Department of Conservation Ecology and Entomology, Faculty of AgriSciences, Stellenbosch University, Private Bag X1, Matieland 7602, South Africa;  (A.P.M.)
6523324	John S._Terblanche	Department of Conservation Ecology and Entomology, Faculty of AgriSciences, Stellenbosch University, Private Bag X1, Matieland 7602, South Africa;  (A.P.M.)
6523324	Desmond E._Conlong	Department of Conservation Ecology and Entomology, Faculty of AgriSciences, Stellenbosch University, Private Bag X1, Matieland 7602, South Africa;  (A.P.M.)
6523324	Antoinette P._Malan	Department of Conservation Ecology and Entomology, Faculty of AgriSciences, Stellenbosch University, Private Bag X1, Matieland 7602, South Africa;  (A.P.M.)
6600799	Xiang_Nong	Bamboo Diseases and Pest Control and Resources Development Key Laboratory of Sichuan Province, Sichuan 614000, China
6600799	Sheng-Nan_Zhong	Bamboo Diseases and Pest Control and Resources Development Key Laboratory of Sichuan Province, Sichuan 614000, China
6600799	Si-Min_Li	Bamboo Diseases and Pest Control and Resources Development Key Laboratory of Sichuan Province, Sichuan 614000, China
6600799	Yao-Jun_Yang	Bamboo Diseases and Pest Control and Resources Development Key Laboratory of Sichuan Province, Sichuan 614000, China
6600799	Zi_Liang	Bamboo Diseases and Pest Control and Resources Development Key Laboratory of Sichuan Province, Sichuan 614000, China
6600799	Yue_Xie	College of Veterinary Medicine, Sichuan Agricultural University, Chengdu 611130, China
6450873	Cameron P._Peace	0000 0001 2157 6568grid.30064.31Department of Horticulture, Washington State University, Pullman, WA 99164 USA 
6450873	Luca_Bianco	0000 0004 1755 6224grid.424414.3Computational Biology, Fondazione Edmund Mach, San Michele all&#x2019;Adige, TN 38010 Italy 
6450873	Michela_Troggio	0000 0004 1755 6224grid.424414.3Department of Genomics and Biology of Fruit Crops, Fondazione Edmund Mach, San Michele all&#x2019;Adige, TN 38010 Italy 
6450873	Eric_van de Weg	0000 0001 0791 5666grid.4818.5Plant Breeding, Wageningen University and Research, Wageningen, 6708PB The Netherlands 
6450873	Nicholas P._Howard	0000000419368657grid.17635.36Department of Horticultural Science, University of Minnesota, St. Paul, MN 55108 USA 
6450873	Amandine_Cornille	0000 0004 4910 6535grid.460789.4GQE &#x2013; Le Moulon, Institut National de la Recherche Agronomique, University of Paris-Sud, CNRS, AgroParisTech, Universit&#xE9; Paris-Saclay, 91190 Gif-sur-Yvette, France 
6450873	Charles-Eric_Durel	0000 0004 0613 5301grid.452456.4Institut National de la Recherche Agronomique, Institut de Recherche en Horticulture et Semences, UMR 1345, 49071 Beaucouz&#xE9;, France 
6450873	Sean_Myles	0000 0004 1936 8200grid.55602.34Department of Plant, Food and Environmental Sciences, Faculty of Agriculture, Dalhousie University, Truro, NS B2N 5E3 Canada 
6450873	Zo&#xEB;_Migicovsky	0000 0004 1936 8200grid.55602.34Department of Plant, Food and Environmental Sciences, Faculty of Agriculture, Dalhousie University, Truro, NS B2N 5E3 Canada 
6450873	Robert J._Schaffer	The New Zealand Institute for Plant and Food Research Ltd, Motueka, 7198 New Zealand 
6450873	Evelyne_Costes	0000 0001 2097 0141grid.121334.6AGAP, INRA, CIRAD, Montpellier SupAgro, University of Montpellier, Montpellier, France 
6450873	Gennaro_Fazio	0000 0004 0404 0958grid.463419.dPlant Genetic Resources Unit, USDA ARS, Geneva, NY 14456 USA 
6450873	Hisayo_Yamane	0000 0004 0372 2033grid.258799.8Laboratory of Pomology, Graduate School of Agriculture, Kyoto University, Kyoto, 606-8502 Japan 
6450873	Steve_van Nocker	0000 0001 2150 1785grid.17088.36Department of Horticulture, Michigan State University, East Lansing, MI 48824 USA 
6450873	Chris_Gottschalk	0000 0001 2150 1785grid.17088.36Department of Horticulture, Michigan State University, East Lansing, MI 48824 USA 
6450873	Fabrizio_Costa	0000 0004 1755 6224grid.424414.3Department of Genomics and Biology of Fruit Crops, Fondazione Edmund Mach, San Michele all&#x2019;Adige, TN 38010 Italy 
6450873	David_Chagn&#xE9;	grid.27859.31The New Zealand Institute for Plant and Food Research Ltd (Plant &amp; Food Research), Palmerston North Research Centre, Palmerston North, 4474 New Zealand 
6450873	Xinzhong_Zhang	0000 0004 0530 8290grid.22935.3fCollege of Horticulture, China Agricultural University, 100193 Beijing, China 
6450873	Andrea_Patocchi	0000 0004 4681 910Xgrid.417771.3Agroscope, 8820 W&#xE4;denswil, Switzerland 
6450873	Susan E._Gardiner	grid.27859.31The New Zealand Institute for Plant and Food Research Ltd (Plant &amp; Food Research), Palmerston North Research Centre, Palmerston North, 4474 New Zealand 
6450873	Craig_Hardner	0000 0000 9320 7537grid.1003.2Queensland Alliance of Agriculture and Food Innovation, University of Queensland, St Lucia, 4072 Australia 
6450873	Satish_Kumar	grid.27859.31New Cultivar Innovation, Plant and Food Research, Havelock North, 4130 New Zealand 
6450873	Francois_Laurens	0000 0004 0613 5301grid.452456.4Institut National de la Recherche Agronomique, Institut de Recherche en Horticulture et Semences, UMR 1345, 49071 Beaucouz&#xE9;, France 
6450873	Etienne_Bucher	0000 0004 0613 5301grid.452456.4Institut National de la Recherche Agronomique, Institut de Recherche en Horticulture et Semences, UMR 1345, 49071 Beaucouz&#xE9;, France 
6450873	Dorrie_Main	0000 0001 2157 6568grid.30064.31Department of Horticulture, Washington State University, Pullman, WA 99164 USA 
6450873	Sook_Jung	0000 0001 2157 6568grid.30064.31Department of Horticulture, Washington State University, Pullman, WA 99164 USA 
6450873	Stijn_Vanderzande	0000 0001 2157 6568grid.30064.31Department of Horticulture, Washington State University, Pullman, WA 99164 USA 
6468374	Oliver P._Stuart	School of BioSciences, Bio21 Molecular Science and Biotechnology Institute, The University of Melbourne, Parkville, Victoria 3052, Australia;  (P.A.U.)
6468374	Matthew_Binns	School of BioSciences, Bio21 Molecular Science and Biotechnology Institute, The University of Melbourne, Parkville, Victoria 3052, Australia;  (P.A.U.)
6468374	Paul A._Umina	School of BioSciences, Bio21 Molecular Science and Biotechnology Institute, The University of Melbourne, Parkville, Victoria 3052, Australia;  (P.A.U.)
6468374	Joanne_Holloway	New South Wales Department of Primary Industries, Wagga Wagga Agricultural Institute, Pine Gully Road, Charles Sturt University, New South Wales 2795, Australia; 
6468374	Dustin_Severtson	Department of Primary Industries and Regional Development, South Perth, Western Australia 6151, Australia; 
6468374	Michael_Nash	School of Agriculture, Food and Wine, the University of Adelaide, Urrbrae, South Australia 5064, Australia;  (M.v.H.)
6468374	Thomas_Heddle	South Australian Research and Development Institute, Entomology, Waite Road, Waite, Urrbrae, South Australia 5064, Australia; 
6468374	Maarten_van Helden	School of Agriculture, Food and Wine, the University of Adelaide, Urrbrae, South Australia 5064, Australia;  (M.v.H.)
6468374	Ary A._Hoffmann	School of BioSciences, Bio21 Molecular Science and Biotechnology Institute, The University of Melbourne, Parkville, Victoria 3052, Australia;  (P.A.U.)
6403475	Jos&#xE9; Roberto_Postali Parra	Department of Entomology and Acarology, University of S&#xE3;o Paulo (USP)/ Luiz de Queiroz College of Agriculture (ESALQ), Piracicaba, SP, Brazil
6403475	Aloisio_Coelho	Department of Entomology and Acarology, University of S&#xE3;o Paulo (USP)/ Luiz de Queiroz College of Agriculture (ESALQ), Piracicaba, SP, Brazil
6411660	Dao-Wei_Zhang	<institution>School of Biological and Agricultural Science and Technology, Zunyi Normal University</institution>, <addr-line>Zunyi</addr-line>, <country>China</country>
6411660	Zhong-Jiu_Xiao	<institution>School of Biological and Agricultural Science and Technology, Zunyi Normal University</institution>, <addr-line>Zunyi</addr-line>, <country>China</country>
6411660	Bo-Ping_Zeng	<institution>School of Biological and Agricultural Science and Technology, Zunyi Normal University</institution>, <addr-line>Zunyi</addr-line>, <country>China</country>
6411660	Kun_Li	<institution>School of Biological and Agricultural Science and Technology, Zunyi Normal University</institution>, <addr-line>Zunyi</addr-line>, <country>China</country>
6411660	Yan-Long_Tang	<institution>School of Biological and Agricultural Science and Technology, Zunyi Normal University</institution>, <addr-line>Zunyi</addr-line>, <country>China</country>
6387383	Jason A._Wulff	Department of Entomology, Texas A&amp;M University, College Station, TX 77843, USA; 
6387383	Mahnaz_Kiani	Department of Entomology, Texas A&amp;M AgriLife Research, Amarillo, TX 79106, USA; 
6387383	Karly_Regan	Department of Entomology, Penn State University, University Park, PA 16801, USA; 
6387383	Micky D._Eubanks	Department of Entomology, Texas A&amp;M University, College Station, TX 77843, USA; 
6387383	Adrianna_Szczepaniec	Department of Entomology, Texas A&amp;M AgriLife Research, Amarillo, TX 79106, USA; 
6023359	Sophie_Labaude	Department of Biology, Maynooth University, W23 A023 Maynooth, Co. Kildare, Ireland; 
6023359	Christine T._Griffin	Department of Biology, Maynooth University, W23 A023 Maynooth, Co. Kildare, Ireland; 
5674205	Amir_Biranvand	Young Researchers and Elite Club, Khorramabad Branch, Islamic Azad University, Khorramabad, Iran
5674205	Wioletta_Tomaszewska	Museum and Institute of Zoology, Polish Academy of Sciences, Warszawa, Poland
5674205	Wenjing_Li	Plant Protection Research Institute, Guangdong Academy of Agricultural Sciences, Guangzhou, Guangdong 510640, China
5674205	Vincent_Nicolas	27 Glane, 87200 Saint-Junien, France
5674205	Jahanshir_Shakarami	Plant Protection Department, Lorestan University, Agricultural faculty, Khorramabad, Iran
5674205	Lida_Fekrat	Department of Plant Protection, Faculty of Agriculture, Ferdowsi University of Mashhad, Mashhad, Iran
5674205	Shahram_Hesami	Department of Entomology, College of Agricultural Sciences, Shiraz Branch, Islamic Azad University, Shiraz, Iran
5620721	Alistair John_Campbell	Embrapa Amaz&#xF4;nia Oriental, Tv. Dr En&#xE9;as Pinheiro, S/N, Bel&#xE9;m, PA 66095-100, Brazil
5620721	Andrew_Wilby	Lancaster Environment Centre, Lancaster University, Lancaster LA1 4YQ, UK; 
5620721	Peter_Sutton	Jealotts Hill International Research Centre, Syngenta UK, Jealott&#x2019;s Hill, Bracknell RG42 6EY, UK; 
5620721	Felix_W&#xE4;ckers	Lancaster Environment Centre, Lancaster University, Lancaster LA1 4YQ, UK; 
5576687	Govinda_Shrestha	Western Triangle Ag Research Center, Montana State University, Conrad, MT, United States of America
5576687	Henrik_Skovg&#xE5;rd	Department of Agroecology, Science and Technology, Aarhus University, Research Centre Flakkebjerg, Fors&#xF8;gsvej 1, Slagelse, Denmark
5576687	Gadi V. P._Reddy	Western Triangle Ag Research Center, Montana State University, Conrad, MT, United States of America
5576687	Tove_Steenberg	Department of Agroecology, Science and Technology, Aarhus University, Research Centre Flakkebjerg, Fors&#xF8;gsvej 1, Slagelse, Denmark
5576687	Annie_Enkegaard	Department of Agroecology, Science and Technology, Aarhus University, Research Centre Flakkebjerg, Fors&#xF8;gsvej 1, Slagelse, Denmark
6151543	Agnieszka_Wo&#x17A;niak	Department of Plant Physiology, Pozna&#x144; University of Life Sciences, Wo&#x142;y&#x144;ska 35, 60-637 Pozna&#x144;, Poland; 
6151543	Kinga_Drzewiecka	Department of Chemistry, Pozna&#x144; University of Life Sciences, Wojska Polskiego 75, 60-625 Pozna&#x144;, Poland; 
6151543	Jacek_K&#x119;sy	Chair of Plant Physiology and Biotechnology, Nicolaus Copernicus University, Gagarina 9, 87&#x2212;100 Toru&#x144;, Poland; 
6151543	&#x141;ukasz_Marczak	Institute of Bioorganic Chemistry, Polish Academy of Sciences, Noskowskiego 12/14, 61-704 Pozna&#x144;, Poland; 
6151543	Dorota_Naro&#x17C;na	Department of Biochemistry and Biotechnology, Pozna&#x144; University of Life Sciences, Dojazd 11, 60-632 Pozna&#x144;, Poland; 
6151543	Marcin_Grobela	Department of Ecology and Environmental Protection, Laboratory of Environmental Analyses, the Institute of Plant Protection National Research Institute, W&#x119;gorka 20, 60&#x2212;101 Pozna&#x144;, Poland;  (R.M.)
6151543	Rafa&#x142;_Mota&#x142;a	Department of Ecology and Environmental Protection, Laboratory of Environmental Analyses, the Institute of Plant Protection National Research Institute, W&#x119;gorka 20, 60&#x2212;101 Pozna&#x144;, Poland;  (R.M.)
6151543	Jan_Bocianowski	Department of Mathematical and Statistical Methods, Pozna&#x144; University of Life Sciences, Wojska Polskiego 28, 60-637 Pozna&#x144;, Poland; 
6151543	Iwona_Morkunas	Department of Plant Physiology, Pozna&#x144; University of Life Sciences, Wo&#x142;y&#x144;ska 35, 60-637 Pozna&#x144;, Poland; 
5432507	Xing-Ya_Wang	State Key Laboratory for Biology of Plant Diseases and Insect Pests, Institute of Plant Protection, Chinese Academy of Agricultural Sciences, Beijing, 100193 P. R. China 
5432507	Xian-Ming_Yang	State Key Laboratory for Biology of Plant Diseases and Insect Pests, Institute of Plant Protection, Chinese Academy of Agricultural Sciences, Beijing, 100193 P. R. China 
5432507	Bin_Lu	0000000119573309grid.9227.eChengdu Institute of Biology, Chinese Academy of Sciences, Chengdu, Sichuan 610041 P.R. China 
5432507	Li-Hong_Zhou	0000 0004 1764 3029grid.464367.4Institute of Flower Research, Liaoning Academy of Agricultural Sciences, Shenyang, Liaoning 110161 P.R. China 
5432507	Kong-Ming_Wu	State Key Laboratory for Biology of Plant Diseases and Insect Pests, Institute of Plant Protection, Chinese Academy of Agricultural Sciences, Beijing, 100193 P. R. China 
5421791	Yan_Wang	State Key Laboratory of Crop Stress Biology for Arid Areas, College of Plant Protection, Northwest A&amp;F University, Yangling, China      
5421791	Wu_Dai	Key Laboratory of Plant Protection Resources and Pest Integrated Management of the Ministry of Education, College of Plant Protection, Northwest A&amp;F University, Yangling, China      
5376087	Noel G._Hahn	        Department of Entomology, Rutgers University, New Brunswick, New Jersey, United States of America      
5376087	Cesar_Rodriguez-Saona	        Department of Entomology, Rutgers University, New Brunswick, New Jersey, United States of America      
5376087	George C._Hamilton	        Department of Entomology, Rutgers University, New Brunswick, New Jersey, United States of America      
5057442	Viktor_Ulicsni	Department of Ecology, Faculty of Science and Informatics of the University of Szeged, K&#xF6;z&#xE9;p fasor 52, 6726 Szeged, Hungary 
5057442	Ingvar_Svanberg	Uppsala Centre for Russian and Eurasian Studies, Uppsala Univerisity, Box 514, 751 20 Uppsala, Sweden 
5057442	Zsolt_Moln&#xE1;r	MTA Centre for Ecological Research, Institute of Ecology and Botany, 2163 V&#xE1;cr&#xE1;t&#xF3;t, Hungary 
4933539	Abdul Rashid_War	Division of Crop Protection, International Crops Research Institute for the Semi-Arid Tropics (ICRISAT), Patancheru, Telangana, India.
4933539	Suraj Prasad_Sharma	Division of Crop Protection, International Crops Research Institute for the Semi-Arid Tropics (ICRISAT), Patancheru, Telangana, India.
4933539	Hari Chand_Sharma	Division of Crop Protection, International Crops Research Institute for the Semi-Arid Tropics (ICRISAT), Patancheru, Telangana, India.
4933086	Rebecca K._Peisley	School of Environmental Sciences, Charles Sturt University, Albury, New South Wales, Australia
4933086	Manu E._Saunders	Institute for Land, Water and Society, Charles Sturt University, Albury, New South Wales, Australia
4933086	Gary W._Luck	Institute for Land, Water and Society, Charles Sturt University, Albury, New South Wales, Australia
4811529	Giorgia_Carletti	Council for Agricultural Research and Economics (CREA)-Research Unit for Intensive Wood Production, Casale Monferrato (AL), Italy
4811529	Andrea_Carra	Council for Agricultural Research and Economics (CREA)-Research Unit for Intensive Wood Production, Casale Monferrato (AL), Italy
4811529	Gianni_Allegro	Council for Agricultural Research and Economics (CREA)-Research Unit for Intensive Wood Production, Casale Monferrato (AL), Italy
4811529	Lorenzo_Vietto	Council for Agricultural Research and Economics (CREA)-Research Unit for Intensive Wood Production, Casale Monferrato (AL), Italy
4811529	Francesca_Desiderio	Council for Agricultural Research and Economics (CREA)-Genomics Research Centre, Fiorenzuola d'Arda (PC), Italy
4811529	Paolo_Bagnaresi	Council for Agricultural Research and Economics (CREA)-Genomics Research Centre, Fiorenzuola d'Arda (PC), Italy
4811529	Alberto_Gianinetti	Council for Agricultural Research and Economics (CREA)-Genomics Research Centre, Fiorenzuola d'Arda (PC), Italy
4811529	Luigi_Cattivelli	Council for Agricultural Research and Economics (CREA)-Genomics Research Centre, Fiorenzuola d'Arda (PC), Italy
4811529	Giampiero_Val&#xE8;	Council for Agricultural Research and Economics (CREA)-Genomics Research Centre, Fiorenzuola d'Arda (PC), Italy
4811529	Giuseppe_Nervo	Council for Agricultural Research and Economics (CREA)-Research Unit for Intensive Wood Production, Casale Monferrato (AL), Italy
4715455	Lyubing_Zhang	Key Laboratory of Animal Ecology and Conservation Biology, Institute of Zoology, Chinese Academy of Sciences, Beijing, China
4715455	Zhigang_Jiang	Key Laboratory of Animal Ecology and Conservation Biology, Institute of Zoology, Chinese Academy of Sciences, Beijing, China
5216080	Ryan A._Richardson	Division of Plant Sciences, Christopher S. Bond Life Sciences Center, University of Missouri, 1201 Rollins Street, Columbia, MO 65211 USA 
5216080	M&#xE9;lanie_Body	Division of Plant Sciences, Christopher S. Bond Life Sciences Center, University of Missouri, 1201 Rollins Street, Columbia, MO 65211 USA 
5216080	Michele R._Warmund	Division of Plant Sciences, Department of Horticulture, University of Missouri, 1-31 Agriculture Building, Rollins Street, Columbia, MO 65211 USA 
5216080	Jack C._Schultz	Division of Plant Sciences, Christopher S. Bond Life Sciences Center, University of Missouri, 1201 Rollins Street, Columbia, MO 65211 USA 
5216080	Heidi M._Appel	Division of Plant Sciences, Christopher S. Bond Life Sciences Center, University of Missouri, 1201 Rollins Street, Columbia, MO 65211 USA 
4691162	Yuan_Wang	Key Laboratory of Zoological Systematics and Evolution, Institute of Zoology, Chinese Academy of Sciences, Beijing 100101, China;  (L.-Y.J.)
4691162	Jing_Chen	Key Laboratory of Zoological Systematics and Evolution, Institute of Zoology, Chinese Academy of Sciences, Beijing 100101, China;  (L.-Y.J.)
4691162	Li-Yun_Jiang	Key Laboratory of Zoological Systematics and Evolution, Institute of Zoology, Chinese Academy of Sciences, Beijing 100101, China;  (L.-Y.J.)
4691162	Ge-Xia_Qiao	Key Laboratory of Zoological Systematics and Evolution, Institute of Zoology, Chinese Academy of Sciences, Beijing 100101, China;  (L.-Y.J.)
4643147	Neelendra K._Joshi	Department of Entomology, Pennsylvania State University, University Park        PA, USA      
4643147	Edwin G._Rajotte	Department of Entomology, Pennsylvania State University, University Park        PA, USA      
4643147	Clayton T._Myers	United States Department of Agriculture &#x2013; Agricultural Research Service, Appalachian Fruit Research Station, Kearneysville        WV, USA      
4643147	Greg_Krawczyk	Entomology, Fruit Research and Extension Center, Pennsylvania State University, Biglerville        PA, USA      
4643147	Larry A._Hull	Entomology, Fruit Research and Extension Center, Pennsylvania State University, Biglerville        PA, USA      
4640660	Houston_Wilson	Department of Environmental Science, Policy and Management, University of California, Berkeley, California, United States of America
4640660	Albie F._Miles	Department of Environmental Science, Policy and Management, University of California, Berkeley, California, United States of America
4640660	Kent M._Daane	Department of Environmental Science, Policy and Management, University of California, Berkeley, California, United States of America
4640660	Miguel A._Altieri	Department of Environmental Science, Policy and Management, University of California, Berkeley, California, United States of America
4547034	Ilya A._Gavrilov-Zimin	Zoological Institute, Russian Academy of Sciences, Universitetskaya nab. 1, St. Petersburg 199034, Russia
4547034	Andrey V._Stekolshchikov	Zoological Institute, Russian Academy of Sciences, Universitetskaya nab. 1, St. Petersburg 199034, Russia
4547034	D.C._Gautam	Department of Bio-Sciences, Himachal Pradesh University, Shimla, India
4494710	Arnaud_Faille	Department of Entomology, Zoologische Staatssammlung, Munich, Germany
4494710	Dominique_Pluot-Sigwalt	Museum national d&#x2019;Histoire naturelle, D&#xE9;partement Syst&#xE9;matique et Evolution, Institut de Syst&#xE9;matique, Evolution, Biodiversit&#xE9;, UMR 7205 CNRS/MNHN, Paris, France
4598656	Petros_Damos	Open University of Cyprus, Faculty of Pure and Applied Sciences, Department of Environmental Conservation and Management, Main OUC building: 33, Giannou Kranidioti Ave., 2220, Latsia, Nicosia, Cyprus
4598656	Luc&#xED;a-Adriana_Escudero Colomar	IRTA, Sustainable Plant Protection (Entomology), IRTA-Mas Badia Agricultural Experimental Station. La Tallada d&#x2019;Empord&#xE0; S/N. 17134, Girona, Spain; E-Mail: 
4598656	Claudio_Ioriatti	Technology Transfer Centre, Fondazione Edmund Mach, Via Edmund Mach 1, 38010 San Michele all&#x2019;Adige (TN), Italy; E-Mail: 
4461417	Francisca_Zepeda-Paulo	Laboratorio de Interacciones Insecto-Planta, Instituto de Ciencias Biol&#xF3;gicas, Universidad de Talca          2 Norte 685, Talca, Chile        
4461417	Blas_Lavandero	Laboratorio de Interacciones Insecto-Planta, Instituto de Ciencias Biol&#xF3;gicas, Universidad de Talca          2 Norte 685, Talca, Chile        
4461417	Fr&#xE9;d&#xE9;rique_Mah&#xE9;o	INRA, Institut de G&#xE9;n&#xE9;tique, Environnement et Protection des Plantes (UMR IGEPP), Domaine de La Motte          35653, Le Rheu Cedex, France        
4461417	Emilie_Dion	INRA, Institut de G&#xE9;n&#xE9;tique, Environnement et Protection des Plantes (UMR IGEPP), Domaine de La Motte          35653, Le Rheu Cedex, France        
4461417	Yannick_Outreman	INRA, Institut de G&#xE9;n&#xE9;tique, Environnement et Protection des Plantes (UMR IGEPP), Domaine de La Motte          35653, Le Rheu Cedex, France        
4461417	Jean-Christophe_Simon	INRA, Institut de G&#xE9;n&#xE9;tique, Environnement et Protection des Plantes (UMR IGEPP), Domaine de La Motte          35653, Le Rheu Cedex, France        
4461417	Christian C_Figueroa	Laboratorio de Interacciones Insecto-Planta, Instituto de Ciencias Biol&#xF3;gicas, Universidad de Talca          2 Norte 685, Talca, Chile        
4214629	Juan-Juan_Xin	Department of Entomology, China Agricultural University, Beijing, PR China
4214629	Qing-Li_Shang	College of Plant Science and Technology, Jilin University, Changchun, PR China
4214629	Nicolas_Desneux	French National Institute for Agricultural Research (INRA), Paris, France
4214629	Xi-Wu_Gao	Department of Entomology, China Agricultural University, Beijing, PR China
4405786	Jaume_Lordan	IRTA &#x2013; Fruitcentre, Parc Cient&#xED;fic i Tecnol&#xF2;gic Agroalimentari de Lleida. Parc de Gardeny, edifici Fruitcentre, 25003 Lleida, Spain
4405786	Sim&#xF3;_Alegre	IRTA &#x2013; Fruitcentre, Parc Cient&#xED;fic i Tecnol&#xF2;gic Agroalimentari de Lleida. Parc de Gardeny, edifici Fruitcentre, 25003 Lleida, Spain
4405786	Ferran_Gatius	IRTA &#x2013; Fruitcentre, Parc Cient&#xED;fic i Tecnol&#xF2;gic Agroalimentari de Lleida. Parc de Gardeny, edifici Fruitcentre, 25003 Lleida, Spain
4405786	M. Jos&#xE9;_Saras&#xFA;a	IRTA &#x2013; Fruitcentre, Parc Cient&#xED;fic i Tecnol&#xF2;gic Agroalimentari de Lleida. Parc de Gardeny, edifici Fruitcentre, 25003 Lleida, Spain
4405786	Georgina_Alins	IRTA &#x2013; Fruitcentre, Parc Cient&#xED;fic i Tecnol&#xF2;gic Agroalimentari de Lleida. Parc de Gardeny, edifici Fruitcentre, 25003 Lleida, Spain
4051173	Philip J_Jensen	Department of Plant Pathology &amp; Environmental Microbiology, 211 Buckhout Laboratory, The Pennsylvania State University, 16802 University Park, PA, USA
4051173	Gennaro_Fazio	United States Department of Agriculture, Agricultural Research Service, Plant Genetics Resources Unit, 630 W. North St., 14456 Geneva, NY, USA
4051173	Naomi_Altman	Department of Statistics, 323 Thomas Building, The Pennsylvania State University, 16802 University Park, PA, USA
4051173	Craig_Praul	Genomics Core Facility, Huck Institutes of the Life Sciences, 412 Chandlee Laboratory, The Pennsylvania State University, 16802, University Park, PA, USA
4051173	Timothy W_McNellis	Department of Plant Pathology &amp; Environmental Microbiology, 211 Buckhout Laboratory, The Pennsylvania State University, 16802 University Park, PA, USA
3914791	Michele_Perazzolli	Research and Innovation Centre, Fondazione Edmund Mach, San Michele all&#x2019;Adige, Italy
3914791	Giulia_Malacarne	Research and Innovation Centre, Fondazione Edmund Mach, San Michele all&#x2019;Adige, Italy
3914791	Angela_Baldo	United States Department of Agriculture-Agricultural Research Service Plant Genetic Resources Unit, Geneva, New York, United States of America
3914791	Laura_Righetti	Research and Innovation Centre, Fondazione Edmund Mach, San Michele all&#x2019;Adige, Italy
3914791	Aubrey_Bailey	United States Department of Agriculture-Agricultural Research Service Plant Genetic Resources Unit, Geneva, New York, United States of America
3914791	Paolo_Fontana	Research and Innovation Centre, Fondazione Edmund Mach, San Michele all&#x2019;Adige, Italy
3914791	Riccardo_Velasco	Research and Innovation Centre, Fondazione Edmund Mach, San Michele all&#x2019;Adige, Italy
3914791	Mickael_Malnoy	Research and Innovation Centre, Fondazione Edmund Mach, San Michele all&#x2019;Adige, Italy
4206244	Sahand K._Khidr	School of Biosciences, University of Nottingham, Sutton Bonington Campus, Loughborough, LE12, 5RD, UK
4206244	Ian C.W._Hardy	School of Biosciences, University of Nottingham, Sutton Bonington Campus, Loughborough, LE12, 5RD, UK
4206244	Tania_Zaviezo	Departamento de Fruticultura y Enolog&#xED;a, Facultad de Agronom&#xED;a e Ingenier&#xED;a Forestal, Pontificia Universidad Cat&#xF3;lica de Chile, Casilla 306 &#x2013; 22, Santiago, Chile
4206244	Sean_Mayes	School of Biosciences, University of Nottingham, Sutton Bonington Campus, Loughborough, LE12, 5RD, UK
3764531	Andja_Vu&#x10D;eti&#x107;	University of Belgrade, Faculty of Agriculture, Nemanjina 6, Zemun, Belgrade, Serbia
3764531	Tanja_Vukov	University of Belgrade, Institute for Biological Research &#x201C;Sini&#x161;a Stankovi&#x107;&#x201D;, Belgrade, Serbia
3764531	Ivana_Jovi&#x10D;i&#x107;	University of Belgrade, Faculty of Agriculture, Nemanjina 6, Zemun, Belgrade, Serbia
3764531	Olivera_Petrovi&#x107;-Obradovi&#x107;	University of Belgrade, Faculty of Agriculture, Nemanjina 6, Zemun, Belgrade, Serbia
5779122	Heather_Kirk	1ETH ZurichInstitute of Agricultural Sciences, Applied EntomologyZurichSwitzerland
5779122	Silvia_Dorn	1ETH ZurichInstitute of Agricultural Sciences, Applied EntomologyZurichSwitzerland
5779122	Dominique_Mazzi	1ETH ZurichInstitute of Agricultural Sciences, Applied EntomologyZurichSwitzerland
3704940	Qiong_Zhang	Key Laboratory of Plant Germplasm Enhancement and Specialty Agriculture, Wuhan Botanical Garden, the Chinese Academy of Sciences, Wuhan 430074, People&#x2019;s Republic of China
3704940	Baiquan_Ma	Key Laboratory of Plant Germplasm Enhancement and Specialty Agriculture, Wuhan Botanical Garden, the Chinese Academy of Sciences, Wuhan 430074, People&#x2019;s Republic of China
3704940	Hui_Li	Institute for Horticultural Plants, China Agricultural University, Beijing 100193, People&#x2019;s Republic of China
3704940	Yuansheng_Chang	Institute for Horticultural Plants, China Agricultural University, Beijing 100193, People&#x2019;s Republic of China
3704940	Yuanyuan_Han	Institute for Horticultural Plants, China Agricultural University, Beijing 100193, People&#x2019;s Republic of China
3704940	Jing_Li	Key Laboratory of Plant Germplasm Enhancement and Specialty Agriculture, Wuhan Botanical Garden, the Chinese Academy of Sciences, Wuhan 430074, People&#x2019;s Republic of China
3704940	Guochao_Wei	Key Laboratory of Plant Germplasm Enhancement and Specialty Agriculture, Wuhan Botanical Garden, the Chinese Academy of Sciences, Wuhan 430074, People&#x2019;s Republic of China
3704940	Shuang_Zhao	Key Laboratory of Plant Germplasm Enhancement and Specialty Agriculture, Wuhan Botanical Garden, the Chinese Academy of Sciences, Wuhan 430074, People&#x2019;s Republic of China
3704940	Muhammad Awais_Khan	Department of Natural Resources and Environmental Sciences, University of Illinois, 1201 W. Gregory, Urbana, IL 61801, USA
3704940	Ying_Zhou	Key Laboratory of Plant Germplasm Enhancement and Specialty Agriculture, Wuhan Botanical Garden, the Chinese Academy of Sciences, Wuhan 430074, People&#x2019;s Republic of China
3704940	Chao_Gu	Key Laboratory of Plant Germplasm Enhancement and Specialty Agriculture, Wuhan Botanical Garden, the Chinese Academy of Sciences, Wuhan 430074, People&#x2019;s Republic of China
3704940	Xingzhong_Zhang	Institute for Horticultural Plants, China Agricultural University, Beijing 100193, People&#x2019;s Republic of China
3704940	Zhenhai_Han	Institute for Horticultural Plants, China Agricultural University, Beijing 100193, People&#x2019;s Republic of China
3704940	Schuyler S_Korban	Department of Natural Resources and Environmental Sciences, University of Illinois, 1201 W. Gregory, Urbana, IL 61801, USA
3704940	Shaohua_Li	Key Laboratory of Plant Germplasm Enhancement and Specialty Agriculture, Wuhan Botanical Garden, the Chinese Academy of Sciences, Wuhan 430074, People&#x2019;s Republic of China
3704940	Yuepeng_Han	Key Laboratory of Plant Germplasm Enhancement and Specialty Agriculture, Wuhan Botanical Garden, the Chinese Academy of Sciences, Wuhan 430074, People&#x2019;s Republic of China
3605023	Blas_Lavandero	1Laboratories de Interacciones Insecto-Planta, Instituto de Biolog&#xED;a y Biotecnolog&#xED;a Vegetal, Universidad de Talca, 2 Norte 685, Talca, Chile
3605023	Pamela_Rojas	2Instituto de Biolog&#xED;a y Biotecnolog&#xED;a Vegetal, Universidad de Talca, 2 Norte 685, Talca, Chile
3605023	Claudio C._Ramirez	1Laboratories de Interacciones Insecto-Planta, Instituto de Biolog&#xED;a y Biotecnolog&#xED;a Vegetal, Universidad de Talca, 2 Norte 685, Talca, Chile
3605023	Marcela_Salazar	2Instituto de Biolog&#xED;a y Biotecnolog&#xED;a Vegetal, Universidad de Talca, 2 Norte 685, Talca, Chile
3605023	Peter D.S._Caligari	2Instituto de Biolog&#xED;a y Biotecnolog&#xED;a Vegetal, Universidad de Talca, 2 Norte 685, Talca, Chile
3490065	Karina_Wieczorek	Department of Zoology, University of Silesia, Bankowa 9, 40-007 Katowice, Poland 
3490065	Bartosz J._P&#x142;achno	Department of Plant Cytology and Embryology, Jagiellonian University, Grodzka 52, 31-044 Cracow, Poland 
3490065	Piotr_&#x15A;wi&#x105;tek	Department of Animal Histology and Embryology, University of Silesia, Bankowa 9, 40-007 Katowice, Poland 
3421989	Charles_Ampomah-Dwamena	The New Zealand Institute for Plant &amp; Food Research Limited (PFR), Private Bag 92 169, Auckland, New Zealand
3421989	Supinya_Dejnoprat	The New Zealand Institute for Plant &amp; Food Research Limited (PFR), Private Bag 92 169, Auckland, New Zealand
3421989	David_Lewis	PFR, Palmerston North Research Centre, Palmerston North 4442, New Zealand
3421989	Paul_Sutherland	The New Zealand Institute for Plant &amp; Food Research Limited (PFR), Private Bag 92 169, Auckland, New Zealand
3421989	Richard K._Volz	PFR Hawke&#x2019;s Bay Research Centre, Havelock North 4157, New Zealand
3421989	Andrew C._Allan	The New Zealand Institute for Plant &amp; Food Research Limited (PFR), Private Bag 92 169, Auckland, New Zealand
3206839	Blas_Lavandero	Laboratorio de Interacciones Insecto-Planta, Universidad de Talca, Talca, Chile
3206839	Christian C._Figueroa	Facultad de Ciencias, Instituto de Ecolog&#xED;a y Evoluci&#xF3;n, Universidad Austral de Chile, Valdivia, Chile
3206839	Pierre_Franck	Plantes et Syst&#xE8;mes de culture Horticoles, INRA, Avignon, France
3206839	Angela_Mendez	Laboratorio de Interacciones Insecto-Planta, Universidad de Talca, Talca, Chile
3213338	Karina_Wieczorek	Department of Zoology, University of Silesia, Bankowa 9, 40-007 Katowice, Poland 
3213338	Bartosz J._P&#x142;achno	Department of Plant Cytology and Embryology, Jagiellonian University, Grodzka 52, 31-044 Cracow, Poland 
3213338	Piotr_&#x15A;wi&#x105;tek	Department of Animal Histology and Embryology, University of Silesia, Bankowa 9, 40-007 Katowice, Poland 
3281322	Qodratollah_Sabahi	1Department of Plant Protection, College of Agriculture, University of Tehran, Daneshkade St, Karaj, Iran
3281322	Arash_Rasekh	2Department of Plant Protection, College of Agriculture, Shahid Chamran University of Ahvaz, Ahvaz, Iran
3281322	J.P._Michaud	3Kansas State University, Agricultural Research Center &#x2014; Hays, 1232 240th Ave, Hays, KS 67601, USA
3095296	Erika_Varkonyi-Gasic	The New Zealand Institute for Plant &amp; Food Research Limited (Plant &amp; Food Research) Mt Albert, Private Bag 92169, Auckland Mail Centre, Auckland 1142, New Zealand
3095296	Nick_Gould	Plant &amp; Food Research Ruakura, Private Bag 3123, Waikato Mail Centre, Hamilton 3240, New Zealand
3095296	Manoharie_Sandanayaka	The New Zealand Institute for Plant &amp; Food Research Limited (Plant &amp; Food Research) Mt Albert, Private Bag 92169, Auckland Mail Centre, Auckland 1142, New Zealand
3095296	Paul_Sutherland	The New Zealand Institute for Plant &amp; Food Research Limited (Plant &amp; Food Research) Mt Albert, Private Bag 92169, Auckland Mail Centre, Auckland 1142, New Zealand
3095296	Robin M_MacDiarmid	The New Zealand Institute for Plant &amp; Food Research Limited (Plant &amp; Food Research) Mt Albert, Private Bag 92169, Auckland Mail Centre, Auckland 1142, New Zealand
3016710	Alexandre Pinho_Moura	1Department of Entomology and Phytopathology/Institute of Biology, Universidade Federal Rural do Rio de Janeiro-UFRRJ, 23890-000 Serop&#xE9;dica, Rio de Janeiro, Brazil
3016710	Geraldo Andrade_Carvalho	2Department of Entomology, Universidade Federal de Lavras-UFLA, P.O. Box 3037, 37200-000 Lavras, Minas Gerais, Brazil
3016710	Val&#xE9;ria Fonseca_Moscardini	2Department of Entomology, Universidade Federal de Lavras-UFLA, P.O. Box 3037, 37200-000 Lavras, Minas Gerais, Brazil
3016710	Olinto_Lasmar	2Department of Entomology, Universidade Federal de Lavras-UFLA, P.O. Box 3037, 37200-000 Lavras, Minas Gerais, Brazil
3016710	Denise Tourino_Rezende	2Department of Entomology, Universidade Federal de Lavras-UFLA, P.O. Box 3037, 37200-000 Lavras, Minas Gerais, Brazil
3016710	M&#xE1;rcio Candeias_Marques	3Escola Polit&#xE9;cnica de Sa&#xFA;de Joaquim Ven&#xE2;ncio, Funda&#xE7;&#xE3;o Oswaldo Cruz-FIOCRUZ, 21045-900, Av. Brasil, 4365, Manguinhos, Rio de Janeiro, Rio de Janeiro, Brazil
1615234	W.R.M._Sandanayaka	The Horticulture and Food Research Institute of New Zealand Ltd
1615234	V.G.M._Bus	Hawkes Bay Research Centre, Private Bag 1401, Havelock North, New Zealand
