pmcid	forename_lastname	affiliation
7376935	Anna-Lena_Cory	grid.9026.d0000 0001 2287 2617Institute of Zoology, Universit&#xE4;t Hamburg, Hamburg, Germany 
7376935	Jutta M._Schneider	grid.9026.d0000 0001 2287 2617Institute of Zoology, Universit&#xE4;t Hamburg, Hamburg, Germany 
7466190	Fernando_Rivero-Pino	Department of Chemical Engineering, University of Granada, 18071 Granada, Spain;  (E.M.G.)
7466190	F. Javier_Espejo-Carpio	Department of Chemical Engineering, University of Granada, 18071 Granada, Spain;  (E.M.G.)
7466190	Emilia M._Guadix	Department of Chemical Engineering, University of Granada, 18071 Granada, Spain;  (E.M.G.)
7390942	Annette Nygaard_Jensen	<institution>Division of Microbiology and Production, National Food Institute, Technical University of Denmark</institution>, <addr-line>Kongens Lyngby</addr-line>, <country>Denmark</country>
7390942	Sussie Hjort_Hansen	<institution>Division of Microbiology and Production, National Food Institute, Technical University of Denmark</institution>, <addr-line>Kongens Lyngby</addr-line>, <country>Denmark</country>
7390942	Dorte Lau_Baggesen	<institution>Division of Microbiology and Production, National Food Institute, Technical University of Denmark</institution>, <addr-line>Kongens Lyngby</addr-line>, <country>Denmark</country>
7373731	An_Borremans	<institution>Faculty of Engineering Technology, Department of Microbial and Molecular Systems (M2S)</institution>, <addr-line>KU Leuven, Geel</addr-line>, <country>Belgium</country>
7373731	Ruben_Smets	<institution>Faculty of Engineering Technology, Department of Microbial and Molecular Systems (M2S)</institution>, <addr-line>KU Leuven, Geel</addr-line>, <country>Belgium</country>
7373731	Leen_Van Campenhout	<institution>Faculty of Engineering Technology, Department of Microbial and Molecular Systems (M2S)</institution>, <addr-line>KU Leuven, Geel</addr-line>, <country>Belgium</country>
7404777	Sergio_Montserrat-de la Paz	Department of Medical Biochemistry, Molecular Biology and Immunology, School of Medicine, Universidad de Sevilla, Av. Dr. Fedriani 3, 41071 Seville, Spain;  (I.C.-C.)
7404777	Noelia M._Rodriguez-Martin	Department of Food &amp; Health, Instituto de la Grasa, CSIC. Ctra. de Utrera Km. 1, 41013 Seville, Spain;  (F.W.)
7404777	Alvaro_Villanueva	Department of Food &amp; Health, Instituto de la Grasa, CSIC. Ctra. de Utrera Km. 1, 41013 Seville, Spain;  (F.W.)
7404777	Justo_Pedroche	Department of Food &amp; Health, Instituto de la Grasa, CSIC. Ctra. de Utrera Km. 1, 41013 Seville, Spain;  (F.W.)
7404777	Ivan_Cruz-Chamorro	Department of Medical Biochemistry, Molecular Biology and Immunology, School of Medicine, Universidad de Sevilla, Av. Dr. Fedriani 3, 41071 Seville, Spain;  (I.C.-C.)
7404777	Francisco_Millan	Department of Food &amp; Health, Instituto de la Grasa, CSIC. Ctra. de Utrera Km. 1, 41013 Seville, Spain;  (F.W.)
7404777	Maria C._Millan-Linares	Department of Food &amp; Health, Instituto de la Grasa, CSIC. Ctra. de Utrera Km. 1, 41013 Seville, Spain;  (F.W.)
7404774	Anna_Jakubczyk	Department of Biochemistry and Food Chemistry, University of Life Sciences in Lublin, 20-704 Lublin, Poland; 
7404774	Monika_Kara&#x15B;	Department of Biochemistry and Food Chemistry, University of Life Sciences in Lublin, 20-704 Lublin, Poland; 
7404774	Kamila_Rybczy&#x144;ska-Tkaczyk	Department of Environmental Microbiology, University of Life Sciences in Lublin, 20-069 Lublin, Poland; 
7404774	Ewelina_Zieli&#x144;ska	Department of Analysis and Evaluation of Food Quality, University of Life Sciences in Lublin, 20-704 Lublin, Poland; 
7404774	Damian_Zieli&#x144;ski	Department of Animal Ethology and Wildlife Management, University of Life Sciences in Lublin, 20-950 Lublin, Poland; 
7341494	Zuzanna_Miko&#x142;ajczak	Department of Animal Nutrition, Pozna&#x144; University of Life Sciences, Wo&#x142;y&#x144;ska 33, 60-637 Pozna&#x144;, Poland; 
7341494	Mateusz_Rawski	Institute of Zoology, Division of Inland Fisheries and Aquaculture, Pozna&#x144; University of Life Sciences, Wojska Polskiego 71c, 60-625 Pozna&#x144;, Poland;  (J.M.)
7341494	Jan_Mazurkiewicz	Institute of Zoology, Division of Inland Fisheries and Aquaculture, Pozna&#x144; University of Life Sciences, Wojska Polskiego 71c, 60-625 Pozna&#x144;, Poland;  (J.M.)
7341494	Bartosz_Kiero&#x144;czyk	Department of Animal Nutrition, Pozna&#x144; University of Life Sciences, Wo&#x142;y&#x144;ska 33, 60-637 Pozna&#x144;, Poland; 
7341494	Damian_J&#xF3;zefiak	Department of Animal Nutrition, Pozna&#x144; University of Life Sciences, Wo&#x142;y&#x144;ska 33, 60-637 Pozna&#x144;, Poland; 
7353569	Aroa_Lopez-Santamarina	Laboratorio de Higiene Inspecci&#xF3;n y Control de Alimentos. Departamento de Qu&#xED;mica Anal&#xED;tica, Nutrici&#xF3;n y Bromatolog&#xED;a, Facultad de Veterinaria, Universidade de Santiago de Compostela, 27002 Lugo, Spain;  (C.M.F.)
7353569	Alicia del Carmen_Mondragon	Laboratorio de Higiene Inspecci&#xF3;n y Control de Alimentos. Departamento de Qu&#xED;mica Anal&#xED;tica, Nutrici&#xF3;n y Bromatolog&#xED;a, Facultad de Veterinaria, Universidade de Santiago de Compostela, 27002 Lugo, Spain;  (C.M.F.)
7353569	Alexandre_Lamas	Laboratorio de Higiene Inspecci&#xF3;n y Control de Alimentos. Departamento de Qu&#xED;mica Anal&#xED;tica, Nutrici&#xF3;n y Bromatolog&#xED;a, Facultad de Veterinaria, Universidade de Santiago de Compostela, 27002 Lugo, Spain;  (C.M.F.)
7353569	Jose Manuel_Miranda	Laboratorio de Higiene Inspecci&#xF3;n y Control de Alimentos. Departamento de Qu&#xED;mica Anal&#xED;tica, Nutrici&#xF3;n y Bromatolog&#xED;a, Facultad de Veterinaria, Universidade de Santiago de Compostela, 27002 Lugo, Spain;  (C.M.F.)
7353569	Carlos Manuel_Franco	Laboratorio de Higiene Inspecci&#xF3;n y Control de Alimentos. Departamento de Qu&#xED;mica Anal&#xED;tica, Nutrici&#xF3;n y Bromatolog&#xED;a, Facultad de Veterinaria, Universidade de Santiago de Compostela, 27002 Lugo, Spain;  (C.M.F.)
7353569	Alberto_Cepeda	Laboratorio de Higiene Inspecci&#xF3;n y Control de Alimentos. Departamento de Qu&#xED;mica Anal&#xED;tica, Nutrici&#xF3;n y Bromatolog&#xED;a, Facultad de Veterinaria, Universidade de Santiago de Compostela, 27002 Lugo, Spain;  (C.M.F.)
7289377	Rachel S._Bergmans	Department of Psychiatry, University of Michigan, Ann Arbor, Michigan, United States of America
7289377	Maria_Nikodemova	Department of Population Health Sciences, University of Wisconsin-Madison, Madison, Wisconsin, United States of America
7289377	Valerie J._Stull	Global Health Institute, University of Wisconsin-Madison, Madison, Wisconsin, United States of America
7289377	Ashley_Rapp	Department of Epidemiology, University of Michigan, Ann Arbor, Michigan, United States of America
7289377	Kristen M. C._Malecki	Department of Population Health Sciences, University of Wisconsin-Madison, Madison, Wisconsin, United States of America
7321092	Abir_Boukil	Department of Food Sciences, Institute of Nutrition and Functional Foods (INAF), Universit&#xE9; Laval, Quebec City, QC G1V 0A6, Canada;  (Y.P.)
7321092	V&#xE9;ronique_Perreault	Department of Food Sciences, Institute of Nutrition and Functional Foods (INAF), Universit&#xE9; Laval, Quebec City, QC G1V 0A6, Canada;  (Y.P.)
7321092	Julien_Chamberland	Department of Food Sciences, Institute of Nutrition and Functional Foods (INAF), Universit&#xE9; Laval, Quebec City, QC G1V 0A6, Canada;  (Y.P.)
7321092	Samir_Mezdour	AgroParisTech, UMR782 Paris-Saclay Food and Bioproduct Engineering (SayFood and Bioproduct Engineering), 1, rue des Olympiades, 91077 Massy, France; 
7321092	Yves_Pouliot	Department of Food Sciences, Institute of Nutrition and Functional Foods (INAF), Universit&#xE9; Laval, Quebec City, QC G1V 0A6, Canada;  (Y.P.)
7321092	Alain_Doyen	Department of Food Sciences, Institute of Nutrition and Functional Foods (INAF), Universit&#xE9; Laval, Quebec City, QC G1V 0A6, Canada;  (Y.P.)
7319135	Clint D._Kelly	1D&#xE9;partement des Sciences biologiquesUniversit&#xE9; du Qu&#xE9;bec &#xE0; Montr&#xE9;alMontrealQCCanada
7319135	Jules_Mc Cabe Leroux	1D&#xE9;partement des Sciences biologiquesUniversit&#xE9; du Qu&#xE9;bec &#xE0; Montr&#xE9;alMontrealQCCanada
7341516	Ange_Mouithys-Mickalad	Centre of Oxygen, Research and Development&#x2014;University of Liege, 4000 Li&#xE8;ge, Belgium;  (D.S.)
7341516	Eric_Schmitt	Protix B.V., 5107 NC Dongen, The Netherlands;  (M.v.S.)
7341516	Monika_Dalim	Protix B.V., 5107 NC Dongen, The Netherlands;  (M.v.S.)
7341516	Thierry_Franck	Centre of Oxygen, Research and Development&#x2014;University of Liege, 4000 Li&#xE8;ge, Belgium;  (D.S.)
7341516	Nuria Martin_Tome	Protix B.V., 5107 NC Dongen, The Netherlands;  (M.v.S.)
7341516	Michel_van Spankeren	Protix B.V., 5107 NC Dongen, The Netherlands;  (M.v.S.)
7341516	Didier_Serteyn	Centre of Oxygen, Research and Development&#x2014;University of Liege, 4000 Li&#xE8;ge, Belgium;  (D.S.)
7341516	Aman_Paul	Protix B.V., 5107 NC Dongen, The Netherlands;  (M.v.S.)
7261824	Antje_Fr&#xF6;hling	Quality and Safety of Food and Feed, Leibniz Institute for Agricultural Engineering and Bioeconomy (ATB), Potsdam, Germany
7261824	Sara_Bu&#xDF;ler	Quality and Safety of Food and Feed, Leibniz Institute for Agricultural Engineering and Bioeconomy (ATB), Potsdam, Germany
7261824	Julia_Durek	Quality and Safety of Food and Feed, Leibniz Institute for Agricultural Engineering and Bioeconomy (ATB), Potsdam, Germany
7261824	Oliver K._Schl&#xFC;ter	Quality and Safety of Food and Feed, Leibniz Institute for Agricultural Engineering and Bioeconomy (ATB), Potsdam, Germany
7290520	Yusuf Olamide_Kewuyemi	School of Tourism and Hospitality, College of Business and Economics, University of Johannesburg, P. O. Box 524, Bunting Road Campus, Johannesburg, Gauteng, South Africa; 
7290520	Hema_Kesa	School of Tourism and Hospitality, College of Business and Economics, University of Johannesburg, P. O. Box 524, Bunting Road Campus, Johannesburg, Gauteng, South Africa; 
7290520	Chiemela Enyinnaya_Chinma	Department of Food Science and Technology, Federal University of Technology, P.M.B. 65, Minna, Niger State, Nigeria; 
7290520	Oluwafemi Ayodeji_Adebo	Department of Biotechnology and Food Technology, Faculty of Science, University of Johannesburg, P. O. Box 17011, Doornfontein Campus, Johannesburg, Gauteng, South Africa
7278588	Dorothy N._Nyangena	Department of Food Science and Technology, Jomo Kenyatta University of Agriculture and Technology, Nairobi 00100, Kenya;  (J.K.)
7278588	Christopher_Mutungi	International Institute of Tropical Agriculture (IITA), Mikocheni Light Industrial Area, Dar es Salaam 34441, Tanzania
7278588	Samuel_Imathiu	Department of Food Science and Technology, Jomo Kenyatta University of Agriculture and Technology, Nairobi 00100, Kenya;  (J.K.)
7278588	John_Kinyuru	Department of Food Science and Technology, Jomo Kenyatta University of Agriculture and Technology, Nairobi 00100, Kenya;  (J.K.)
7278588	Hippolyte_Affognon	West and Central African Council for Agricultural Research for Development (CORAF), Dakar 3120, Senegal; 
7278588	Sunday_Ekesi	International Centre of Insect Physiology and Ecology, Nairobi 00100, Kenya; 
7278588	Dorothy_Nakimbugwe	Department of Food Technology and Nutrition, School of Technology, Nutrition and Bio-Engineering, Makerere University, Kampala 7062, Uganda; 
7278588	Komi K. M._Fiaboe	International Institute of Tropical Agriculture (IITA), Yaound&#xE9; 2008, Cameroon; 
7138310	Alex M._Winsor	Entomology and Nematology Department, University of Florida, Gainesville, FL, United States of America
7138310	Malika_Ihle	Entomology and Nematology Department, University of Florida, Gainesville, FL, United States of America
7138310	Lisa A._Taylor	Entomology and Nematology Department, University of Florida, Gainesville, FL, United States of America
7101423	K&#xE9;vin_Malod	0000 0001 2107 2298grid.49697.35Department of Zoology and Entomology, University of Pretoria, Private Bag X20, Hatfield, 0028 South Africa 
7101423	C. Ruth_Archer	0000 0004 1936 9748grid.6582.9Institute for Evolutionary Ecology and Conservation Genomics, University of Ulm, Ulm, Germany 
7101423	Minette_Karsten	0000 0001 2214 904Xgrid.11956.3aDepartment of Conservation Ecology &amp; Entomology, Stellenbosch University, Stellenbosch, South Africa 
7101423	Ruben_Cruywagen	0000 0001 2107 2298grid.49697.35Department of Zoology and Entomology, University of Pretoria, Private Bag X20, Hatfield, 0028 South Africa 
7101423	Alexandra_Howard	0000 0001 2107 2298grid.49697.35Department of Zoology and Entomology, University of Pretoria, Private Bag X20, Hatfield, 0028 South Africa 
7101423	Susan W._Nicolson	0000 0001 2107 2298grid.49697.35Department of Zoology and Entomology, University of Pretoria, Private Bag X20, Hatfield, 0028 South Africa 
7101423	Christopher W._Weldon	0000 0001 2107 2298grid.49697.35Department of Zoology and Entomology, University of Pretoria, Private Bag X20, Hatfield, 0028 South Africa 
7230224	Giulia_Leni	Department of Food and Drug, University of Parma, 43124 Parma, Italy;  (S.S.)
7230224	Lise_Soetemans	Department of Food and Drug, University of Parma, 43124 Parma, Italy;  (S.S.)
7230224	Augusta_Caligiani	Department of Food and Drug, University of Parma, 43124 Parma, Italy;  (S.S.)
7230224	Stefano_Sforza	Department of Food and Drug, University of Parma, 43124 Parma, Italy;  (S.S.)
7230224	Leen_Bastiaens	VITO, Flemish Insititute for Technolgical Research, 2400 Mol, Belgium
7102401	Logan R_Kilburn	Department of Animal Science, Iowa State University, Ames, IA
7102401	Anne T_Carlson	Jiminy&#x2019;s LLC, Berkeley, CA
7102401	Elizabeth_Lewis	NutraSteward, Bridge Innovation Center, Pembroke Dock, UK
7102401	Mariana C Rossoni_Serao	Department of Animal Science, Iowa State University, Ames, IA
7069193	Aleksandra_&#x141;ukasiewicz	grid.5633.30000 0001 2097 3545Evolutionary Biology Group, Faculty of Biology, Adam Mickiewicz University Pozna&#x144;, ul. Uniwersytetu Pozna&#x144;skiego 6, 61-614 Pozna&#x144;, Poland 
6998128	Charly_Jehan	0000 0004 4910 6615grid.493090.7UMR CNRS 6282 BioG&#xE9;oSciences, &#xC9;quipe &#xC9;cologie &#xC9;volutive, Universit&#xE9; Bourgogne-Franche Comt&#xE9;, Dijon, France 
6998128	Manon_Chogne	0000 0004 4910 6615grid.493090.7UMR CNRS 6282 BioG&#xE9;oSciences, &#xC9;quipe &#xC9;cologie &#xC9;volutive, Universit&#xE9; Bourgogne-Franche Comt&#xE9;, Dijon, France 
6998128	Thierry_Rigaud	0000 0004 4910 6615grid.493090.7UMR CNRS 6282 BioG&#xE9;oSciences, &#xC9;quipe &#xC9;cologie &#xC9;volutive, Universit&#xE9; Bourgogne-Franche Comt&#xE9;, Dijon, France 
6998128	Yannick_Moret	0000 0004 4910 6615grid.493090.7UMR CNRS 6282 BioG&#xE9;oSciences, &#xC9;quipe &#xC9;cologie &#xC9;volutive, Universit&#xE9; Bourgogne-Franche Comt&#xE9;, Dijon, France 
6992175	Melani_Muratore	        Department of Biology, University of Dayton, Dayton, Ohio, United States of America      
6992175	Chelse_Prather	        Department of Biology, University of Dayton, Dayton, Ohio, United States of America      
6992175	Yvonne_Sun	        Department of Biology, University of Dayton, Dayton, Ohio, United States of America      
7000658	Xin_Mao	College of Forestry, Guizhou University, Guiyang, China
7000658	Peter_Kusstatscher	Institute of Environmental Biotechnology, Graz University of Technology, Graz, Austria
7000658	Haoxi_Li	Guizhou Provincial Key Laboratory for Agricultural Pest Management of the Mountainous Region, Guiyang, China
7000658	Xiaoyulong_Chen	Guizhou Provincial Key Laboratory for Agricultural Pest Management of the Mountainous Region, Guiyang, China
7000658	Gabriele_Berg	Institute of Environmental Biotechnology, Graz University of Technology, Graz, Austria
7000658	Maofa_Yang	Institute of Entomology, Guizhou University, Guiyang, China
7000658	Tomislav_Cernava	Guizhou Provincial Key Laboratory for Agricultural Pest Management of the Mountainous Region, Guiyang, China
6985256	Giulia_Leni	0000 0004 1758 0937grid.10383.39Department of Food and Drug, University of Parma, Parma, Italy 
6985256	Tullia_Tedeschi	0000 0004 1758 0937grid.10383.39Department of Food and Drug, University of Parma, Parma, Italy 
6985256	Andrea_Faccini	Centro Interdipartimentale Misure &#x201C;Giuseppe Casnati&#x201D;, Parma, Italy 
6985256	Federico_Pratesi	0000 0004 1757 3729grid.5395.aDepartment of Clinical and Experimental Medicine, University of Pisa, Pisa, Italy 
6985256	Claudia_Folli	0000 0004 1758 0937grid.10383.39Department of Food and Drug, University of Parma, Parma, Italy 
6985256	Ilaria_Puxeddu	0000 0004 1757 3729grid.5395.aDepartment of Clinical and Experimental Medicine, University of Pisa, Pisa, Italy 
6985256	Paola_Migliorini	0000 0004 1757 3729grid.5395.aDepartment of Clinical and Experimental Medicine, University of Pisa, Pisa, Italy 
6985256	Natasja_Gianotten	Protifarm, Ermelo, The Netherlands 
6985256	Johan_Jacobs	Circular Organics, Turnhout, Belgium 
6985256	Stefaan_Depraetere	Circular Organics, Turnhout, Belgium 
6985256	Augusta_Caligiani	0000 0004 1758 0937grid.10383.39Department of Food and Drug, University of Parma, Parma, Italy 
6985256	Stefano_Sforza	0000 0004 1758 0937grid.10383.39Department of Food and Drug, University of Parma, Parma, Italy 
7006461	Wayne G._Rostant	1School of Biological SciencesUniversity of East AngliaNorwichNR4 7TJUnited Kingdom
7006461	Janet S._Mason	1School of Biological SciencesUniversity of East AngliaNorwichNR4 7TJUnited Kingdom
7006461	Jean&#x2010;Charles_de Coriolis	1School of Biological SciencesUniversity of East AngliaNorwichNR4 7TJUnited Kingdom
7006461	Tracey_Chapman	1School of Biological SciencesUniversity of East AngliaNorwichNR4 7TJUnited Kingdom
7023496	Yang-Ju_Son	Natural Products Research Institute, Korea Institute of Science and Technology, Gangneung Institute of Natural Products, Gangneung, Gangwon-do 25451, Korea;  (C.W.N.)
7023496	Soo Young_Choi	Sempio, Seoul 04557, Korea; 
7023496	In-Kyeong_Hwang	Department of Food and Nutrition and Research Institute of Human Ecology, Seoul National University, Seoul 08826, Korea; 
7023496	Chu Won_Nho	Natural Products Research Institute, Korea Institute of Science and Technology, Gangneung Institute of Natural Products, Gangneung, Gangwon-do 25451, Korea;  (C.W.N.)
7023496	Soo Hee_Kim	Department of Culinary Arts, Kyungmin University, Uijeongbu, Gyeonggi-do 11618, Korea
6903733	Andrea_Osimani	Dipartimento di Scienze Agrarie, Alimentari ed Ambientali, Universit&#xE0; Politecnica delle Marche, Ancona, Italy
6903733	Vesna_Milanovi&#x107;	Dipartimento di Scienze Agrarie, Alimentari ed Ambientali, Universit&#xE0; Politecnica delle Marche, Ancona, Italy
6903733	Andrea_Roncolini	Dipartimento di Scienze Agrarie, Alimentari ed Ambientali, Universit&#xE0; Politecnica delle Marche, Ancona, Italy
6903733	Paola_Riolo	Dipartimento di Scienze Agrarie, Alimentari ed Ambientali, Universit&#xE0; Politecnica delle Marche, Ancona, Italy
6903733	Sara_Ruschioni	Dipartimento di Scienze Agrarie, Alimentari ed Ambientali, Universit&#xE0; Politecnica delle Marche, Ancona, Italy
6903733	Nunzio_Isidoro	Dipartimento di Scienze Agrarie, Alimentari ed Ambientali, Universit&#xE0; Politecnica delle Marche, Ancona, Italy
6903733	Nino_Loreto	Dipartimento di Scienze Agrarie, Alimentari ed Ambientali, Universit&#xE0; Politecnica delle Marche, Ancona, Italy
6903733	Elena_Franciosi	Food Quality and Nutrition Department (DQAN), Research and Innovation Center, Fondazione Edmund Mach (FEM), San Michele all&#x2019;Adige, Italy
6903733	Kieran_Tuohy	Food Quality and Nutrition Department (DQAN), Research and Innovation Center, Fondazione Edmund Mach (FEM), San Michele all&#x2019;Adige, Italy
6903733	Ike_Olivotto	Dipartimento di Scienze della Vita e dell'Ambiente, Universit&#xE0; Politecnica delle Marche, Ancona, Italy
6903733	Matteo_Zarantoniello	Dipartimento di Scienze della Vita e dell'Ambiente, Universit&#xE0; Politecnica delle Marche, Ancona, Italy
6903733	Federica_Cardinali	Dipartimento di Scienze Agrarie, Alimentari ed Ambientali, Universit&#xE0; Politecnica delle Marche, Ancona, Italy
6903733	Cristiana_Garofalo	Dipartimento di Scienze Agrarie, Alimentari ed Ambientali, Universit&#xE0; Politecnica delle Marche, Ancona, Italy
6903733	Lucia_Aquilanti	Dipartimento di Scienze Agrarie, Alimentari ed Ambientali, Universit&#xE0; Politecnica delle Marche, Ancona, Italy
6903733	Francesca_Clementi	Dipartimento di Scienze Agrarie, Alimentari ed Ambientali, Universit&#xE0; Politecnica delle Marche, Ancona, Italy
7382160	Katharina_Schlegel	1Emil Fischer CenterDepartment of Chemistry and PharmacyFriedrich&#x2010;Alexander&#x2010;Universit&#xE4;t Erlangen&#x2010;N&#xFC;rnbergErlangenGermany
7382160	Katharina_Sontheimer	2Department Food Process DevelopmentFraunhofer Institute for Process Engineering and Packaging IVVFreisingGermany
7382160	Peter_Eisner	2Department Food Process DevelopmentFraunhofer Institute for Process Engineering and Packaging IVVFreisingGermany
7382160	Ute_Schweiggert&#x2010;Weisz	2Department Food Process DevelopmentFraunhofer Institute for Process Engineering and Packaging IVVFreisingGermany
6915536	Sungwon_Yoon	Department of Food Science and Technology, Chung-Ang University, Anseong 17546, Korea;  (M.C.)
6915536	Nathan A. K._Wong	Department of Food Science and Technology, Chung-Ang University, Anseong 17546, Korea;  (M.C.)
6915536	Minki_Chae	Department of Food Science and Technology, Chung-Ang University, Anseong 17546, Korea;  (M.C.)
6915536	Joong-Hyuck_Auh	Department of Food Science and Technology, Chung-Ang University, Anseong 17546, Korea;  (M.C.)
6920846	Borremans_An	Lab4Food, Department of Microbial and Molecular Systems (M2S), KU Leuven, Campus Geel, B-2440 Geel, Belgium;  (V.D.B.M.)
6920846	Crauwels_Sam	Laboratory for Process Microbial Ecology and Bioinspirational Management (PME&amp;BIM), Department of Microbial and Molecular Systems (M2S), KU Leuven, Campus De Nayer, B-2860 Sint-Katelijne-Waver, Belgium;  (L.B.)
6920846	Vandeweyer_Dries	Lab4Food, Department of Microbial and Molecular Systems (M2S), KU Leuven, Campus Geel, B-2440 Geel, Belgium;  (V.D.B.M.)
6920846	Smets_Ruben	Lab4Food, Department of Microbial and Molecular Systems (M2S), KU Leuven, Campus Geel, B-2440 Geel, Belgium;  (V.D.B.M.)
6920846	Verreth_Christel	Laboratory for Process Microbial Ecology and Bioinspirational Management (PME&amp;BIM), Department of Microbial and Molecular Systems (M2S), KU Leuven, Campus De Nayer, B-2860 Sint-Katelijne-Waver, Belgium;  (L.B.)
6920846	Van Der Borght_Mik	Lab4Food, Department of Microbial and Molecular Systems (M2S), KU Leuven, Campus Geel, B-2440 Geel, Belgium;  (V.D.B.M.)
6920846	Lievens_Bart	Laboratory for Process Microbial Ecology and Bioinspirational Management (PME&amp;BIM), Department of Microbial and Molecular Systems (M2S), KU Leuven, Campus De Nayer, B-2860 Sint-Katelijne-Waver, Belgium;  (L.B.)
6920846	Van Campenhout_Leen	Lab4Food, Department of Microbial and Molecular Systems (M2S), KU Leuven, Campus Geel, B-2440 Geel, Belgium;  (V.D.B.M.)
7069913	Charlotte_Helfrich-F&#xF6;rster	grid.8379.50000 0001 1958 8658Neurobiology and Genetics Biocentre, University of W&#xFC;rzburg, 97074 W&#xFC;rzburg, Germany 
6815191	Zolt&#xE1;n_R&#xE1;dai	<institution>MTA-DE Behavioural Ecology Research Group, Department of Evolutionary Zoology, University of Debrecen</institution>, <addr-line>Debrecen</addr-line>, <country>Hungary</country>
6815191	P&#xE9;ter_Kiss	<institution>MTA-DE Behavioural Ecology Research Group, Department of Evolutionary Zoology, University of Debrecen</institution>, <addr-line>Debrecen</addr-line>, <country>Hungary</country>
6815191	D&#xE1;vid_Nagy	<institution>MTA-DE Behavioural Ecology Research Group, Department of Evolutionary Zoology, University of Debrecen</institution>, <addr-line>Debrecen</addr-line>, <country>Hungary</country>
6815191	Zolt&#xE1;n_Barta	<institution>MTA-DE Behavioural Ecology Research Group, Department of Evolutionary Zoology, University of Debrecen</institution>, <addr-line>Debrecen</addr-line>, <country>Hungary</country>
7015479	Cristiano_Garino	UNKNOWN
7015479	Jutta_Zagon	UNKNOWN
7015479	Albert_Braeuning	UNKNOWN
6743483	Jessica K._Jarett	AnimalBiome, Oakland, CA, USA
6743483	Anne_Carlson	Jiminy&#x2019;s, Berkeley, CA, USA
6743483	Mariana_Rossoni Serao	Department of Animal Sciences, Iowa State University, Ames, IA, USA
6743483	Jessica_Strickland	Summit Ridge Farms, Susquehanna, PA, USA
6743483	Laurie_Serfilippi	Summit Ridge Farms, Susquehanna, PA, USA
6743483	Holly H._Ganz	AnimalBiome, Oakland, CA, USA
6769811	Concetta Maria_Messina	Laboratory of Marine biochemistry and ecotoxicology, Department of Earth and Marine Science DISTEM, University of Palermo, Via G. Barlotta 4, 91100 Trapani, Italy
6769811	Raimondo_Gaglio	Department of Agricultural, Food and Forestry Science, University of Palermo, Viale delle Scienze 4, 90128 Palermo, Italy
6769811	Maria_Morghese	Laboratory of Marine biochemistry and ecotoxicology, Department of Earth and Marine Science DISTEM, University of Palermo, Via G. Barlotta 4, 91100 Trapani, Italy
6769811	Marco_Tolone	Department of Agricultural, Food and Forestry Science, University of Palermo, Viale delle Scienze 4, 90128 Palermo, Italy
6769811	Rosaria_Arena	Laboratory of Marine biochemistry and ecotoxicology, Department of Earth and Marine Science DISTEM, University of Palermo, Via G. Barlotta 4, 91100 Trapani, Italy
6769811	Giancarlo_Moschetti	Department of Agricultural, Food and Forestry Science, University of Palermo, Viale delle Scienze 4, 90128 Palermo, Italy
6769811	Andrea_Santulli	Laboratory of Marine biochemistry and ecotoxicology, Department of Earth and Marine Science DISTEM, University of Palermo, Via G. Barlotta 4, 91100 Trapani, Italy
6769811	Nicola_Francesca	Department of Agricultural, Food and Forestry Science, University of Palermo, Viale delle Scienze 4, 90128 Palermo, Italy
6769811	Luca_Settanni	Department of Agricultural, Food and Forestry Science, University of Palermo, Viale delle Scienze 4, 90128 Palermo, Italy
6728817	Tae-Kyung_Kim	Research Group of Food Processing, KoreaFood Research Institute, Wanju 55365,Korea
6728817	Hae In_Yong	Research Group of Food Processing, KoreaFood Research Institute, Wanju 55365,Korea
6728817	Young-Boong_Kim	Research Group of Food Processing, KoreaFood Research Institute, Wanju 55365,Korea
6728817	Hyun-Wook_Kim	Department of Animal Science &amp;Biotechnology, Gyeongnam National University of Science andTechnology, Jinju 52725, Korea
6728817	Yun-Sang_Choi	Research Group of Food Processing, KoreaFood Research Institute, Wanju 55365,Korea
6722799	Giulia_Leni	Department of Food and Drug, University of Parma, Parco Area delle Scienze 27/A, 43124 Parma, Italy
6722799	Martina_Cirlini	Department of Food and Drug, University of Parma, Parco Area delle Scienze 27/A, 43124 Parma, Italy
6722799	Johan_Jacobs	Circular Organics, Slachthuisstraat 120/6, 2300 Turnhout, Belgium
6722799	Stefaan_Depraetere	Circular Organics, Slachthuisstraat 120/6, 2300 Turnhout, Belgium
6722799	Natasja_Gianotten	Protifarm, Harderwijkerweg 141B, 3852 AB Ermelo, The Netherlands
6722799	Stefano_Sforza	Department of Food and Drug, University of Parma, Parco Area delle Scienze 27/A, 43124 Parma, Italy
6722799	Chiara_Dall&#x2019;Asta	Department of Food and Drug, University of Parma, Parco Area delle Scienze 27/A, 43124 Parma, Italy
6724024	Pamela_Schr&#xF6;gel	Postgraduate Course for Toxicology and Environmental Toxicology, Institute for Legal Medicine, University of Leipzig, Johannisallee 28, 04103 Leipzig, Germany
6724024	Wim_W&#xE4;tjen	Institute of Agricultural and Nutritional Sciences, Martin-Luther-Universit&#xE4;t Halle-Wittenberg, Weinbergweg 22, 06120 Halle/Saale, Germany
6660708	Egon_Heiss	0000 0001 1939 2794grid.9613.dInstitute of Zoology and Evolutionary Research, Friedrich-Schiller-University of Jena, Erbertstr. 1, 07743 Jena, Germany 
6660708	Julia_Grell	0000 0001 1939 2794grid.9613.dInstitute of Zoology and Evolutionary Research, Friedrich-Schiller-University of Jena, Erbertstr. 1, 07743 Jena, Germany 
6720556	Simone_Mancini	Department of Veterinary Sciences, University of Pisa, Viale delle Piagge 2, 56124 Pisa, Italy
6720556	Filippo_Fratini	Department of Veterinary Sciences, University of Pisa, Viale delle Piagge 2, 56124 Pisa, Italy
6720556	Barbara_Turchi	Department of Veterinary Sciences, University of Pisa, Viale delle Piagge 2, 56124 Pisa, Italy
6720556	Simona_Mattioli	Department of Agricultural, Food and Environmental Science, University of Perugia, Borgo XX Giugno 74, 06100 Perugia, Italy
6720556	Alessandro_Dal Bosco	Department of Agricultural, Food and Environmental Science, University of Perugia, Borgo XX Giugno 74, 06100 Perugia, Italy
6720556	Tiziano_Tuccinardi	Department of Pharmacy, University of Pisa, Via Bonanno 6, 56124 Pisa, Italy
6720556	Sanjin_Nozic	Department of Veterinary Sciences, University of Pisa, Viale delle Piagge 2, 56124 Pisa, Italy
6720556	Gisella_Paci	Department of Veterinary Sciences, University of Pisa, Viale delle Piagge 2, 56124 Pisa, Italy
6694422	Katharina_Schlegel	1Chair of Aroma and Smell ResearchDepartment of Chemistry and PharmacyEmil Fischer CenterFriedrich&#x2010;Alexander&#x2010;Universit&#xE4;t Erlangen&#x2010;N&#xFC;rnbergErlangenGermany
6694422	Katharina_Sontheimer	2Department Food Process DevelopmentFraunhofer Institute for Process Engineering and Packaging IVVFreisingGermany
6694422	Andrea_Hickisch	2Department Food Process DevelopmentFraunhofer Institute for Process Engineering and Packaging IVVFreisingGermany
6694422	Ali Abas_Wani	2Department Food Process DevelopmentFraunhofer Institute for Process Engineering and Packaging IVVFreisingGermany
6694422	Peter_Eisner	2Department Food Process DevelopmentFraunhofer Institute for Process Engineering and Packaging IVVFreisingGermany
6694422	Ute_Schweiggert&#x2010;Weisz	2Department Food Process DevelopmentFraunhofer Institute for Process Engineering and Packaging IVVFreisingGermany
6643021	Carla_Di Mattia	<institution>Faculty of Biosciences and Technologies for Agriculture, Food, and Environment, University of Teramo</institution>, <addr-line>Teramo</addr-line>, <country>Italy</country>
6643021	Natalia_Battista	<institution>Faculty of Biosciences and Technologies for Agriculture, Food, and Environment, University of Teramo</institution>, <addr-line>Teramo</addr-line>, <country>Italy</country>
6643021	Giampiero_Sacchetti	<institution>Faculty of Biosciences and Technologies for Agriculture, Food, and Environment, University of Teramo</institution>, <addr-line>Teramo</addr-line>, <country>Italy</country>
6643021	Mauro_Serafini	<institution>Faculty of Biosciences and Technologies for Agriculture, Food, and Environment, University of Teramo</institution>, <addr-line>Teramo</addr-line>, <country>Italy</country>
6678567	Przemys&#x142;aw &#x141;ukasz_Kowalczewski	Institute of Food Technology of Plant Origin, Pozna&#x144; University of Life Sciences, 60-624 Pozna&#x144;, Poland
6678567	Katarzyna_Walkowiak	Department of Physics and Biophysics, Pozna&#x144; University of Life Sciences, 60-637 Pozna&#x144;, Poland
6678567	&#x141;ukasz_Masewicz	Department of Physics and Biophysics, Pozna&#x144; University of Life Sciences, 60-637 Pozna&#x144;, Poland
6678567	Olga_Bartczak	Students&#x2019; Scientific Club of Food Technologists, Pozna&#x144; University of Life Sciences, 60-624 Pozna&#x144;, Poland
6678567	Jacek_Lewandowicz	Chair of Production Engineering and Logistics, Poznan University of Technology, 60-965 Pozna&#x144;, Poland
6678567	Piotr_Kubiak	Department of Biotechnology and Food Microbiology, Pozna&#x144; University of Life Sciences, 60-627 Pozna&#x144;, Poland
6678567	Hanna Maria_Baranowska	Department of Physics and Biophysics, Pozna&#x144; University of Life Sciences, 60-637 Pozna&#x144;, Poland
6607056	Mochamad_Firmansyah	School of Life Sciences and Technology, Institut Teknologi Bandung, Jalan Ganesha 10, 40132 Bandung, Indonesia
6607056	Muhammad Yusuf_Abduh	School of Life Sciences and Technology, Institut Teknologi Bandung, Jalan Ganesha 10, 40132 Bandung, Indonesia
6519836	Atsushi_Miyashita	Department of Psychology and Neuroscience, Dalhousie University, Halifax, Nova Scotia, Canada
6519836	Ting Yat Marco_Lee	Department of Psychology and Neuroscience, Dalhousie University, Halifax, Nova Scotia, Canada
6519836	Laura E._McMillan	Department of Psychology and Neuroscience, Dalhousie University, Halifax, Nova Scotia, Canada
6519836	Russell_Easy	Department of Biology, Acadia University, Wolfville, Nova Scotia, Canada
6519836	Shelley A._Adamo	Department of Psychology and Neuroscience, Dalhousie University, Halifax, Nova Scotia, Canada
6523843	Giovanni_Sogari	Department of Food and Drug, University of Parma, 43124 Parma, Italy; 
6523843	Mario_Amato	Department of Political Sciences, University of Naples Federico II, 80138 Naples, Italy; 
6523843	Ilaria_Biasato	Department of Agricultural, Forest, and Food Sciences, University of Turin, Grugliasco, 10124 Torino, Italy;  (L.G.)
6523843	Silvana_Chiesa	Department of Food and Drug, University of Parma, 43124 Parma, Italy; 
6523843	Laura_Gasco	Department of Agricultural, Forest, and Food Sciences, University of Turin, Grugliasco, 10124 Torino, Italy;  (L.G.)
6418247	Bernardo_Saucedo	0000000120346234grid.5477.1Utrecht University, Utrecht, the Netherlands 
6418247	Trenton W. J._Garner	0000 0001 2242 7273grid.20419.3eZoological Society of London, London, United Kingdom 
6418247	Natasja_Kruithof	0000000120346234grid.5477.1Utrecht University, Utrecht, the Netherlands 
6418247	Steven J. R._Allain	0000 0001 2232 2818grid.9759.2Durrell Institute of Ecology and Evolution, University of Kent, London, UK 
6418247	Mark J._Goodman	Cambridgeshire and Peterborough Amphibian and Reptile Group, London, United Kingdom 
6418247	Raymond J._Cranfield	Essex Amphibian and Reptile Group, London, United Kingdom 
6418247	Chris_Sergeant	0000 0001 2242 7273grid.20419.3eZoological Society of London, London, United Kingdom 
6418247	Diego A._Vergara	0000 0001 2159 0001grid.9486.3National Autonomous University of, Mexico, Mexico 
6418247	Marja J. L._Kik	0000000120346234grid.5477.1Utrecht University, Utrecht, the Netherlands 
6418247	Mar&#xED;a J._Forz&#xE1;n	000000041936877Xgrid.5386.8Cornell University, College of Veterinary Medicine USA, Ithaca, USA 
6418247	Steven J._van Beurden	0000000120346234grid.5477.1Utrecht University, Utrecht, the Netherlands 
6418247	Andrea_Gr&#xF6;ne	0000000120346234grid.5477.1Utrecht University, Utrecht, the Netherlands 
6468054	Geoffrey D._Ower	1School of Biological SciencesIllinois State UniversityNormalIllinois
6468054	Steven A._Juliano	1School of Biological SciencesIllinois State UniversityNormalIllinois
6377144	Erin_Kiskaddon	        Department of Integrative Biology, University of South Florida, Tampa, FL, United States of America      
6377144	Kiley_Chernicky	        Department of Integrative Biology, University of South Florida, Tampa, FL, United States of America      
6377144	Susan_Bell	        Department of Integrative Biology, University of South Florida, Tampa, FL, United States of America      
6406663	Adamina_Duda	Students&#x2019; Scientific Club of Food Technologists, Faculty of Food Science and Nutrition, Pozna&#x144; University of Life Sciences, 60-637 Pozna&#x144;, Poland;  (J.J.)
6406663	Julia_Adamczak	Students&#x2019; Scientific Club of Food Technologists, Faculty of Food Science and Nutrition, Pozna&#x144; University of Life Sciences, 60-637 Pozna&#x144;, Poland;  (J.J.)
6406663	Paulina_Che&#x142;mi&#x144;ska	Students&#x2019; Scientific Club of Food Technologists, Faculty of Food Science and Nutrition, Pozna&#x144; University of Life Sciences, 60-637 Pozna&#x144;, Poland;  (J.J.)
6406663	Justyna_Juszkiewicz	Students&#x2019; Scientific Club of Food Technologists, Faculty of Food Science and Nutrition, Pozna&#x144; University of Life Sciences, 60-637 Pozna&#x144;, Poland;  (J.J.)
6406663	Przemys&#x142;aw_Kowalczewski	Institute of Food Technology of Plant Origin, Faculty of Food Science and Nutrition, Pozna&#x144; University of Life Sciences, 60-637 Pozna&#x144;, Poland
6358109	Andrea_Roncolini	Dipartimento di Scienze Agrarie, Alimentari ed Ambientali, Universit&#xE0; Politecnica delle Marche, via Brecce Bianche, Ancona, Italy
6358109	Vesna_Milanovi&#x107;	Dipartimento di Scienze Agrarie, Alimentari ed Ambientali, Universit&#xE0; Politecnica delle Marche, via Brecce Bianche, Ancona, Italy
6358109	Federica_Cardinali	Dipartimento di Scienze Agrarie, Alimentari ed Ambientali, Universit&#xE0; Politecnica delle Marche, via Brecce Bianche, Ancona, Italy
6358109	Andrea_Osimani	Dipartimento di Scienze Agrarie, Alimentari ed Ambientali, Universit&#xE0; Politecnica delle Marche, via Brecce Bianche, Ancona, Italy
6358109	Cristiana_Garofalo	Dipartimento di Scienze Agrarie, Alimentari ed Ambientali, Universit&#xE0; Politecnica delle Marche, via Brecce Bianche, Ancona, Italy
6358109	Riccardo_Sabbatini	Dipartimento di Scienze Agrarie, Alimentari ed Ambientali, Universit&#xE0; Politecnica delle Marche, via Brecce Bianche, Ancona, Italy
6358109	Francesca_Clementi	Dipartimento di Scienze Agrarie, Alimentari ed Ambientali, Universit&#xE0; Politecnica delle Marche, via Brecce Bianche, Ancona, Italy
6358109	Marina_Pasquini	Dipartimento di Scienze Agrarie, Alimentari ed Ambientali, Universit&#xE0; Politecnica delle Marche, via Brecce Bianche, Ancona, Italy
6358109	Massimo_Mozzon	Dipartimento di Scienze Agrarie, Alimentari ed Ambientali, Universit&#xE0; Politecnica delle Marche, via Brecce Bianche, Ancona, Italy
6358109	Roberta_Foligni	Dipartimento di Scienze Agrarie, Alimentari ed Ambientali, Universit&#xE0; Politecnica delle Marche, via Brecce Bianche, Ancona, Italy
6358109	Nadia_Raffaelli	Dipartimento di Scienze Agrarie, Alimentari ed Ambientali, Universit&#xE0; Politecnica delle Marche, via Brecce Bianche, Ancona, Italy
6358109	Federica_Zamporlini	Dipartimento di Scienze Agrarie, Alimentari ed Ambientali, Universit&#xE0; Politecnica delle Marche, via Brecce Bianche, Ancona, Italy
6358109	Gabriele_Minazzato	Dipartimento di Scienze Agrarie, Alimentari ed Ambientali, Universit&#xE0; Politecnica delle Marche, via Brecce Bianche, Ancona, Italy
6358109	Maria Federica_Trombetta	Dipartimento di Scienze Agrarie, Alimentari ed Ambientali, Universit&#xE0; Politecnica delle Marche, via Brecce Bianche, Ancona, Italy
6358109	Anse_Van Buitenen	KU Leuven, Department of Microbial and Molecular Systems (M2S), Faculty of Engineering Technology, Lab4Food, Technology Campus Geel, Geel, Belgium
6358109	Leen_Van Campenhout	KU Leuven, Department of Microbial and Molecular Systems (M2S), Faculty of Engineering Technology, Lab4Food, Technology Campus Geel, Geel, Belgium
6358109	Lucia_Aquilanti	Dipartimento di Scienze Agrarie, Alimentari ed Ambientali, Universit&#xE0; Politecnica delle Marche, via Brecce Bianche, Ancona, Italy
6387223	Rui_Liu	Jiangsu Key Laboratory of Research and Development in Marine Bio-resource Pharmaceutics, Nanjing University of Chinese Medicine, Nanjing 210023, China; 
6387223	Jianming_Cheng	Jiangsu Key Laboratory of Research and Development in Marine Bio-resource Pharmaceutics, Nanjing University of Chinese Medicine, Nanjing 210023, China; 
6387223	Hao_Wu	Jiangsu Key Laboratory of Research and Development in Marine Bio-resource Pharmaceutics, Nanjing University of Chinese Medicine, Nanjing 210023, China; 
6342094	Eoin_Duffy	1Institute of Environmental SciencesJagiellonian UniversityKrakowPoland
6342094	C. Ruth_Archer	2Science and Engineering Research Support Facility (SERSF)University of ExeterPenrynUK
6342094	Manmohan Dev_Sharma	2Science and Engineering Research Support Facility (SERSF)University of ExeterPenrynUK
6342094	Monika_Prus	1Institute of Environmental SciencesJagiellonian UniversityKrakowPoland
6342094	Richa A._Joag	1Institute of Environmental SciencesJagiellonian UniversityKrakowPoland
6342094	Jacek_Radwan	1Institute of Environmental SciencesJagiellonian UniversityKrakowPoland
6342094	Nina_Wedell	2Science and Engineering Research Support Facility (SERSF)University of ExeterPenrynUK
6342094	David J._Hosken	2Science and Engineering Research Support Facility (SERSF)University of ExeterPenrynUK
6550151	Stephanie M._Andler	000000041936877Xgrid.5386.8Department of Food Science, Cornell University, Ithaca, NY 14853 USA 
6550151	Julie M._Goddard	000000041936877Xgrid.5386.8Department of Food Science, Cornell University, Ithaca, NY 14853 USA 
6176531	Jean-Luc_Da Lage	UMR 9191 &#xC9;volution, G&#xE9;nomes, Comportement, &#xC9;cologie,CNRS, IRD, Universit&#xE9; Paris-Sud, Universit&#xE9; Paris-Saclay, Gif-sur-Yvette,France
6132929	Clara_Tramuta	Controllo Alimenti e Igiene delle Produzioni, Istituto Zooprofilattico Sperimentale Piemonte, Liguria e Valle d&#x2019;Aosta, via Bologna, Turin, Italy
6132929	Silvia_Gallina	Controllo Alimenti e Igiene delle Produzioni, Istituto Zooprofilattico Sperimentale Piemonte, Liguria e Valle d&#x2019;Aosta, via Bologna, Turin, Italy
6132929	Alberto_Bellio	Controllo Alimenti e Igiene delle Produzioni, Istituto Zooprofilattico Sperimentale Piemonte, Liguria e Valle d&#x2019;Aosta, via Bologna, Turin, Italy
6132929	Daniela M_Bianchi	Controllo Alimenti e Igiene delle Produzioni, Istituto Zooprofilattico Sperimentale Piemonte, Liguria e Valle d&#x2019;Aosta, via Bologna, Turin, Italy
6132929	Francesco_Chiesa	Dipartimento di Scienze Veterinarie, Universit&#xE0; di Torino, Largo Paolo Braccini, Grugliasco, Turin, Italy
6132929	Selene_Rubiola	Dipartimento di Scienze Veterinarie, Universit&#xE0; di Torino, Largo Paolo Braccini, Grugliasco, Turin, Italy
6132929	Angelo_Romano	Controllo Alimenti e Igiene delle Produzioni, Istituto Zooprofilattico Sperimentale Piemonte, Liguria e Valle d&#x2019;Aosta, via Bologna, Turin, Italy
6132929	Lucia_Decastelli	Controllo Alimenti e Igiene delle Produzioni, Istituto Zooprofilattico Sperimentale Piemonte, Liguria e Valle d&#x2019;Aosta, via Bologna, Turin, Italy
7015497	X_Fernandez&#x2010;Cassi	UNKNOWN
7015497	A_Supeanu	UNKNOWN
7015497	A_Jansson	UNKNOWN
7015497	S_Boqvist	UNKNOWN
7015497	I_Vagsholm	UNKNOWN
6194216	Magdalena_Nystrand	1School of Biological SciencesMonash UniversityClaytonVic.Australia
6194216	Elizabeth J._Cassidy	1School of Biological SciencesMonash UniversityClaytonVic.Australia
6194216	Damian K._Dowling	1School of Biological SciencesMonash UniversityClaytonVic.Australia
6073447	Leonor_Mendoza-Vargas	Departamento El Hombre y su Ambiente, Universidad Aut&#xF3;noma Metropolitana-Xochimilco (UAM-Xochimilco), 04960 Ciudad de M&#xE9;xico, Mexico;  (F.G.-M.)
6073447	Elizabeth_Guarneros-Ba&#xF1;uelos	Departamento de Fisiolog&#xED;a, Escuela Nacional de Ciencias Biol&#xF3;gicas, Instituto Polit&#xE9;cnico Nacional, 11340 Ciudad de M&#xE9;xico, Mexico; 
6073447	Armida_B&#xE1;ez-Salda&#xF1;a	Departamento de Biolog&#xED;a Celular, Instituto de Investigaciones Biom&#xE9;dicas, Universidad Nacional Aut&#xF3;noma de M&#xE9;xico, 04510 Ciudad de M&#xE9;xico, Mexico; 
6073447	Fabiola_Galicia-Mendoza	Departamento El Hombre y su Ambiente, Universidad Aut&#xF3;noma Metropolitana-Xochimilco (UAM-Xochimilco), 04960 Ciudad de M&#xE9;xico, Mexico;  (F.G.-M.)
6073447	Edgar_Flores-Soto	Departamento de Farmacolog&#xED;a, Facultad de Medicina, Universidad Nacional Aut&#xF3;noma de M&#xE9;xico, 04510 Ciudad de M&#xE9;xico, Mexico; 
6073447	Beatriz_Fuentes-Pardo	Departamento de Fisiolog&#xED;a, Facultad de Medicina, Universidad Nacional Aut&#xF3;noma de M&#xE9;xico, 04510 Ciudad de M&#xE9;xico, Mexico;  (R.A.)
6073447	Ram&#xF3;n_Alvarado	Departamento de Fisiolog&#xED;a, Facultad de Medicina, Universidad Nacional Aut&#xF3;noma de M&#xE9;xico, 04510 Ciudad de M&#xE9;xico, Mexico;  (R.A.)
6073447	Marcela_Vald&#xE9;s-Tovar	Laboratorio de Neurofarmacolog&#xED;a, Instituto Nacional de Psiquiatr&#xED;a Ram&#xF3;n de la Fuente Mu&#xF1;iz, 14370 Ciudad de M&#xE9;xico, Mexico;  (G.B.-K.)
6073447	Bettina_Sommer	Departamento de Investigaci&#xF3;n en Hiperreactividad Bronquial, Instituto Nacional de Enfermedades Respiratorias Ismael Cos&#xED;o Villegas, 14080 Ciudad de M&#xE9;xico, Mexico; 
6073447	Gloria_Ben&#xED;tez-King	Laboratorio de Neurofarmacolog&#xED;a, Instituto Nacional de Psiquiatr&#xED;a Ram&#xF3;n de la Fuente Mu&#xF1;iz, 14370 Ciudad de M&#xE9;xico, Mexico;  (G.B.-K.)
6073447	H&#xE9;ctor_Sol&#xED;s-Chagoy&#xE1;n	Laboratorio de Neurofarmacolog&#xED;a, Instituto Nacional de Psiquiatr&#xED;a Ram&#xF3;n de la Fuente Mu&#xF1;iz, 14370 Ciudad de M&#xE9;xico, Mexico;  (G.B.-K.)
6050247	Valerie J._Stull	0000 0001 2167 3675grid.14003.36Center for Sustainability and the Global Environment, University of Wisconsin-Madison, Madison, Wisconsin, USA 
6050247	Elijah_Finer	0000 0004 1936 8083grid.47894.36Department of Food Science and Human Nutrition, Colorado State University, Fort Collins, CO USA 
6050247	Rachel S._Bergmans	0000000086837370grid.214458.eDepartment of Psychiatry, School of Medicine, University of Michigan, Ann Arbor, Michigan, USA 
6050247	Hallie P._Febvre	0000 0004 1936 8083grid.47894.36Department of Food Science and Human Nutrition, Colorado State University, Fort Collins, CO USA 
6050247	Colin_Longhurst	0000 0001 2167 3675grid.14003.36Department of Biostatistics and Medical Informatics, University of Wisconsin-Madison, Madison, Wisconsin, USA 
6050247	Daniel K._Manter	USDA-ARS-Soil Management and Sugarbeet Research, Fort Collins, CO 80523 USA 
6050247	Jonathan A._Patz	0000 0001 2167 3675grid.14003.36Center for Sustainability and the Global Environment, University of Wisconsin-Madison, Madison, Wisconsin, USA 
6050247	Tiffany L._Weir	0000 0004 1936 8083grid.47894.36Department of Food Science and Human Nutrition, Colorado State University, Fort Collins, CO USA 
6037380	Ke_Li	College of Life Sciences, Shanxi Normal University, Linfen, Shanxi, China
6037380	Jin-Hui_Zhang	College of Life Sciences, Shanxi Normal University, Linfen, Shanxi, China
6037380	Yu-Jing_Yang	College of Life Sciences, Shanxi Normal University, Linfen, Shanxi, China
6037380	Wei_Han	Modern College of Humanities and Sciences, Shanxi Normal University, Linfen, Shanxi, China
6037380	Huan_Yin	College of Life Sciences, Shanxi Normal University, Linfen, Shanxi, China
6060796	Alice A._Dore	0000 0001 1092 7967grid.8273.eSchool of Biological Sciences, University of East Anglia, Norwich Research Park, Norwich, NR4 7TJ UK 
6060796	Laurin_McDowall	0000 0004 1936 8403grid.9909.9School of Biology, Faculty of Biological Sciences, University of Leeds, Leeds, LS2 9JT UK 
6060796	James_Rouse	0000 0004 1936 8403grid.9909.9School of Biology, Faculty of Biological Sciences, University of Leeds, Leeds, LS2 9JT UK 
6060796	Amanda_Bretman	0000 0004 1936 8403grid.9909.9School of Biology, Faculty of Biological Sciences, University of Leeds, Leeds, LS2 9JT UK 
6060796	Matthew J. G._Gage	0000 0001 1092 7967grid.8273.eSchool of Biological Sciences, University of East Anglia, Norwich Research Park, Norwich, NR4 7TJ UK 
6060796	Tracey_Chapman	0000 0001 1092 7967grid.8273.eSchool of Biological Sciences, University of East Anglia, Norwich Research Park, Norwich, NR4 7TJ UK 
6018733	Yang_Zeng	grid.440660.0Laboratory of Insect Behavior and Evolutionary Ecology, Central South University of Forestry and Technology, Changsha, 410004 Hunan Province China 
6018733	Feng-Hao_Zhou	grid.440660.0Laboratory of Insect Behavior and Evolutionary Ecology, Central South University of Forestry and Technology, Changsha, 410004 Hunan Province China 
6018733	Dao-Hong_Zhu	grid.440660.0Laboratory of Insect Behavior and Evolutionary Ecology, Central South University of Forestry and Technology, Changsha, 410004 Hunan Province China 
6107062	Daniel J_Leite	Department of Biological and Medical Sciences, Oxford Brookes University, Oxford, United Kingdom
6107062	Lu&#xED;s_Baudouin-Gonzalez	Department of Biological and Medical Sciences, Oxford Brookes University, Oxford, United Kingdom
6107062	Sawa_Iwasaki-Yokozawa	JT Biohistory Research Hall, Takatsuki, Osaka, Japan
6107062	Jesus_Lozano-Fernandez	School of Earth Sciences, University of Bristol, Life Sciences Building, Bristol, United Kingdom
6107062	Natascha_Turetzek	Department of Cellular Neurobiology, Johann-Friedrich-Blumenbach Institute for Zoology and Anthropology, Georg-August-University, G&#xF6;ttingen, Germany
6107062	Yasuko_Akiyama-Oda	JT Biohistory Research Hall, Takatsuki, Osaka, Japan
6107062	Nikola-Michael_Prpic	Department of Cellular Neurobiology, Johann-Friedrich-Blumenbach Institute for Zoology and Anthropology, Georg-August-University, G&#xF6;ttingen, Germany
6107062	Davide_Pisani	School of Earth Sciences, University of Bristol, Life Sciences Building, Bristol, United Kingdom
6107062	Hiroki_Oda	JT Biohistory Research Hall, Takatsuki, Osaka, Japan
6107062	Prashant P_Sharma	Department of Integrative Biology, University of Wisconsin-Madison, Madison, WI, USA
6107062	Alistair P_McGregor	Department of Biological and Medical Sciences, Oxford Brookes University, Oxford, United Kingdom
6041943	Michael E_Vickers	Entomology and Nematology Department, University of Florida, Gainesville, FL, USA
6041943	Lisa A_Taylor	Entomology and Nematology Department, University of Florida, Gainesville, FL, USA
5978952	Jack_Hollins	1Institute of Biodiversity, Animal Health and Comparative MedicineUniversity of GlasgowGlasgowUK
5978952	Davide_Thambithurai	1Institute of Biodiversity, Animal Health and Comparative MedicineUniversity of GlasgowGlasgowUK
5978952	Barbara_Koeck	1Institute of Biodiversity, Animal Health and Comparative MedicineUniversity of GlasgowGlasgowUK
5978952	Amelie_Crespel	1Institute of Biodiversity, Animal Health and Comparative MedicineUniversity of GlasgowGlasgowUK
5978952	David M._Bailey	1Institute of Biodiversity, Animal Health and Comparative MedicineUniversity of GlasgowGlasgowUK
5978952	Steven J._Cooke	2Fish Ecology and Conservation Physiology LaboratoryDepartment of Biology and Institute of Environmental ScienceCarleton UniversityOttawaONCanada
5978952	Jan_Lindstr&#xF6;m	1Institute of Biodiversity, Animal Health and Comparative MedicineUniversity of GlasgowGlasgowUK
5978952	Kevin J._Parsons	1Institute of Biodiversity, Animal Health and Comparative MedicineUniversity of GlasgowGlasgowUK
5978952	Shaun S._Killen	1Institute of Biodiversity, Animal Health and Comparative MedicineUniversity of GlasgowGlasgowUK
5872285	Claudia_Clarkson	Food Science Department, University of Otago, PO Box 56, Dunedin 9054, New Zealand;  (M.M.)
5872285	Miranda_Mirosa	Food Science Department, University of Otago, PO Box 56, Dunedin 9054, New Zealand;  (M.M.)
5872285	John_Birch	Food Science Department, University of Otago, PO Box 56, Dunedin 9054, New Zealand;  (M.M.)
5896731	Tanya M._Pennell	1College of Life and Environmental SciencesUniversity of Exeter, PenrynCornwallTR10 9FEUK
5896731	Luke_Holman	2School of BiosciencesUniversity of MelbourneParkvilleVictoria3052Australia
5896731	Edward H._Morrow	3Evolution Behaviour and Environment Group, School of Life SciencesUniversity of Sussex, FalmerEast SussexBN1 9QGUK
5896731	Jeremy_Field	1College of Life and Environmental SciencesUniversity of Exeter, PenrynCornwallTR10 9FEUK
5932934	Byoung Deug_Choi	        Department of Food Science and Technology, Chung-Ang University, Anseong 17546, Korea      
5932934	Nathan A. K._Wong	        Department of Food Science and Technology, Chung-Ang University, Anseong 17546, Korea      
5932934	Joong-Hyuck_Auh	        Department of Food Science and Technology, Chung-Ang University, Anseong 17546, Korea      
5799332	Carl D._Soulsbury	0000 0004 0420 4262grid.36511.30School of Life Sciences, University of Lincoln, Brayford Pool, Lincoln, UK 
5799332	Heli_Siitari	0000 0001 1013 7965grid.9681.6Department of Biological and Environmental Sciences, University of Jyv&#xE4;skyl&#xE4;, P.O. Box 35, 40014 Jyv&#xE4;skyl&#xE4;, Finland 
5799332	Christophe_Lebigre	0000 0004 0641 9240grid.4825.bIFREMER, Centre Brest, 29820 Plouzan&#xE9;, France 
5622730	Ewelina_Zieli&#x144;ska	Departament of Biochemistry and Food Chemistry, University of Life Sciences in Lublin, Skromna Str. 8, 20-704 Lublin, Poland;  (M.K.)
5622730	Barbara_Baraniak	Departament of Biochemistry and Food Chemistry, University of Life Sciences in Lublin, Skromna Str. 8, 20-704 Lublin, Poland;  (M.K.)
5622730	Monika_Kara&#x15B;	Departament of Biochemistry and Food Chemistry, University of Life Sciences in Lublin, Skromna Str. 8, 20-704 Lublin, Poland;  (M.K.)
5599978	James_Rapkin	1Centre for Ecology and Conservation, College of Life and Environmental SciencesUniversity of ExeterPenryn CampusPenrynCornwallTR10 9FEUnited Kingdom
5599978	C. Ruth_Archer	1Centre for Ecology and Conservation, College of Life and Environmental SciencesUniversity of ExeterPenryn CampusPenrynCornwallTR10 9FEUnited Kingdom
5599978	Charles E._Grant	1Centre for Ecology and Conservation, College of Life and Environmental SciencesUniversity of ExeterPenryn CampusPenrynCornwallTR10 9FEUnited Kingdom
5599978	Kim_Jensen	1Centre for Ecology and Conservation, College of Life and Environmental SciencesUniversity of ExeterPenryn CampusPenrynCornwallTR10 9FEUnited Kingdom
5599978	Clarissa M._House	1Centre for Ecology and Conservation, College of Life and Environmental SciencesUniversity of ExeterPenryn CampusPenrynCornwallTR10 9FEUnited Kingdom
5599978	Alastair J._Wilson	1Centre for Ecology and Conservation, College of Life and Environmental SciencesUniversity of ExeterPenryn CampusPenrynCornwallTR10 9FEUnited Kingdom
5599978	John_Hunt	1Centre for Ecology and Conservation, College of Life and Environmental SciencesUniversity of ExeterPenryn CampusPenrynCornwallTR10 9FEUnited Kingdom
5415524	Brenda Jessica_Arriaga&#x2010;Osnaya	                  1                UBIPRO        Laboratorio de Ecolog&#xED;a        FES Iztacala        Universidad Nacional Aut&#xF3;noma de M&#xE9;xico        M&#xE9;xico City        M&#xE9;xico      
5415524	Jorge_Contreras&#x2010;Gardu&#xF1;o	                  2                ENES, Unidad Morelia        Universidad Nacional Aut&#xF3;noma de M&#xE9;xico        Morelia        Michoac&#xE1;n        M&#xE9;xico      
5415524	Francisco Javier_Espinosa&#x2010;Garc&#xED;a	                  3                Instituto de Investigaciones en Ecosistemas y Sustentabilidad        Universidad Nacional Aut&#xF3;noma de M&#xE9;xico        Morelia        Michoac&#xE1;n        M&#xE9;xico      
5415524	Yolanda Magdalena_Garc&#xED;a&#x2010;Rodr&#xED;guez	                  3                Instituto de Investigaciones en Ecosistemas y Sustentabilidad        Universidad Nacional Aut&#xF3;noma de M&#xE9;xico        Morelia        Michoac&#xE1;n        M&#xE9;xico      
5415524	Miguel_Moreno&#x2010;Garc&#xED;a	                  4                Centro de Investigaciones Sobre Enfermedades Infecciosas        Instituto Nacional de Salud P&#xFA;blica        Cuernavaca        Morelos        M&#xE9;xico      
5415524	Humberto_Lanz&#x2010;Mendoza	                  4                Centro de Investigaciones Sobre Enfermedades Infecciosas        Instituto Nacional de Salud P&#xFA;blica        Cuernavaca        Morelos        M&#xE9;xico      
5415524	H&#xE9;ctor_God&#xED;nez&#x2010;&#xC1;lvarez	                  1                UBIPRO        Laboratorio de Ecolog&#xED;a        FES Iztacala        Universidad Nacional Aut&#xF3;noma de M&#xE9;xico        M&#xE9;xico City        M&#xE9;xico      
5415524	Ra&#xFA;l_Cueva del Castillo	                  1                UBIPRO        Laboratorio de Ecolog&#xED;a        FES Iztacala        Universidad Nacional Aut&#xF3;noma de M&#xE9;xico        M&#xE9;xico City        M&#xE9;xico      
4955161	Kasinathan_Gunasekaran	Vector Control Research Centre (ICMR), Medical Complex, Indira Nagar, Puducherry, 605 006 India 
4955161	Sudhansu Sekhar_Sahu	Vector Control Research Centre (ICMR), Medical Complex, Indira Nagar, Puducherry, 605 006 India 
4955161	Tharmalingam_Vijayakumar	Vector Control Research Centre (ICMR), Medical Complex, Indira Nagar, Puducherry, 605 006 India 
4955161	Swaminathan_Subramanian	Vector Control Research Centre (ICMR), Medical Complex, Indira Nagar, Puducherry, 605 006 India 
4955161	Rajpal Singh_Yadav	World Health Organization Pesticide Evaluation Scheme, Department of Control of Neglected Tropical Diseases, WHO, Geneva, Switzerland 
4955161	Olivier_Pigeon	Agriculture and Natural Environment Department (D3), Walloon Agricultural Research Centre (CRA-W), Gembloux, Belgium 
4955161	Purushothaman_Jambulingam	Vector Control Research Centre (ICMR), Medical Complex, Indira Nagar, Puducherry, 605 006 India 
4987109	Daniel J._Leite	Department of Biological and Medical Sciences, Oxford Brookes University, Gipsy Lane, Oxford, OX3 0BP, United Kingdom
4987109	Maria_Ninova	Faculty of Life Sciences, University of Manchester, United Kingdom
4987109	Maarten_Hilbrant	Department of Biological and Medical Sciences, Oxford Brookes University, Gipsy Lane, Oxford, OX3 0BP, United Kingdom
4987109	Saad_Arif	Department of Biological and Medical Sciences, Oxford Brookes University, Gipsy Lane, Oxford, OX3 0BP, United Kingdom
4987109	Sam_Griffiths-Jones	Faculty of Life Sciences, University of Manchester, United Kingdom
4987109	Matthew_Ronshaugen	Faculty of Life Sciences, University of Manchester, United Kingdom
4987109	Alistair P._McGregor	Department of Biological and Medical Sciences, Oxford Brookes University, Gipsy Lane, Oxford, OX3 0BP, United Kingdom
4979695	Malin_Ah&#x2010;King	1Centre for Gender ResearchUppsala UniversityBox&#xA0;527SE&#x2010;751 20UppsalaSweden
4979695	Patricia Adair_Gowaty	2Department of Ecology and Evolutionary Biology621 Charles E. Young Dr. S.Los AngelesCalifornia90095
4897696	Juliano_Morimoto	Department of Zoology, Edward Grey Institute, University of Oxford, South Parks Road, Oxford OX1 3PS, United Kingdom
4897696	Stuart_Wigby	Department of Zoology, Edward Grey Institute, University of Oxford, South Parks Road, Oxford OX1 3PS, United Kingdom
4882615	B&#xE1;lint_&#xDC;veges	Konrad Lorenz Institute of Ethology, Department of Integrative Biology and Evolution, University of Veterinary Medicine Vienna, Savoyenstra&#xDF;e 1A, 1160 Vienna, Austria
4882615	Katharina_Mahr	Konrad Lorenz Institute of Ethology, Department of Integrative Biology and Evolution, University of Veterinary Medicine Vienna, Savoyenstra&#xDF;e 1A, 1160 Vienna, Austria
4882615	M&#xE1;rk_Szederk&#xE9;nyi	Konrad Lorenz Institute of Ethology, Department of Integrative Biology and Evolution, University of Veterinary Medicine Vienna, Savoyenstra&#xDF;e 1A, 1160 Vienna, Austria
4882615	Veronika_B&#xF3;kony	Lend&#xFC;let Evolutionary Ecology Research Group, Plant Protection Institute, Centre for Agricultural Research, Hungarian Academy of Sciences, Herman Ott&#xF3; &#xFA;t 15, 1022 Budapest, Hungary
4882615	Herbert_Hoi	Konrad Lorenz Institute of Ethology, Department of Integrative Biology and Evolution, University of Veterinary Medicine Vienna, Savoyenstra&#xDF;e 1A, 1160 Vienna, Austria
4882615	Attila_Hettyey	Lend&#xFC;let Evolutionary Ecology Research Group, Plant Protection Institute, Centre for Agricultural Research, Hungarian Academy of Sciences, Herman Ott&#xF3; &#xFA;t 15, 1022 Budapest, Hungary
4712936	C. Ruth_Archer	Max Planck Research Group, Laboratory of Survival and Longevity, Max Planck Institute for Demographic Research Konrad-Zuse-Str. 1, 18057 Rostock, Germany; E-Mail: 
4712936	Sarah_Hempenstall	Leiden University Medical Center, Postzone S4-P, P.O. Box 9600, 2300 RC Leiden, The Netherlands; E-Mail: 
4712936	Nick J._Royle	Centre for Ecology and Conservation, College of Life and Environmental Sciences, University of Exeter, Tremough Campus, Cornwall TR10 9FE, UK; E-Mails:  (J.D.B)
4712936	Colin_Selman	Institute of Biodiversity, Animal Health and Comparative Medicine, College of Medical, Veterinary &amp; Life Sciences, Graham Kerr Building, University of Glasgow, Glasgow G12 8QQ, UK; E-Mail: 
4712936	Sheridan_Willis	Centre for Ecology and Conservation, College of Life and Environmental Sciences, University of Exeter, Tremough Campus, Cornwall TR10 9FE, UK; E-Mails:  (J.D.B)
4712936	James_Rapkin	Centre for Ecology and Conservation, College of Life and Environmental Sciences, University of Exeter, Tremough Campus, Cornwall TR10 9FE, UK; E-Mails:  (J.D.B)
4712936	Jon D._Blount	Centre for Ecology and Conservation, College of Life and Environmental Sciences, University of Exeter, Tremough Campus, Cornwall TR10 9FE, UK; E-Mails:  (J.D.B)
4712936	John_Hunt	Centre for Ecology and Conservation, College of Life and Environmental Sciences, University of Exeter, Tremough Campus, Cornwall TR10 9FE, UK; E-Mails:  (J.D.B)
4750363	Ana_Duarte	Department of Zoology, University of Cambridge, Downing Street, Cambridge, CB2 3EJ UK 
4750363	Sheena C._Cotter	School of Biological Sciences, Queen&#x2019;s University Belfast, MBC, 97 Lisburn Rd, Belfast, BT9 7BL UK 
4750363	Catherine E._Reavey	School of Biological Sciences, Queen&#x2019;s University Belfast, MBC, 97 Lisburn Rd, Belfast, BT9 7BL UK 
4750363	Richard J. S._Ward	Department of Zoology, University of Cambridge, Downing Street, Cambridge, CB2 3EJ UK 
4750363	Ornela_De Gasperin	Department of Zoology, University of Cambridge, Downing Street, Cambridge, CB2 3EJ UK 
4750363	Rebecca M._Kilner	Department of Zoology, University of Cambridge, Downing Street, Cambridge, CB2 3EJ UK 
4797379	Michelle L._Taylor	Centre for Ecology and Conservation, College of Life and Environmental Sciences, Biosciences, University of Exeter, Penryn Campus, Penryn, Cornwall TR10 9FE, UK and
4797379	Tom A.R._Price	Institute for Integrative Biology, Faculty of Health and Life Sciences, University of Liverpool, Crown Street, Liverpool L69 7ZB, UK
4797379	Alison_Skeats	Centre for Ecology and Conservation, College of Life and Environmental Sciences, Biosciences, University of Exeter, Penryn Campus, Penryn, Cornwall TR10 9FE, UK and
4797379	Nina_Wedell	Centre for Ecology and Conservation, College of Life and Environmental Sciences, Biosciences, University of Exeter, Penryn Campus, Penryn, Cornwall TR10 9FE, UK and
4662306	Louise L._Christensen	                  1                Institute of Biological and Environmental Sciences        University of Aberdeen        Aberdeen        UK      
4662306	Colin_Selman	                  2                Glasgow Ageing Research Network (GARNER)        Institute of Biodiversity        Animal Health and Comparative Medicine        University of Glasgow        Glasgow        UK      
4662306	Jonathan D._Blount	                  3                College of Life and Environmental Sciences        University of Exeter        Penryn Campus        UK      
4662306	Jill G._Pilkington	                  4                Institute of Evolutionary Biology        University of Edinburgh        Edinburgh        UK      
4662306	Kathryn A._Watt	                  4                Institute of Evolutionary Biology        University of Edinburgh        Edinburgh        UK      
4662306	Josephine M._Pemberton	                  4                Institute of Evolutionary Biology        University of Edinburgh        Edinburgh        UK      
4662306	Jane M._Reid	                  1                Institute of Biological and Environmental Sciences        University of Aberdeen        Aberdeen        UK      
4662306	Daniel H._Nussey	                  4                Institute of Evolutionary Biology        University of Edinburgh        Edinburgh        UK      
4595131	Yannick_Pauchet	Entomology, Max Planck Institute for Chemical Ecology, Jena, Germany
4595131	Natalie_Wielsch	Mass spectrometry, Max Planck Institute for Chemical Ecology, Jena, Germany
4595131	Paul A._Wilkinson	Centre for Ecology and Conservation, College of Life and Environmental Sciences, University of Exeter, Cornwall Campus, Penryn, United Kingdom
4595131	Scott K._Sakaluk	Behavior, Ecology, Evolution &amp; Systematics Section, School of Biological Sciences, Illinois State University, Normal, IL, United States of America
4595131	Ale&#x161;_Svato&#x161;	Mass spectrometry, Max Planck Institute for Chemical Ecology, Jena, Germany
4595131	Richard H._ffrench-Constant	Centre for Ecology and Conservation, College of Life and Environmental Sciences, University of Exeter, Cornwall Campus, Penryn, United Kingdom
4595131	John_Hunt	Centre for Ecology and Conservation, College of Life and Environmental Sciences, University of Exeter, Cornwall Campus, Penryn, United Kingdom
4595131	David G._Heckel	Entomology, Max Planck Institute for Chemical Ecology, Jena, Germany
4526359	Donald A._Yee	Department of Biological Sciences, University of Southern Mississippi, Hattiesburg, Mississippi, United States of America
4526359	Michael G._Kaufman	Department of Entomology, Michigan State University, East Lansing, Michigan, United States of America
4526359	Nnaemeka F._Ezeakacha	Department of Biological Sciences, University of Southern Mississippi, Hattiesburg, Mississippi, United States of America
4598662	Fiona C._Ingleby	School of Life Sciences, University of Sussex, John Maynard Smith Building, Falmer, Brighton BN1 9QG, UK; E-Mail: 
4430211	Anuradhi_Jayaweera	Department of Biological Sciences, Macquarie University, Sydney, NSW 2109, Australia
4430211	Katherine L._Barry	Department of Biological Sciences, Macquarie University, Sydney, NSW 2109, Australia
4495758	Sarah M._Lane	Centre for Ecology and Conservation, College of Life &amp; Environmental Sciences, University of Exeter, Penryn Campus, Cornwall TR10 9EZ, UK,
4495758	Joanna H._Solino	Centre for Ecology and Conservation, College of Life &amp; Environmental Sciences, University of Exeter, Penryn Campus, Cornwall TR10 9EZ, UK,
4495758	Christopher_Mitchell	Centre for Ecology and Conservation, College of Life &amp; Environmental Sciences, University of Exeter, Penryn Campus, Cornwall TR10 9EZ, UK,
4495758	Jonathan D._Blount	Centre for Ecology and Conservation, College of Life &amp; Environmental Sciences, University of Exeter, Penryn Campus, Cornwall TR10 9EZ, UK,
4495758	Kensuke_Okada	Laboratory of Evolutionary Ecology, Graduate School of Environmental Science, Okayama University, Tsushima-naka 1-1-1, Okayama, Japan
4495758	John_Hunt	Centre for Ecology and Conservation, College of Life &amp; Environmental Sciences, University of Exeter, Penryn Campus, Cornwall TR10 9EZ, UK,
4495758	Clarissa M._House	Centre for Ecology and Conservation, College of Life &amp; Environmental Sciences, University of Exeter, Penryn Campus, Cornwall TR10 9EZ, UK,
4309614	Camilo I._Mattoni	Universidad Nacional de C&#xF3;rdoba, C&#xF3;rdoba, Argentina
4309614	Solimary_Garc&#xED;a-Hern&#xE1;ndez	Universidad Industrial de Santander, Bucaramanga, Colombia
4309614	Ricardo_Botero-Trujillo	Museo Argentino de Ciencias Naturales &#x201C;Bernardino Rivadavia&#x201D;, Buenos Aires, Argentina
4309614	Jos&#xE9; A._Ochoa	Frankfurt Zoological Society, Cusco, Per&#xFA;
4309614	Andr&#xE9;s A._Ojanguren-Affilastro	Museo Argentino de Ciencias Naturales &#x201C;Bernardino Rivadavia&#x201D;, Buenos Aires, Argentina
4309614	Ricardo_Pinto-da-Rocha	Universidade de S&#xE3;o Paulo, S&#xE3;o Paulo, Brazil
4309614	Lorenzo_Prendini	American Museum of Natural History, New York, New York, United States of America
4153615	Cassie J._Lothery	Behavior, Ecology, Evolution and Systematics Section, School of Biological Sciences, Illinois State University, Normal, Illinois, United States of America
4153615	Charles F._Thompson	Behavior, Ecology, Evolution and Systematics Section, School of Biological Sciences, Illinois State University, Normal, Illinois, United States of America
4153615	Megan L._Lawler	Behavior, Ecology, Evolution and Systematics Section, School of Biological Sciences, Illinois State University, Normal, Illinois, United States of America
4153615	Scott K._Sakaluk	Behavior, Ecology, Evolution and Systematics Section, School of Biological Sciences, Illinois State University, Normal, Illinois, United States of America
4111610	Christopher John_Goldsmith	School of Biological Sciences, Illinois State University, Normal, Illinois, United States of America
4111610	Carola_St&#xE4;dele	School of Biological Sciences, Illinois State University, Normal, Illinois, United States of America
4111610	Wolfgang_Stein	School of Biological Sciences, Illinois State University, Normal, Illinois, United States of America
4072779	Lizanne_Janssens	Laboratory of Aquatic Ecology, Evolution and Conservation, University of Leuven, Leuven, Belgium
4072779	Robby_Stoks	Laboratory of Aquatic Ecology, Evolution and Conservation, University of Leuven, Leuven, Belgium
4201440	Emily R_Burdfield-Steel	UNKNOWN
4201440	David M_Shuker	UNKNOWN
3974154	Saleh A_Mohamed	Biochemistry Department, Faculty of Science, King Abdulaziz University, Jeddah 21589, Kingdom of Saudi Arabia
3974154	Yaaser Q_Almulaiky	Biochemistry Department, Faculty of Science, King Abdulaziz University, Jeddah 21589, Kingdom of Saudi Arabia
3974154	Youssri M_Ahmed	Biochemistry Department, Faculty of Science, King Abdulaziz University, Jeddah 21589, Kingdom of Saudi Arabia
3974154	Omar AM_Al-Bar	Biochemistry Department, Faculty of Science, King Abdulaziz University, Jeddah 21589, Kingdom of Saudi Arabia
3974154	Ibrahim H_Ibrahim	Biochemistry Department, Faculty of Science, King Abdulaziz University, Jeddah 21589, Kingdom of Saudi Arabia
4137559	Luana S_Maroja	Department of Biology, Williams College, 31 Morley Drive, 01267 Williamstown,MA, USA
4137559	Zachary M_McKenzie	Department of Biology, Williams College, 31 Morley Drive, 01267 Williamstown,MA, USA
4137559	Elizabeth_Hart	Department of Biology, Williams College, 31 Morley Drive, 01267 Williamstown,MA, USA
4137559	Joy_Jing	Department of Mathematics and Statistics, Williams College, 01267Williamstown, MA, USA
4137559	Erica L_Larson	Division of Biological Sciences, University of Montana, 59802 Missoula, MT,USA
4137559	David P_Richardson	Department of Chemistry, Williams College, 01267 Williamstown, MA, USA
4235035	Kazuki_Kimura	Department of Environmental Life Sciences, Graduate School of Life Sciences, Tohoku University, Kawauchi 41, Aoba-ku, Sendai 980-8576, Japan
4235035	Satoshi_Chiba	Department of Environmental Life Sciences, Graduate School of Life Sciences, Tohoku University, Kawauchi 41, Aoba-ku, Sendai 980-8576, Japan
3783383	Ranjana_Jaiswara	Centre for Ecological Sciences, Indian Institute of Science, Bangalore, Karnataka, India
3783383	Diptarup_Nandi	Centre for Ecological Sciences, Indian Institute of Science, Bangalore, Karnataka, India
3783383	Rohini_Balakrishnan	Centre for Ecological Sciences, Indian Institute of Science, Bangalore, Karnataka, India
3728949	Outi_Ala-Honkola	Department of Biology, Syracuse University          Syracuse, New York        
3728949	David J_Hosken	Centre for Ecology and Conservation, College of Life and Environmental Sciences, University of Exeter          Exeter, Devon, United Kingdom        
3728949	Mollie K_Manier	Department of Biology, Syracuse University          Syracuse, New York        
3728949	Stefan_L&#xFC;pold	Department of Biology, Syracuse University          Syracuse, New York        
3728949	Elizabeth M_Droge-Young	Department of Biology, Syracuse University          Syracuse, New York        
3728949	Kirstin S_Berben	Department of Biology, Syracuse University          Syracuse, New York        
3728949	William F_Collins	Department of Biology, Syracuse University          Syracuse, New York        
3728949	John M_Belote	Department of Biology, Syracuse University          Syracuse, New York        
3728949	Scott_Pitnick	Department of Biology, Syracuse University          Syracuse, New York        
3579830	Virginia J._Emery	Department of Environmental Science, Policy and Management, University of California, Berkeley, California, United States of America
3579830	Neil D._Tsutsui	Department of Environmental Science, Policy and Management, University of California, Berkeley, California, United States of America
3468576	Erica L._Larson	Department of Ecology and Evolutionary Biology, Cornell University, Ithaca, New York, United States of America
3468576	Jose A._Andr&#xE9;s	Department of Biology, University of Saskatchewan, Saskatoon, S.K., Canada
3468576	Richard G._Harrison	Department of Ecology and Evolutionary Biology, Cornell University, Ithaca, New York, United States of America
3464255	Jose Martin_Pujolar	Department of Biology, University of Padova, Padova, Italy
3464255	Lisa_Locatello	Department of Biology, University of Padova, Padova, Italy
3464255	Lorenzo_Zane	Department of Biology, University of Padova, Padova, Italy
3464255	Carlotta_Mazzoldi	Department of Biology, University of Padova, Padova, Italy
3435333	Ebony G._Murrell	Department of Entomology, University of Wisconsin-Madison, Madison, Wisconsin, United States of America
3435333	Steven A._Juliano	School of Biological Sciences, Illinois State University, Normal, Illinois, United States of America
3392257	Jean M._Drayton	Evolution, Ecology and Genetics, Research School of Biology, The Australian National University, Canberra, ACT, Australia
3392257	Matthew D._Hall	Evolutionary Biology, Zoologisches Institut, University of Basel, Basel, Switzerland
3392257	John_Hunt	College of Life and Environmental Sciences, Centre for Ecology and Conservation, University of Exeter in Cornwall, Penryn, United Kingdom
3392257	Michael D._Jennions	Evolution, Ecology and Genetics, Research School of Biology, The Australian National University, Canberra, ACT, Australia
3256214	Damian K._Dowling	School of Biological Sciences, Monash University, Clayton, Victoria, Australia
3256214	Leigh W._Simmons	Centre for Evolutionary Biology, School of Animal Biology (M092), The University of Western Australia, Crawley, Australia
3046342	Sandra_Soehler	Department of Natural Sciences, Animal Physiology, University of Kassel, Heinrich-Plett-Strasse 40, 34132 Kassel, Germany 
3046342	Monika_Stengl	Department of Natural Sciences, Animal Physiology, University of Kassel, Heinrich-Plett-Strasse 40, 34132 Kassel, Germany 
3046342	Thomas_Reischig	Department of Neurobiology, Johann Friedrich Blumenbach Institute of Zoology and Anthropology, Georg August University of G&#xF6;ttingen, Berliner Strasse 28, 37073 G&#xF6;ttingen, Germany 
3019211	Peter_Michalik	Zoologisches Institut und Museum, Ernst-Moritz-Arndt-Universit&#xE4;t, Greifswald, Germany
3019211	Clare C._Rittschof	Department of Biology, University of Florida, Gainesville, Florida, United States of America
2797419	Susan N._Gershman	Department of Biology, University of California, Riverside, Riverside, CA USA 
2766376	Ines K_H&#xE4;derer	Animal Evolutionary Ecology, Institute for Evolution and Ecology, Eberhard Karls-Universit&#xE4;t T&#xFC;bingen, Auf der Morgenstelle 28, 72076 T&#xFC;bingen, Germany
2766376	Johanna_Werminghausen	Animal Evolutionary Ecology, Institute for Evolution and Ecology, Eberhard Karls-Universit&#xE4;t T&#xFC;bingen, Auf der Morgenstelle 28, 72076 T&#xFC;bingen, Germany
2766376	Nico K_Michiels	Animal Evolutionary Ecology, Institute for Evolution and Ecology, Eberhard Karls-Universit&#xE4;t T&#xFC;bingen, Auf der Morgenstelle 28, 72076 T&#xFC;bingen, Germany
2766376	Nadine_Timmermeyer	Animal Evolutionary Ecology, Institute for Evolution and Ecology, Eberhard Karls-Universit&#xE4;t T&#xFC;bingen, Auf der Morgenstelle 28, 72076 T&#xFC;bingen, Germany
2766376	Nils_Anthes	Animal Evolutionary Ecology, Institute for Evolution and Ecology, Eberhard Karls-Universit&#xE4;t T&#xFC;bingen, Auf der Morgenstelle 28, 72076 T&#xFC;bingen, Germany
2364655	Melissa L._Thomas	Centre for Evolutionary Biology, School of Animal Biology, The University of Western Australia, Crawley, Australia
2364655	Leigh W._Simmons	Centre for Evolutionary Biology, School of Animal Biology, The University of Western Australia, Crawley, Australia
1878485	Patrick D_Danley	Department of Biology, University of Maryland, College Park, MD 20742, USA
1878485	Sean P_Mullen	Department of Biology, University of Maryland, College Park, MD 20742, USA
1878485	Fenglong_Liu	Department of Biostatistics and Computational Biology, Dana-Farber Cancer Institute, Boston, MA 02115, USA
1878485	Vishvanath_Nene	The Institute for Genomic Research, 9712 Medical Center Drive, Rockville, MD 20850, USA
1878485	John_Quackenbush	Department of Biostatistics and Computational Biology, Dana-Farber Cancer Institute, Boston, MA 02115, USA
1878485	Kerry L_Shaw	Department of Biology, University of Maryland, College Park, MD 20742, USA
1307579	Yoriko_Saeki	Department of Biological Sciences, Eastern Illinois University, Charleston, IL
1307579	Kipp C._Kruse	Department of Biological Sciences, Eastern Illinois University, Charleston, IL
1307579	Paul V._Switzer	Department of Biological Sciences, Eastern Illinois University, Charleston, IL
