pmcid	forename_lastname	affiliation
7412047	Nancy_Power	Department of Entomology, University of California, 900 University Ave., Riverside, CA 92521, USA;  (T.M.P.)
7412047	Fatemeh_Ganjisaffar	Department of Entomology, University of California, 900 University Ave., Riverside, CA 92521, USA;  (T.M.P.)
7412047	Thomas M._Perring	Department of Entomology, University of California, 900 University Ave., Riverside, CA 92521, USA;  (T.M.P.)
7473968	Sofia_Cividini	grid.10025.360000 0004 1936 8470Department of Biostatistics, Institute of Translational Medicine, University of Liverpool, Crown Street, Liverpool, L693BX UK 
7473968	Giuseppe_Montesanto	grid.5395.a0000 0004 1757 3729Dipartimento di Biologia, Universit&#xE0; degli Studi di Pisa, Pisa, Italy 
7274415	Hollister W._Herhold	        Division of Invertebrate Zoology, American Museum of Natural History, New York, New York, United States of America      
7274415	Steven R._Davis	        Division of Invertebrate Zoology, American Museum of Natural History, New York, New York, United States of America      
7274415	David A._Grimaldi	        Division of Invertebrate Zoology, American Museum of Natural History, New York, New York, United States of America      
7198579	Yuki_Mitaka	0000 0001 0723 4764grid.419025.bApplied Entomology Laboratory, Department of Bioresource Field Sciences, Kyoto Institute of Technology, Kyoto, 616-8354 Japan 
7198579	Shigeru_Matsuyama	0000 0001 2369 4728grid.20515.33Graduate School of Life and Environmental Sciences, University of Tsukuba, Ibaraki, 305-8572 Japan 
7198579	Nobuaki_Mizumoto	0000 0001 2151 2636grid.215654.1School of Life Sciences, Arizona State University, Arizona, AZ 85287-9425 USA 
7198579	Kenji_Matsuura	0000 0004 0372 2033grid.258799.8Laboratory of Insect Ecology, Graduate School of Agriculture, Kyoto University, Kyoto, 606-8502 Japan 
7198579	Toshiharu_Akino	0000 0001 0723 4764grid.419025.bApplied Entomology Laboratory, Department of Bioresource Field Sciences, Kyoto Institute of Technology, Kyoto, 616-8354 Japan 
7189384	Ignacio_Alba-Alejandre	0000000121678994grid.4489.1Department of Zoology, Faculty of Sciences, University of Granada, Campus de Fuentenueva, Granada, Spain 
7189384	Javier_Alba-Tercedor	0000000121678994grid.4489.1Department of Zoology, Faculty of Sciences, University of Granada, Campus de Fuentenueva, Granada, Spain 
7189384	Wayne B._Hunter	0000 0004 0404 0958grid.463419.dU.S. Department Agriculture, Agricultural Research Service, Fort Pierce, Florida USA 
7178596	Jessica_Hernandez	grid.164295.d0000 0001 0941 7177Department of Entomology, University of Maryland, 4291 Fieldhouse Drive, College Park, MD 20742 USA 
7178596	Leslie_Pick	grid.164295.d0000 0001 0941 7177Department of Entomology, University of Maryland, 4291 Fieldhouse Drive, College Park, MD 20742 USA 
7178596	Katie_Reding	grid.164295.d0000 0001 0941 7177Department of Entomology, University of Maryland, 4291 Fieldhouse Drive, College Park, MD 20742 USA 
7071726	Michael E._Sparks	0000 0004 0404 0958grid.463419.dUSDA-ARS Invasive Insect Biocontrol and Behavior Laboratory, Beltsville, MD 20705 USA 
7071726	Raman_Bansal	0000 0004 0404 0958grid.463419.dUSDA-ARS San Joaquin Valley Agricultural Sciences Center, Parlier, CA 93648 USA 
7071726	Joshua B._Benoit	0000 0001 2179 9593grid.24827.3bDepartment of Biological Sciences, University of Cincinnati, Cincinnati, OH 45221 USA 
7071726	Michael B._Blackburn	0000 0004 0404 0958grid.463419.dUSDA-ARS Invasive Insect Biocontrol and Behavior Laboratory, Beltsville, MD 20705 USA 
7071726	Hsu_Chao	0000 0001 2160 926Xgrid.39382.33Department of Human and Molecular Genetics, Human Genome Sequencing Center, Baylor College of Medicine, Houston, TX 77030 USA 
7071726	Mengyao_Chen	0000 0001 0941 7177grid.164295.dDepartment of Entomology, University of Maryland, College Park, MD 20742 USA 
7071726	Sammy_Cheng	0000 0004 1936 9174grid.16416.34Department of Biology, University of Rochester, Rochester, NY 14627 USA 
7071726	Christopher_Childers	0000 0001 2113 2895grid.483014.aUSDA-ARS National Agricultural Library, Beltsville, MD 20705 USA 
7071726	Huyen_Dinh	0000 0001 2160 926Xgrid.39382.33Department of Human and Molecular Genetics, Human Genome Sequencing Center, Baylor College of Medicine, Houston, TX 77030 USA 
7071726	Harsha Vardhan_Doddapaneni	0000 0001 2160 926Xgrid.39382.33Department of Human and Molecular Genetics, Human Genome Sequencing Center, Baylor College of Medicine, Houston, TX 77030 USA 
7071726	Shannon_Dugan	0000 0001 2160 926Xgrid.39382.33Department of Human and Molecular Genetics, Human Genome Sequencing Center, Baylor College of Medicine, Houston, TX 77030 USA 
7071726	Elena N._Elpidina	0000 0001 2342 9668grid.14476.30A.N. Belozersky Institute of Physico-Chemical Biology, Moscow State University, Moscow, 119911 Russia 
7071726	David W._Farrow	0000 0001 2179 9593grid.24827.3bDepartment of Biological Sciences, University of Cincinnati, Cincinnati, OH 45221 USA 
7071726	Markus_Friedrich	0000 0001 1456 7807grid.254444.7Department of Biological Sciences, Wayne State University, Detroit, MI 48201 USA 
7071726	Richard A._Gibbs	0000 0001 2160 926Xgrid.39382.33Department of Human and Molecular Genetics, Human Genome Sequencing Center, Baylor College of Medicine, Houston, TX 77030 USA 
7071726	Brantley_Hall	0000 0001 0694 4940grid.438526.eDepartment of Biochemistry, Virginia Tech, Blacksburg, VA 24061 USA 
7071726	Yi_Han	0000 0001 2160 926Xgrid.39382.33Department of Human and Molecular Genetics, Human Genome Sequencing Center, Baylor College of Medicine, Houston, TX 77030 USA 
7071726	Richard W._Hardy	0000 0001 0790 959Xgrid.411377.7Department of Biology, Indiana University, Bloomington, IN 47405 USA 
7071726	Christopher J._Holmes	0000 0001 2179 9593grid.24827.3bDepartment of Biological Sciences, University of Cincinnati, Cincinnati, OH 45221 USA 
7071726	Daniel S. T._Hughes	0000 0001 2160 926Xgrid.39382.33Department of Human and Molecular Genetics, Human Genome Sequencing Center, Baylor College of Medicine, Houston, TX 77030 USA 
7071726	Panagiotis_Ioannidis	0000 0001 2223 3006grid.419765.8Department of Genetic Medicine and Development, University of Geneva Medical School and Swiss Institute of Bioinformatics, 1211 Geneva, Switzerland 
7071726	Alys M._Cheatle Jarvela	0000 0001 0941 7177grid.164295.dDepartment of Entomology, University of Maryland, College Park, MD 20742 USA 
7071726	J. Spencer_Johnston	0000 0004 4687 2082grid.264756.4Department of Entomology, Texas A&amp;M University, College Station, TX 77843 USA 
7071726	Jeffery W._Jones	0000 0001 1456 7807grid.254444.7Department of Biological Sciences, Wayne State University, Detroit, MI 48201 USA 
7071726	Brent A._Kronmiller	0000 0001 2112 1969grid.4391.fCenter for Genome Research and Biocomputing, Oregon State University, Corvallis, OR 97331 USA 
7071726	Faith_Kung	0000 0001 0941 7177grid.164295.dDepartment of Entomology, University of Maryland, College Park, MD 20742 USA 
7071726	Sandra L._Lee	0000 0001 2160 926Xgrid.39382.33Department of Human and Molecular Genetics, Human Genome Sequencing Center, Baylor College of Medicine, Houston, TX 77030 USA 
7071726	Alexander G._Martynov	0000 0004 0555 3608grid.454320.4Center for Data-Intensive Biomedicine and Biotechnology, Skolkovo Institute of Science and Technology, Skolkovo, 143025 Russia 
7071726	Patrick_Masterson	0000 0001 2297 5165grid.94365.3dNational Center for Biotechnology Information, National Library of Medicine, National Institutes of Health, Bethesda, MD 20894 USA 
7071726	Florian_Maumus	grid.418070.aURGI, INRA, Universit&#xE9; Paris-Saclay, 78026 Versailles, France 
7071726	Monica_Munoz-Torres	0000 0001 2231 4551grid.184769.5Environmental Genomics and Systems Biology Division, Lawrence Berkeley National Laboratory, Berkeley, CA 94720 USA 
7071726	Shwetha C._Murali	0000 0001 2160 926Xgrid.39382.33Department of Human and Molecular Genetics, Human Genome Sequencing Center, Baylor College of Medicine, Houston, TX 77030 USA 
7071726	Terence D._Murphy	0000 0001 2297 5165grid.94365.3dNational Center for Biotechnology Information, National Library of Medicine, National Institutes of Health, Bethesda, MD 20894 USA 
7071726	Donna M._Muzny	0000 0001 2160 926Xgrid.39382.33Department of Human and Molecular Genetics, Human Genome Sequencing Center, Baylor College of Medicine, Houston, TX 77030 USA 
7071726	David R._Nelson	0000 0004 0386 9246grid.267301.1Department of Microbiology, Immunology and Biochemistry, University of Tennessee Health Science Center, Memphis, TN 38163 USA 
7071726	Brenda_Oppert	USDA-ARS Center for Grain and Animal Health Research, Manhattan, KS 66502 USA 
7071726	Kristen A._Panfilio	0000 0000 8580 3777grid.6190.eDevelopmental Biology, Institute for Zoology: University of Cologne, 50674 Cologne, Germany 
7071726	D&#xE9;bora Pires_Paula	0000 0004 0541 873Xgrid.460200.0EMBRAPA Genetic Resources and Biotechnology, Bras&#xED;lia, DF 70770-901 Brazil 
7071726	Leslie_Pick	0000 0001 0941 7177grid.164295.dDepartment of Entomology, University of Maryland, College Park, MD 20742 USA 
7071726	Monica F._Poelchau	0000 0001 2113 2895grid.483014.aUSDA-ARS National Agricultural Library, Beltsville, MD 20705 USA 
7071726	Jiaxin_Qu	0000 0001 2160 926Xgrid.39382.33Department of Human and Molecular Genetics, Human Genome Sequencing Center, Baylor College of Medicine, Houston, TX 77030 USA 
7071726	Katie_Reding	0000 0001 0941 7177grid.164295.dDepartment of Entomology, University of Maryland, College Park, MD 20742 USA 
7071726	Joshua H._Rhoades	0000 0004 0404 0958grid.463419.dUSDA-ARS Invasive Insect Biocontrol and Behavior Laboratory, Beltsville, MD 20705 USA 
7071726	Adelaide_Rhodes	0000 0004 1936 7689grid.59062.38Larner College of Medicine, The University of Vermont, Burlington, VT 05452 USA 
7071726	Stephen_Richards	0000 0001 2160 926Xgrid.39382.33Department of Human and Molecular Genetics, Human Genome Sequencing Center, Baylor College of Medicine, Houston, TX 77030 USA 
7071726	Rose_Richter	0000 0004 1936 9174grid.16416.34Department of Biology, University of Rochester, Rochester, NY 14627 USA 
7071726	Hugh M._Robertson	Department of Entomology, University of Illinois, Urbana-Champaign, IL 61801 USA 
7071726	Andrew J._Rosendale	0000 0001 2179 9593grid.24827.3bDepartment of Biological Sciences, University of Cincinnati, Cincinnati, OH 45221 USA 
7071726	Zhijian Jake_Tu	0000 0001 0694 4940grid.438526.eDepartment of Biochemistry, Virginia Tech, Blacksburg, VA 24061 USA 
7071726	Arun S._Velamuri	0000 0004 0404 0958grid.463419.dUSDA-ARS Invasive Insect Biocontrol and Behavior Laboratory, Beltsville, MD 20705 USA 
7071726	Robert M._Waterhouse	Department of Ecology and Evolution, University of Lausanne and Swiss Institute of Bioinformatics, 1015 Lausanne, Switzerland 
7071726	Matthew T._Weirauch	0000 0000 9025 8099grid.239573.9Division of Biomedical Informatics, and Division of Developmental Biology, Center for Autoimmune Genomics and Etiology, Cincinnati Children&#x2019;s Hospital Medical Center, Cincinnati, OH 45229 USA 
7071726	Jackson T._Wells	0000 0001 2112 1969grid.4391.fCenter for Genome Research and Biocomputing, Oregon State University, Corvallis, OR 97331 USA 
7071726	John H._Werren	0000 0004 1936 9174grid.16416.34Department of Biology, University of Rochester, Rochester, NY 14627 USA 
7071726	Kim C._Worley	0000 0001 2160 926Xgrid.39382.33Department of Human and Molecular Genetics, Human Genome Sequencing Center, Baylor College of Medicine, Houston, TX 77030 USA 
7071726	Evgeny M._Zdobnov	0000 0001 2223 3006grid.419765.8Department of Genetic Medicine and Development, University of Geneva Medical School and Swiss Institute of Bioinformatics, 1211 Geneva, Switzerland 
7071726	Dawn E._Gundersen-Rindal	0000 0004 0404 0958grid.463419.dUSDA-ARS Invasive Insect Biocontrol and Behavior Laboratory, Beltsville, MD 20705 USA 
7074293	Mokhtar Abdulsattar_Arif	Dipartimento di Scienze Agrarie, Alimentari e Forestali, Universit&#xE0; degli Studi di Palermo, Viale delle Science Ed. 5, 90128 Palermo, Italy;  (E.P.)
7074293	Salvatore_Guarino	Institute of Biosciences and Bioresources (IBBR), National Research Council of Italy (CNR), Corso Calatafimi 414, 90129 Palermo, Italy
7074293	Stefano_Colazza	Dipartimento di Scienze Agrarie, Alimentari e Forestali, Universit&#xE0; degli Studi di Palermo, Viale delle Science Ed. 5, 90128 Palermo, Italy;  (E.P.)
7074293	Ezio_Peri	Dipartimento di Scienze Agrarie, Alimentari e Forestali, Universit&#xE0; degli Studi di Palermo, Viale delle Science Ed. 5, 90128 Palermo, Italy;  (E.P.)
6978774	Wenwen_Liu	State Key Laboratory for Biology of Plant Diseases and Insect Pests, Institute of Plant Protection, Chinese Academy of Agricultural Sciences, Beijing, China
6978774	Xiaowan_Zhang	State Key Laboratory for Biology of Plant Diseases and Insect Pests, Institute of Plant Protection, Chinese Academy of Agricultural Sciences, Beijing, China
6978774	Nan_Wu	State Key Laboratory for Biology of Plant Diseases and Insect Pests, Institute of Plant Protection, Chinese Academy of Agricultural Sciences, Beijing, China
6978774	Yingdang_Ren	Rice Diseases and Insect Pests Department, Institute of Plant Protection, Henan Academy of Agricultural Sciences, Zhengzhou, China
6978774	Xifeng_Wang	State Key Laboratory for Biology of Plant Diseases and Insect Pests, Institute of Plant Protection, Chinese Academy of Agricultural Sciences, Beijing, China
6917277	Lifang_Li	State Key Laboratory for Conservation and Utilization of Bio-Resources in Yunnan, Yunnan Agricultural University, Kunming, China
6917277	Xi_Gao	State Key Laboratory for Conservation and Utilization of Bio-Resources in Yunnan, Yunnan Agricultural University, Kunming, China
6917277	Mingxian_Lan	State Key Laboratory for Conservation and Utilization of Bio-Resources in Yunnan, Yunnan Agricultural University, Kunming, China
6917277	Yuan_Yuan	State Key Laboratory for Conservation and Utilization of Bio-Resources in Yunnan, Yunnan Agricultural University, Kunming, China
6917277	Zijun_Guo	State Key Laboratory for Conservation and Utilization of Bio-Resources in Yunnan, Yunnan Agricultural University, Kunming, China
6917277	Ping_Tang	State Key Laboratory for Conservation and Utilization of Bio-Resources in Yunnan, Yunnan Agricultural University, Kunming, China
6917277	Mengyue_Li	State Key Laboratory for Conservation and Utilization of Bio-Resources in Yunnan, Yunnan Agricultural University, Kunming, China
6917277	Xianbin_Liao	State Key Laboratory for Conservation and Utilization of Bio-Resources in Yunnan, Yunnan Agricultural University, Kunming, China
6917277	Jiaying_Zhu	Key Laboratory of Forest Disaster Warning and Control of Yunnan Province, Southwest Forestry University, Kunming, China
6917277	Zhengyue_Li	State Key Laboratory for Conservation and Utilization of Bio-Resources in Yunnan, Yunnan Agricultural University, Kunming, China
6917277	Min_Ye	State Key Laboratory for Conservation and Utilization of Bio-Resources in Yunnan, Yunnan Agricultural University, Kunming, China
6917277	Guoxing_Wu	State Key Laboratory for Conservation and Utilization of Bio-Resources in Yunnan, Yunnan Agricultural University, Kunming, China
6621923	Valeria_Bertoldi	Dipartimento di Scienze Agrarie, Alimentari ed Ambientali, Universit&#xE0; degli Studi di Perugia, Perugia, Italy
6621923	Gabriele_Rondoni	Dipartimento di Scienze Agrarie, Alimentari ed Ambientali, Universit&#xE0; degli Studi di Perugia, Perugia, Italy
6621923	Jacques_Brodeur	D&#xE9;partement de Sciences Biologiques, Institut de Recherche en Biologie V&#xE9;g&#xE9;tale, Universit&#xE9; de Montr&#xE9;al, Montr&#xE9;al, QC, Canada
6621923	Eric_Conti	Dipartimento di Scienze Agrarie, Alimentari ed Ambientali, Universit&#xE0; degli Studi di Perugia, Perugia, Italy
6628413	Binita_Shrestha	Division of Plant Sciences, University of Missouri, Columbia, MO 65211, USA;  (D.L.F.)
6628413	Deborah L._Finke	Division of Plant Sciences, University of Missouri, Columbia, MO 65211, USA;  (D.L.F.)
6628413	Jaime C._Pi&#xF1;ero	Stockbridge School of Agriculture, University of Massachusetts, Amherst, MA 01003, USA
6535216	Lindsey C._Perkin	Southern Plains Agricultural Research Center, USDA, Agricultural Research Service, College Station, TX, United States of America
6535216	Brenda_Oppert	Center for Grain and Animal Health Research, USDA, Agricultural Research Service, Manhattan, KS, United States of America
6484021	Hua-Ling_Wang	0000 0004 1759 700Xgrid.13402.34Institute of Insect Sciences, Zhejiang University, 866 Yuhangtang Road, Hangzhou, 310058 China 
6484021	Teng_Lei	0000 0004 1759 700Xgrid.13402.34Institute of Insect Sciences, Zhejiang University, 866 Yuhangtang Road, Hangzhou, 310058 China 
6484021	Wen-Qiang_Xia	0000 0004 1759 700Xgrid.13402.34Institute of Insect Sciences, Zhejiang University, 866 Yuhangtang Road, Hangzhou, 310058 China 
6484021	Stephen L._Cameron	0000 0004 1937 2197grid.169077.eDepartment of Entomology, Purdue University, 901West State Street, West Lafayette, IN 479074 USA 
6484021	Yin-Quan_Liu	0000 0004 1759 700Xgrid.13402.34Institute of Insect Sciences, Zhejiang University, 866 Yuhangtang Road, Hangzhou, 310058 China 
6484021	Zhen_Zhang	0000 0004 1759 700Xgrid.13402.34Institute of Insect Sciences, Zhejiang University, 866 Yuhangtang Road, Hangzhou, 310058 China 
6484021	Maruthi M. N._Gowda	0000 0001 0806 5472grid.36316.31Natural Resources Institute, University of Greenwich, Kent, ME4 4TB United Kingdom 
6484021	Paul_De Barro	CSIRO Ecosystem Sciences, Brisbane, QLD 4001 Australia 
6484021	Jes&#xFA;s_Navas-Castillo	Instituto de Hortofruticultura Subtropical y Mediterr&#xE1;nea &#x201C;La Mayora&#x201D;, Universidad de M&#xE1;laga &#x2013; Consejo Superior de Investigaciones Cient&#xED;ficas (IHSM-UMA-CSIC), 29750 Algarrobo-Costa M&#xE1;laga, Spain 
6484021	Christopher A._Omongo	National Crops Resources Research Institute, Namulonge, P.O. Box, 7084 Kampala, Uganda 
6484021	H&#xE9;l&#xE8;ne_Delatte	0000 0001 2153 9871grid.8183.2CIRAD, UMR PVBMT CIRAD-Universit&#xE9;de La R&#xE9;union, P&#xF4;le de Protection des Plantes, 7 chemin de l&#x2019;IRAT, 97410 Saint-Pierre Ile de La R&#xE9;union, France 
6484021	Kyeong-Yeoll_Lee	0000 0001 0661 1556grid.258803.4School of Applied Biosciences, Kyungpook National University, Daegu, 702-701 Republic of Korea 
6484021	Mitulkumar V._Patel	0000 0001 0806 5472grid.36316.31Natural Resources Institute, University of Greenwich, Kent, ME4 4TB United Kingdom 
6484021	Renate_Krause-Sakate	0000 0001 2188 478Xgrid.410543.7UNESP, Faculdade de Ci&#xEA;ncias Agron&#xF4;micas, 18610-307 Botucatu, Brazil 
6484021	James_Ng	Department of Plant Pathology and Microbiology, University of California, Riverside, California, 92521 USA 
6484021	San-Ling_Wu	0000 0004 1759 700Xgrid.13402.34Institute of Insect Sciences, Zhejiang University, 866 Yuhangtang Road, Hangzhou, 310058 China 
6484021	Elvira_Fiallo-Oliv&#xE9;	Instituto de Hortofruticultura Subtropical y Mediterr&#xE1;nea &#x201C;La Mayora&#x201D;, Universidad de M&#xE1;laga &#x2013; Consejo Superior de Investigaciones Cient&#xED;ficas (IHSM-UMA-CSIC), 29750 Algarrobo-Costa M&#xE1;laga, Spain 
6484021	Shu-Sheng_Liu	0000 0004 1759 700Xgrid.13402.34Institute of Insect Sciences, Zhejiang University, 866 Yuhangtang Road, Hangzhou, 310058 China 
6484021	John_Colvin	0000 0001 0806 5472grid.36316.31Natural Resources Institute, University of Greenwich, Kent, ME4 4TB United Kingdom 
6484021	Xiao-Wei_Wang	0000 0004 1759 700Xgrid.13402.34Institute of Insect Sciences, Zhejiang University, 866 Yuhangtang Road, Hangzhou, 310058 China 
6473057	Gianandrea_Salerno	Dipartimento di Scienze Agrarie, Alimentari ed Ambientali, Universit&#xE0; degli Studi di Perugia, Perugia, Italy
6473057	Francesca_Frati	Dipartimento di Scienze Agrarie, Alimentari ed Ambientali, Universit&#xE0; degli Studi di Perugia, Perugia, Italy
6473057	Eric_Conti	Dipartimento di Scienze Agrarie, Alimentari ed Ambientali, Universit&#xE0; degli Studi di Perugia, Perugia, Italy
6473057	Ezio_Peri	Dipartimento di Scienze Agrarie, Alimentari e Forestali, Universit&#xE1; degli Studi di Palermo, Palermo, Italy
6473057	Stefano_Colazza	Dipartimento di Scienze Agrarie, Alimentari e Forestali, Universit&#xE1; degli Studi di Palermo, Palermo, Italy
6473057	Antonino_Cusumano	UMR 1333 DGIMI, INRA, Universit&#xE9; de Montpellier, Montpellier, France
6380218	P Glynn_Tillman	Crop Protection and Management Research Laboratory, United States Department of Agriculture, Agricultural Research Service, Tifton, GA
6380218	Ted E_Cottrell	Southeastern Fruit and Tree Nut Research Laboratory, United States Department of Agriculture, Agricultural Research Service, Byron, GA
6307740	Salvatore_Guarino	Dipartimento di Scienze Agrarie, Alimentari e Forestali, Universit&#xE0; degli Studi di Palermo, Palermo, Italy
6307740	Mokhtar Abdulsattar_Arif	Dipartimento di Scienze Agrarie, Alimentari e Forestali, Universit&#xE0; degli Studi di Palermo, Palermo, Italy
6307740	Jocelyn G._Millar	Department of Entomology, University of California, Riverside, California, United States of America
6307740	Stefano_Colazza	Dipartimento di Scienze Agrarie, Alimentari e Forestali, Universit&#xE0; degli Studi di Palermo, Palermo, Italy
6307740	Ezio_Peri	Dipartimento di Scienze Agrarie, Alimentari e Forestali, Universit&#xE0; degli Studi di Palermo, Palermo, Italy
6140472	Jason_Lancaster	Department of Biological Sciences, Virginia Polytechnic Institute and State University, Blacksburg, VA 24061;
6140472	Ashot_Khrimian	Invasive Insect Biocontrol and Behavior Laboratory, Agricultural Research Service, US Department of Agriculture, Beltsville, MD 20705;
6140472	Sharon_Young	Department of Biochemistry and Molecular Biology, University of Nevada, Reno, NV 89557;
6140472	Bryan_Lehner	Department of Biological Sciences, Virginia Polytechnic Institute and State University, Blacksburg, VA 24061;
6140472	Katrin_Luck	Department of Biochemistry, Max Planck Institute for Chemical Ecology, D-07745 Jena, Germany;
6140472	Anna_Wallingford	Department of Entomology, Virginia Polytechnic Institute and State University, Blacksburg, VA 24061;
6140472	Saikat Kumar B._Ghosh	Invasive Insect Biocontrol and Behavior Laboratory, Agricultural Research Service, US Department of Agriculture, Beltsville, MD 20705;
6140472	Philipp_Zerbe	Department of Plant Biology, University of California, Davis, CA 95616;
6140472	Andrew_Muchlinski	Department of Biological Sciences, Virginia Polytechnic Institute and State University, Blacksburg, VA 24061;
6140472	Paul E._Marek	Department of Entomology, Virginia Polytechnic Institute and State University, Blacksburg, VA 24061;
6140472	Michael E._Sparks	Invasive Insect Biocontrol and Behavior Laboratory, Agricultural Research Service, US Department of Agriculture, Beltsville, MD 20705;
6140472	James G._Tokuhisa	Department of Biological Sciences, Virginia Polytechnic Institute and State University, Blacksburg, VA 24061;
6140472	Claus_Tittiger	Department of Biochemistry and Molecular Biology, University of Nevada, Reno, NV 89557;
6140472	Tobias G._K&#xF6;llner	Department of Biochemistry, Max Planck Institute for Chemical Ecology, D-07745 Jena, Germany;
6140472	Donald C._Weber	Invasive Insect Biocontrol and Behavior Laboratory, Agricultural Research Service, US Department of Agriculture, Beltsville, MD 20705;
6140472	Dawn E._Gundersen-Rindal	Invasive Insect Biocontrol and Behavior Laboratory, Agricultural Research Service, US Department of Agriculture, Beltsville, MD 20705;
6140472	Thomas P._Kuhar	Department of Entomology, Virginia Polytechnic Institute and State University, Blacksburg, VA 24061;
6140472	Dorothea_Tholl	Department of Biological Sciences, Virginia Polytechnic Institute and State University, Blacksburg, VA 24061;
6164602	Sandra Lisbeth_Franco-Archundia	Centro de Desarrollo de Productos Bi&#xF3;ticos (CEPROBI), Instituto Polit&#xE9;cnico Nacional. Carretera Yautepec, Jojutla, Km. 6 calle Ceprobi No.8, San Isidro, Yautepec, Morelos 62739, Mexico;  (A.J.-P.)
6164602	Agust&#xED;n Jes&#xFA;s_Gonzaga-Segura	Centro de Desarrollo de Productos Bi&#xF3;ticos (CEPROBI), Instituto Polit&#xE9;cnico Nacional. Carretera Yautepec, Jojutla, Km. 6 calle Ceprobi No.8, San Isidro, Yautepec, Morelos 62739, Mexico;  (A.J.-P.)
6164602	Alfredo_Jim&#xE9;nez-P&#xE9;rez	Centro de Desarrollo de Productos Bi&#xF3;ticos (CEPROBI), Instituto Polit&#xE9;cnico Nacional. Carretera Yautepec, Jojutla, Km. 6 calle Ceprobi No.8, San Isidro, Yautepec, Morelos 62739, Mexico;  (A.J.-P.)
6164602	V&#xED;ctor Rogelio_Castrej&#xF3;n-G&#xF3;mez	Centro de Desarrollo de Productos Bi&#xF3;ticos (CEPROBI), Instituto Polit&#xE9;cnico Nacional. Carretera Yautepec, Jojutla, Km. 6 calle Ceprobi No.8, San Isidro, Yautepec, Morelos 62739, Mexico;  (A.J.-P.)
6044328	Carly D_Sibilia	Department of Biology, University of Richmond, Richmond, VA
6044328	Kelly A_Brosko	Department of Biology, University of Richmond, Richmond, VA
6044328	Christopher J_Hickling	Department of Biology, University of Richmond, Richmond, VA
6044328	Lily M_Thompson	Department of Biology, University of Richmond, Richmond, VA
6044328	Kristine L_Grayson	Department of Biology, University of Richmond, Richmond, VA
6044328	Jennifer R_Olson	Department of Biology, University of Richmond, Richmond, VA
5834936	Yiftach_Golov	School of Zoology, Tel Aviv University, Tel Aviv, Israel
5834936	Jan_Rillich	School of Zoology, Tel Aviv University, Tel Aviv, Israel
5834936	Ally_Harari	Department of Entomology, Volcani Center, Bet Dagan, Israel
5834936	Amir_Ayali	School of Zoology, Tel Aviv University, Tel Aviv, Israel
5719073	Indrakant K._Singh	0000 0004 1936 8438grid.266539.dDepartment of Entomology, College of Agriculture, Food and Environment, Agriculture Science Center North, University of Kentucky, Lexington, KY USA 
5719073	Satnam_Singh	0000 0004 1936 8438grid.266539.dDepartment of Entomology, College of Agriculture, Food and Environment, Agriculture Science Center North, University of Kentucky, Lexington, KY USA 
5719073	Kanakachari_Mogilicherla	0000 0004 1936 8438grid.266539.dDepartment of Entomology, College of Agriculture, Food and Environment, Agriculture Science Center North, University of Kentucky, Lexington, KY USA 
5719073	Jayendra Nath_Shukla	0000 0004 1936 8438grid.266539.dDepartment of Entomology, College of Agriculture, Food and Environment, Agriculture Science Center North, University of Kentucky, Lexington, KY USA 
5719073	Subba Reddy_Palli	0000 0004 1936 8438grid.266539.dDepartment of Entomology, College of Agriculture, Food and Environment, Agriculture Science Center North, University of Kentucky, Lexington, KY USA 
5516968	Lea F._Schubert	Martin-Luther-University Halle-Wittenberg, Halle, Germany
5516968	Stephanie_Kr&#xFC;ger	Martin-Luther-University Halle-Wittenberg, Halle, Germany
5516968	Gerald B._Moritz	Martin-Luther-University Halle-Wittenberg, Halle, Germany
5516968	Veit_Schubert	Leibniz Institute of Plant Genetics and Crop Plant Research (IPK) Gatersleben, Seeland, Germany
5492069	Michael E._Sparks	Invasive Insect Biocontrol and Behavior Laboratory, USDA-ARS, Beltsville, MD 20705, USA;  (D.C.W.)
5492069	Joshua H._Rhoades	Invasive Insect Biocontrol and Behavior Laboratory, USDA-ARS, Beltsville, MD 20705, USA;  (D.C.W.)
5492069	David R._Nelson	Department of Microbiology, Immunology and Biochemistry, University of Tennessee Health Science Center, Memphis, TN 38163, USA; 
5492069	Daniel_Kuhar	Invasive Insect Biocontrol and Behavior Laboratory, USDA-ARS, Beltsville, MD 20705, USA;  (D.C.W.)
5492069	Jason_Lancaster	Department of Biological Sciences, Virginia Polytechnic Institute and State University, Blacksburg, VA 24061, USA;  (D.T.)
5492069	Bryan_Lehner	Department of Biological Sciences, Virginia Polytechnic Institute and State University, Blacksburg, VA 24061, USA;  (D.T.)
5492069	Dorothea_Tholl	Department of Biological Sciences, Virginia Polytechnic Institute and State University, Blacksburg, VA 24061, USA;  (D.T.)
5492069	Donald C._Weber	Invasive Insect Biocontrol and Behavior Laboratory, USDA-ARS, Beltsville, MD 20705, USA;  (D.C.W.)
5492069	Dawn E._Gundersen-Rindal	Invasive Insect Biocontrol and Behavior Laboratory, USDA-ARS, Beltsville, MD 20705, USA;  (D.C.W.)
5437855	Francesca_Frati	Department of Agricultural, Food and Environmental Sciences, University of Perugia, Perugia, Italy
5437855	Antonino_Cusumano	Department of Entomology, Wageningen Agricultural University, Wageningen, Netherlands
5437855	Eric_Conti	Department of Agricultural, Food and Environmental Sciences, University of Perugia, Perugia, Italy
5437855	Stefano_Colazza	Department of Agricultural and Forest Sciences, University of Palermo, Palermo, Italy
5437855	Ezio_Peri	Department of Agricultural and Forest Sciences, University of Palermo, Palermo, Italy
5437855	Salvatore_Guarino	Department of Agricultural and Forest Sciences, University of Palermo, Palermo, Italy
5437855	Letizia_Martorana	Department of Agricultural and Forest Sciences, University of Palermo, Palermo, Italy
5437855	Roberto_Romani	Department of Agricultural, Food and Environmental Sciences, University of Perugia, Perugia, Italy
5437855	Gianandrea_Salerno	Department of Agricultural, Food and Environmental Sciences, University of Perugia, Perugia, Italy
5371960	Alina_Avanesyan	Department of Entomology, University of Wisconsin-Madison, 1630 Linden Drive Madison, WI 53706, USA;  (C.G.)
5371960	Benjamin D._Jaffe	Department of Entomology, University of Wisconsin-Madison, 1630 Linden Drive Madison, WI 53706, USA;  (C.G.)
5371960	Christelle_Gu&#xE9;dot	Department of Entomology, University of Wisconsin-Madison, 1630 Linden Drive Madison, WI 53706, USA;  (C.G.)
5300277	Saikat Kumar B._Ghosh	United States Department of Agriculture, Agricultural Research Service, Invasive Insect Biocontrol and Behavior Laboratory, Beltsville, Maryland, United States of America
5300277	Wayne B._Hunter	United States Department of Agriculture, Agricultural Research Service, Horticultural Research Laboratory, Fort Pierce, Florida, United States of America
5300277	Alexis L._Park	United States Department of Agriculture, Agricultural Research Service, Invasive Insect Biocontrol and Behavior Laboratory, Beltsville, Maryland, United States of America
5300277	Dawn E._Gundersen-Rindal	United States Department of Agriculture, Agricultural Research Service, Invasive Insect Biocontrol and Behavior Laboratory, Beltsville, Maryland, United States of America
5513223	Nina E._Fatouros	1Biosystematics GroupWageningen UniversityDroevendaalsesteeg 16700 APWageningenThe Netherlands
5513223	Antonino_Cusumano	2Laboratory of EntomologyWageningen UniversityDroevendaalsesteeg 16708 PBWageningenThe Netherlands
5513223	Etienne G.J._Danchin	3INRACNRS, UMR 1355&#x2010;7254Institut Sophia AgrobiotechUniversity of Nice Sophia Antipolis06900Sophia AntipolisFrance
5513223	Stefano_Colazza	4Department of Agricultural and Forest SciencesUniversity of PalermoViale delle Scienze edificio 590128PalermoItaly
4901325	Purushottam R._Lomate	Department of Entomology, Iowa State University, Ames, 50011, IA, USA
4901325	Bryony C._Bonning	Department of Entomology, Iowa State University, Ames, 50011, IA, USA
4890048	Ezio_Peri	Dipartimento di Scienze Agrarie e Forestali, Universit&#xE0; degli Studi di Palermo, Viale delle Scienze, 90128, Palermo, Italy
4890048	Gianandrea_Salerno	Dipartimento di Scienze Agrarie, Alimentari e Ambientali, Universit&#xE0; degli Studi di Perugia, Borgo XX Giugno 74, 06121 Perugia, Italy
4890048	Takoua_Slimani	Dipartimento di Scienze Agrarie e Forestali, Universit&#xE0; degli Studi di Palermo, Viale delle Scienze, 90128, Palermo, Italy
4890048	Francesca_Frati	Dipartimento di Scienze Agrarie, Alimentari e Ambientali, Universit&#xE0; degli Studi di Perugia, Borgo XX Giugno 74, 06121 Perugia, Italy
4890048	Eric_Conti	Dipartimento di Scienze Agrarie, Alimentari e Ambientali, Universit&#xE0; degli Studi di Perugia, Borgo XX Giugno 74, 06121 Perugia, Italy
4890048	Stefano_Colazza	Dipartimento di Scienze Agrarie e Forestali, Universit&#xE0; degli Studi di Palermo, Viale delle Scienze, 90128, Palermo, Italy
4890048	Antonino_Cusumano	Dipartimento di Scienze Agrarie e Forestali, Universit&#xE0; degli Studi di Palermo, Viale delle Scienze, 90128, Palermo, Italy
4767901	Manpreet K._Dhami	Plant Health and Environment Laboratory, Ministry for Primary Industries        Auckland, New Zealand      
4767901	Melissa_Dsouza	Department of Ecology and Evolution, University of Chicago        Chicago, IL, USA      
4767901	David W._Waite	Plant Health and Environment Laboratory, Ministry for Primary Industries        Auckland, New Zealand      
4767901	Diane_Anderson	Plant Health and Environment Laboratory, Ministry for Primary Industries        Auckland, New Zealand      
4767901	Dongmei_Li	Plant Health and Environment Laboratory, Ministry for Primary Industries        Auckland, New Zealand      
4631522	Christina_Harris	Invasive Insect Biocontrol and Behavior Laboratory, Agricultural Research Service, United States Department of Agriculture, Beltsville, MD, 20705, United States of America
4631522	Sitra_Abubeker	Invasive Insect Biocontrol and Behavior Laboratory, Agricultural Research Service, United States Department of Agriculture, Beltsville, MD, 20705, United States of America
4631522	Mengmeng_Yu	Invasive Insect Biocontrol and Behavior Laboratory, Agricultural Research Service, United States Department of Agriculture, Beltsville, MD, 20705, United States of America
4631522	Tracy_Leskey	Appalachian Fruit Research Station, Agricultural Research Service, United States Department of Agriculture, Kearneysville, WV, 25430, United States of America
4631522	Aijun_Zhang	Invasive Insect Biocontrol and Behavior Laboratory, Agricultural Research Service, United States Department of Agriculture, Beltsville, MD, 20705, United States of America
4619402	Anka_Kuhelj	Department of Entomology, National Institute of Biology, Ljubljana, Slovenia
4619402	Maarten_de Groot	Department of Entomology, National Institute of Biology, Ljubljana, Slovenia
4619402	Andrej_Blejec	Department of Entomology, National Institute of Biology, Ljubljana, Slovenia
4619402	Meta_Virant-Doberlet	Department of Entomology, National Institute of Biology, Ljubljana, Slovenia
4498631	Luciana R._Farias	University of Bras&#xED;lia, Campus Universit&#xE1;rio Darcy Ribeiro, Bras&#xED;lia-DF, 70910&#x2013;900, Brazil
4498631	Pedro H. C._Schimmelpfeng	University of Bras&#xED;lia, Campus Universit&#xE1;rio Darcy Ribeiro, Bras&#xED;lia-DF, 70910&#x2013;900, Brazil
4498631	Roberto C._Togawa	Embrapa Genetic Resources and Biotechnology, Parque Esta&#xE7;&#xE3;o Biol&#xF3;gica, W5 Norte, P.O. Box 02372, Bras&#xED;lia, DF, 70770&#x2013;917, Brazil
4498631	Marcos M. C._Costa	Embrapa Genetic Resources and Biotechnology, Parque Esta&#xE7;&#xE3;o Biol&#xF3;gica, W5 Norte, P.O. Box 02372, Bras&#xED;lia, DF, 70770&#x2013;917, Brazil
4498631	Priscila_Grynberg	Embrapa Genetic Resources and Biotechnology, Parque Esta&#xE7;&#xE3;o Biol&#xF3;gica, W5 Norte, P.O. Box 02372, Bras&#xED;lia, DF, 70770&#x2013;917, Brazil
4498631	Nat&#xE1;lia F._Martins	Embrapa Genetic Resources and Biotechnology, Parque Esta&#xE7;&#xE3;o Biol&#xF3;gica, W5 Norte, P.O. Box 02372, Bras&#xED;lia, DF, 70770&#x2013;917, Brazil
4498631	Miguel_Borges	Embrapa Genetic Resources and Biotechnology, Parque Esta&#xE7;&#xE3;o Biol&#xF3;gica, W5 Norte, P.O. Box 02372, Bras&#xED;lia, DF, 70770&#x2013;917, Brazil
4498631	Maria Carolina_Blassioli-Moraes	Embrapa Genetic Resources and Biotechnology, Parque Esta&#xE7;&#xE3;o Biol&#xF3;gica, W5 Norte, P.O. Box 02372, Bras&#xED;lia, DF, 70770&#x2013;917, Brazil
4498631	Raul A._Laumann	Embrapa Genetic Resources and Biotechnology, Parque Esta&#xE7;&#xE3;o Biol&#xF3;gica, W5 Norte, P.O. Box 02372, Bras&#xED;lia, DF, 70770&#x2013;917, Brazil
4498631	S&#xF4;nia N._B&#xE1;o	University of Bras&#xED;lia, Campus Universit&#xE1;rio Darcy Ribeiro, Bras&#xED;lia-DF, 70910&#x2013;900, Brazil
4498631	D&#xE9;bora P._Paula	Embrapa Genetic Resources and Biotechnology, Parque Esta&#xE7;&#xE3;o Biol&#xF3;gica, W5 Norte, P.O. Box 02372, Bras&#xED;lia, DF, 70770&#x2013;917, Brazil
4476573	Andrej_&#x10C;okl	Department of Entomology, National Institute of Biology, Ljubljana, Slovenia
4476573	Raul Alberto_Laumann	Semiochemical Laboratory, EMBRAPA Genetic Resources and Biotechnology, Brasilia, Brazil
4476573	Alenka_&#x17D;uni&#x10D; Kosi	Department of Entomology, National Institute of Biology, Ljubljana, Slovenia
4476573	Maria Carolina_Blassioli-Moraes	Semiochemical Laboratory, EMBRAPA Genetic Resources and Biotechnology, Brasilia, Brazil
4476573	Meta_Virant-Doberlet	Department of Entomology, National Institute of Biology, Ljubljana, Slovenia
4476573	Miguel_Borges	Semiochemical Laboratory, EMBRAPA Genetic Resources and Biotechnology, Brasilia, Brazil
4427635	Tracy C._Leskey	USDA-ARS, Appalachian Fruit Research Station, Kearneysville, WV USA 
4427635	Ashot_Khrimian	USDA-ARS Invasive Insect Biocontrol &amp; Behavior Laboratory, Beltsville, MD USA 
4427635	Donald C._Weber	USDA-ARS Invasive Insect Biocontrol &amp; Behavior Laboratory, Beltsville, MD USA 
4427635	Jeffrey C._Aldrich	USDA-ARS Invasive Insect Biocontrol &amp; Behavior Laboratory, Beltsville, MD USA 
4427635	Brent D._Short	USDA-ARS, Appalachian Fruit Research Station, Kearneysville, WV USA 
4427635	Doo-Hyung_Lee	Department of Life Science, Gachon University, Seongnam-si, Kyeonggi-do, South Korea 
4427635	William R._Morrison	USDA-ARS, Appalachian Fruit Research Station, Kearneysville, WV USA 
4604117	Takahiro_Hosokawa	Bioproduction Research Institute, National Institute of Advanced Industrial Science and Technology (AIST), Tsukuba, 305-8566 Japan 
4604117	Nahomi_Kaiwa	Bioproduction Research Institute, National Institute of Advanced Industrial Science and Technology (AIST), Tsukuba, 305-8566 Japan 
4604117	Yu_Matsuura	Bioproduction Research Institute, National Institute of Advanced Industrial Science and Technology (AIST), Tsukuba, 305-8566 Japan 
4604117	Yoshitomo_Kikuchi	Bioproduction Research Institute, Hokkaido Center, National Institute of Advanced Industrial Science and Technology (AIST), Sapporo, 062-8517 Japan 
4604117	Takema_Fukatsu	Bioproduction Research Institute, National Institute of Advanced Industrial Science and Technology (AIST), Tsukuba, 305-8566 Japan 
4350177	Laura J._Kenyon	Department of Evolution, Ecology, and Organismal Biology, The Ohio State University
4350177	Tea_Meulia	Molecular and Cellular Imaging Center, Ohio Agricultural Research and Development Center and the Department of Plant Pathology, The Ohio State University
4350177	Zakee L._Sabree	Department of Evolution, Ecology, and Organismal Biology, The Ohio State University
4190369	P. Dilip_Venugopal	Department of Entomology, University of Maryland, College Park, Maryland, United States of America
4190369	Peter L._Coffey	Department of Entomology, University of Maryland, College Park, Maryland, United States of America
4190369	Galen P._Dively	Department of Entomology, University of Maryland, College Park, Maryland, United States of America
4190369	William O._Lamp	Department of Entomology, University of Maryland, College Park, Maryland, United States of America
4097960	Kalia S. I._Bistolas	Biology Department, Occidental College        Los Angeles, CA, USA      
4097960	Reid I._Sakamoto	Biology Department, Occidental College        Los Angeles, CA, USA      
4097960	Jos&#xE9; A. M._Fernandes	Instituto de Ci&#xEA;ncias Biol&#xF3;gicas, Universidade Federal do Par&#xE1;        Bel&#xE9;m-Par&#xE1;, Brazil      
4097960	Shana K._Goffredi	Biology Department, Occidental College        Los Angeles, CA, USA      
4062478	Ezio_Peri	Dipartimento di Scienze Agrarie e Forestali, Universit&#xE0; degli Studi di Palermo, Palermo, Italy
4062478	Antonino_Cusumano	Dipartimento di Scienze Agrarie e Forestali, Universit&#xE0; degli Studi di Palermo, Palermo, Italy
4062478	Valentina_Amodeo	Dipartimento di Scienze Agrarie e Forestali, Universit&#xE0; degli Studi di Palermo, Palermo, Italy
4062478	Eric_Wajnberg	INRA, Sophia Antipolis Cedex, France
4062478	Stefano_Colazza	Dipartimento di Scienze Agrarie e Forestali, Universit&#xE0; degli Studi di Palermo, Palermo, Italy
3981664	Doo-Hyung_Lee	U.S. Department of Agriculture &#x2013; Agricultural Research Service, Appalachian Fruit Research Station, Kearneysville, West Virginia, United States of America
3981664	John P._Cullum	Department of Entomology, Virginia Tech, Winchester, Virginia, United States of America
3981664	Jennifer L._Anderson	U.S. Department of Agriculture &#x2013; Animal and Plant Health Inspection Service, National Detector Dog Training Center, Newnan, Georgia, United States of America
3981664	Jodi L._Daugherty	U.S. Department of Agriculture &#x2013; Animal and Plant Health Inspection Service, National Detector Dog Training Center, Newnan, Georgia, United States of America
3981664	Lisa M._Beckett	U.S. Department of Agriculture &#x2013; Animal and Plant Health Inspection Service, National Detector Dog Training Center, Newnan, Georgia, United States of America
3981664	Tracy C._Leskey	U.S. Department of Agriculture &#x2013; Agricultural Research Service, Appalachian Fruit Research Station, Kearneysville, West Virginia, United States of America
3943947	Christopher M._Taylor	University of Maryland, Department of Entomology, College Park, Maryland, United States of America
3943947	Peter L._Coffey	University of Maryland, Department of Entomology, College Park, Maryland, United States of America
3943947	Bridget D._DeLay	University of Maryland, Department of Entomology, College Park, Maryland, United States of America
3943947	Galen P._Dively	University of Maryland, Department of Entomology, College Park, Maryland, United States of America
3935659	Michelle_Peiffer	Department of Entomology, Penn State University, University Park, Pennsylvania, United States of America
3935659	Gary W._Felton	Department of Entomology, Penn State University, University Park, Pennsylvania, United States of America
3823929	Ezio_Peri	Dipartimento di Scienze Agrarie e Forestali, Universit&#xE0; degli Studi di Palermo, Palermo, Italy
3823929	Francesca_Frati	Dipartimento di Scienze Agrarie e Ambientali, Universit&#xE0; degli Studi di Perugia, Perugia, Italy
3823929	Gianandrea_Salerno	Dipartimento di Scienze Agrarie e Ambientali, Universit&#xE0; degli Studi di Perugia, Perugia, Italy
3823929	Eric_Conti	Dipartimento di Scienze Agrarie e Ambientali, Universit&#xE0; degli Studi di Perugia, Perugia, Italy
3823929	Stefano_Colazza	Dipartimento di Scienze Agrarie e Forestali, Universit&#xE0; degli Studi di Palermo, Palermo, Italy
3669201	Takahiro_Hosokawa	National Institute of Advanced Industrial Science and Technology (AIST), Tsukuba, Japan
3669201	Mantaro_Hironaka	Department of Biology, Faculty of Medicine, Hamamatsu University School of Medicine, Hamamatsu, Japan
3669201	Koichi_Inadomi	Department of Applied Biological Sciences, Faculty of Agriculture, Saga University, Saga, Japan
3669201	Hiromi_Mukai	The United Graduate School of Agricultural Sciences, Kagoshima University, Kagoshima, Japan
3669201	Naruo_Nikoh	Department of Liberal Arts, The Open University of Japan, Chiba, Japan
3669201	Takema_Fukatsu	National Institute of Advanced Industrial Science and Technology (AIST), Tsukuba, Japan
3578786	Shengwei_Huang	State Key Laboratory of Agricultural Microbiology, Institute of Urban and Horticultural Pests, and Hubei Insect Resources Utilization and Sustainable Pest Management Key Laboratory, College of Plant Science and Technology, Huazhong Agricultural University, Wuhan, China
3578786	Hongyu_Zhang	State Key Laboratory of Agricultural Microbiology, Institute of Urban and Horticultural Pests, and Hubei Insect Resources Utilization and Sustainable Pest Management Key Laboratory, College of Plant Science and Technology, Huazhong Agricultural University, Wuhan, China
4553573	Serge_Quilici	CIRAD (Centre de Coop&#xE9;ration Internationale en Recherche Agronomique pour le D&#xE9;veloppement), UMR PVBMT Cirad, Universit&#xE9; de La R&#xE9;union, P&#xF4;le de Protection des Plantes, 97410, Saint-Pierre, France; E-Mail: 
4553573	Pascal_Rousse	CIRAD (Centre de Coop&#xE9;ration Internationale en Recherche Agronomique pour le D&#xE9;veloppement), UMR PVBMT Cirad, Universit&#xE9; de La R&#xE9;union, P&#xF4;le de Protection des Plantes, 97410, Saint-Pierre, France; E-Mail: 
3477131	Nata&#x161;a_Stritih	National Institute of Biology, Department of Entomology, Ljubljana, Slovenia
3477131	Andrej_&#x10C;okl	National Institute of Biology, Department of Entomology, Ljubljana, Slovenia
3422343	Nina E._Fatouros	Laboratory of Entomology, Research Centre, Wageningen University, Wageningen, The Netherlands
3422343	Dani_Lucas-Barbosa	Laboratory of Entomology, Research Centre, Wageningen University, Wageningen, The Netherlands
3422343	Berhane T._Weldegergis	Laboratory of Entomology, Research Centre, Wageningen University, Wageningen, The Netherlands
3422343	Foteini G._Pashalidou	Laboratory of Entomology, Research Centre, Wageningen University, Wageningen, The Netherlands
3422343	Joop J. A._van Loon	Laboratory of Entomology, Research Centre, Wageningen University, Wageningen, The Netherlands
3422343	Marcel_Dicke	Laboratory of Entomology, Research Centre, Wageningen University, Wageningen, The Netherlands
3422343	Jeffrey A._Harvey	Department of Terrestrial Ecology, Netherlands Institute of Ecology (NIOO-KNAW), Wageningen, The Netherlands
3422343	Rieta_Gols	Laboratory of Entomology, Research Centre, Wageningen University, Wageningen, The Netherlands
3422343	Martinus E._Huigens	Laboratory of Entomology, Research Centre, Wageningen University, Wageningen, The Netherlands
3439254	Kerstin_B&#xFC;chel	Freie Universit&#xE4;t Berlin, Applied Zoology / Animal Ecology, Berlin, Germany
3439254	Eric_McDowell	Washington State University, Institute of Biological Chemistry, Pullman, WA, USA
3439254	Will_Nelson	University of Arizona, BIO5 Institute and Plant Sciences, Tucson, AZ, USA
3439254	Anne_Descour	University of Arizona, BIO5 Institute and Plant Sciences, Tucson, AZ, USA
3439254	Jonathan_Gershenzon	Max Planck Institute for Chemical Ecology, Dept. of Biochemistry, Jena, Germany
3439254	Monika_Hilker	Freie Universit&#xE4;t Berlin, Applied Zoology / Animal Ecology, Berlin, Germany
3439254	Carol_Soderlund	University of Arizona, BIO5 Institute and Plant Sciences, Tucson, AZ, USA
3439254	David R_Gang	Washington State University, Institute of Biological Chemistry, Pullman, WA, USA
3439254	Trevor_Fenning	Max Planck Institute for Chemical Ecology, Dept. of Biochemistry, Jena, Germany
3439254	Torsten_Meiners	Freie Universit&#xE4;t Berlin, Applied Zoology / Animal Ecology, Berlin, Germany
3014809	Marcela K._Castelo	1CONICET - Grupo de Investigaci&#xF3;n en Ecofisiolog&#xED;a de Parasitoides - Departamento de Ecolog&#xED;a, Gen&#xE9;tica y Evoluci&#xF3;n - Facultad de Ciencias Exactas y Naturales - Universidad de Buenos Aires, Ciudad Universitaria, Pabell&#xF3;n II, (CI428EHA) Ciudad de Buenos Aires, Argentina.
3014809	Saskya_van Nouhuys	2Department of Biological and Environmental Sciences, Division of Population Biology, PO Box 65, FIN, University of Helsinki, Finland and Department of Ecology and Evolutionary Biology, Cornell University, Ithaca, NY, USA.
3014809	Juan C._Corley	3CONICET - Laboratorio de Ecolog&#xED;a de Insectos - INTA Bariloche, (R8400HRG) Bariloche, R&#xED;o Negro, Argentina.
