pmcid	forename_lastname	affiliation
7417349	Jing_Zhao	<institution>Ministry of Agriculture Key Laboratory of Molecular Biology of Crop Pathogens and Insects, Institute of Insect Sciences, Zhejiang University</institution>, <addr-line>Hangzhou</addr-line>, <country>China</country>
7417349	Tao_Guo	<institution>Ministry of Agriculture Key Laboratory of Molecular Biology of Crop Pathogens and Insects, Institute of Insect Sciences, Zhejiang University</institution>, <addr-line>Hangzhou</addr-line>, <country>China</country>
7417349	Teng_Lei	<institution>Ministry of Agriculture Key Laboratory of Molecular Biology of Crop Pathogens and Insects, Institute of Insect Sciences, Zhejiang University</institution>, <addr-line>Hangzhou</addr-line>, <country>China</country>
7417349	Jia-Chen_Zhu	<institution>Ministry of Agriculture Key Laboratory of Molecular Biology of Crop Pathogens and Insects, Institute of Insect Sciences, Zhejiang University</institution>, <addr-line>Hangzhou</addr-line>, <country>China</country>
7417349	Fang_Wang	<institution>Ministry of Agriculture Key Laboratory of Molecular Biology of Crop Pathogens and Insects, Institute of Insect Sciences, Zhejiang University</institution>, <addr-line>Hangzhou</addr-line>, <country>China</country>
7417349	Xiao-Wei_Wang	<institution>Ministry of Agriculture Key Laboratory of Molecular Biology of Crop Pathogens and Insects, Institute of Insect Sciences, Zhejiang University</institution>, <addr-line>Hangzhou</addr-line>, <country>China</country>
7417349	Shu-Sheng_Liu	<institution>Ministry of Agriculture Key Laboratory of Molecular Biology of Crop Pathogens and Insects, Institute of Insect Sciences, Zhejiang University</institution>, <addr-line>Hangzhou</addr-line>, <country>China</country>
7404022	Chunxiao_Yang	State Key Laboratory for Conservation and Utilization of Subtropical Agro-Bioresources, South China Agricultural University, Guangzhou 510642, China; 
7404022	Da_Ou	Key Laboratory of Bio-Pesticide Innovation and Application of Guangdong Province, South China Agricultural University, Guangzhou 510642, China;  (C.G.)
7404022	Wei_Guo	Key Laboratory of Bio-Pesticide Innovation and Application of Guangdong Province, South China Agricultural University, Guangzhou 510642, China;  (C.G.)
7404022	Jing_L&#xFC;	Key Laboratory of Bio-Pesticide Innovation and Application of Guangdong Province, South China Agricultural University, Guangzhou 510642, China;  (C.G.)
7404022	Changfei_Guo	Key Laboratory of Bio-Pesticide Innovation and Application of Guangdong Province, South China Agricultural University, Guangzhou 510642, China;  (C.G.)
7404022	Baoli_Qiu	Key Laboratory of Bio-Pesticide Innovation and Application of Guangdong Province, South China Agricultural University, Guangzhou 510642, China;  (C.G.)
7404022	Huipeng_Pan	Key Laboratory of Bio-Pesticide Innovation and Application of Guangdong Province, South China Agricultural University, Guangzhou 510642, China;  (C.G.)
7314779	Chang Yeol_Yang	Horticultural and Herbal Crop Environment Division, National Institute of Horticultural and Herbal Science, Wanju, Republic of Korea 
7314779	Kenji_Mori	Photosensitive Materials Research Center, Toyo Gosei Co., Ltd, 4-2-1 Wakahagi, Inzai-shi, Chiba 270-1609 Japan 
7314779	Junheon_Kim	0000 0000 9151 8497grid.418977.4Forest Insect Pests and Diseases Division, National Institute of Forest Science, Seoul, Republic of Korea 
7314779	Ki Bong_Kwon	AD Corporation, Andong, Gyeongsangbuk-do Republic of Korea 
7292396	Gozde Busra_Eroglu	Department of Biology, Faculty of Science, Karadeniz Technical University, Trabzon, Turkey
7292396	Cihan_Inan	Department of Molecular Biology and Genetics, Faculty of Science, Karadeniz Technical University, Trabzon, Turkey
7292396	Remziye_Nalcacioglu	Department of Biology, Faculty of Science, Karadeniz Technical University, Trabzon, Turkey
7292396	Zihni_Demirbag	Department of Biology, Faculty of Science, Karadeniz Technical University, Trabzon, Turkey
7313665	Qing-Song_Zhou	Key Laboratory of the Zoological Systematics and Evolution, Institute of Zoology, Chinese Academy of Sciences, Beijing, China
7313665	Arong_Luo	Key Laboratory of the Zoological Systematics and Evolution, Institute of Zoology, Chinese Academy of Sciences, Beijing, China
7313665	Feng_Zhang	Department of Entomology, College of Plant Protection, Nanjing Agricultural University, China
7313665	Ze-Qing_Niu	Key Laboratory of the Zoological Systematics and Evolution, Institute of Zoology, Chinese Academy of Sciences, Beijing, China
7313665	Qing-Tao_Wu	Key Laboratory of the Zoological Systematics and Evolution, Institute of Zoology, Chinese Academy of Sciences, Beijing, China
7313665	Mei_Xiong	Key Laboratory of the Zoological Systematics and Evolution, Institute of Zoology, Chinese Academy of Sciences, Beijing, China
7313665	Michael C_Orr	Key Laboratory of the Zoological Systematics and Evolution, Institute of Zoology, Chinese Academy of Sciences, Beijing, China
7313665	Chao-Dong_Zhu	Key Laboratory of the Zoological Systematics and Evolution, Institute of Zoology, Chinese Academy of Sciences, Beijing, China
7250505	Ruo-Lin_Cheng	Key Laboratory of Marine Genetic Resources, Third Institute of Oceanography, Ministry of Natural Resources, Xiamen, China
7250505	Xiao-Feng_Li	Key Laboratory of Marine Genetic Resources, Third Institute of Oceanography, Ministry of Natural Resources, Xiamen, China
7250505	Chuan-Xi_Zhang	Institute of Plant Virology, Ningbo University, China
7044300	Brenda_Oppert	0000 0004 0404 0958grid.463419.dUSDA ARS Center for Grain and Animal Health Research, 1515 College Ave, Manhattan, KS 66502 USA 
7044300	Lindsey C._Perkin	0000 0004 0404 0958grid.463419.dUSDA ARS Center for Grain and Animal Health Research, 1515 College Ave, Manhattan, KS 66502 USA 
7044300	Marc&#xE9;_Lorenzen	0000 0001 2173 6074grid.40803.3fDepartment of Entomology and Plant Pathology, North Carolina State University, Raleigh, NC 27695 USA 
7044300	Aaron T._Dossey	grid.426733.7All Things Bugs LLC, 755 Research Parkway, Suite 465, Oklahoma City, OK 73104 USA 
7077248	Ya_Guo	Department of Entomology and Nematology, University of Florida, Gainesville, FL 32611, USA; 
7077248	Cynthia L._Goodman	Biological Control of Insects Research Laboratory, USDA/Agricultural Research Service, Columbia, MO 65203, USA;  (D.W.S.)
7077248	David W._Stanley	Biological Control of Insects Research Laboratory, USDA/Agricultural Research Service, Columbia, MO 65203, USA;  (D.W.S.)
7077248	Bryony C._Bonning	Department of Entomology and Nematology, University of Florida, Gainesville, FL 32611, USA; 
7005912	Erika A._Wallin	0000 0001 1530 0805grid.29050.3eMid Sweden University, Department of Chemical Engineering, SE-851 70 Sundsvall, Sweden 
7005912	Blanka_Kalinov&#xE1;	Institute of Organic Chemistry and Biochemistry of the Czech Academy of Sciences, Research Group of Infochemicals, 166 10 Prague, Czech Republic 
7005912	Ji&#x159;&#xED;_Kindl	Institute of Organic Chemistry and Biochemistry of the Czech Academy of Sciences, Research Group of Infochemicals, 166 10 Prague, Czech Republic 
7005912	Erik_Hedenstr&#xF6;m	0000 0001 1530 0805grid.29050.3eMid Sweden University, Department of Chemical Engineering, SE-851 70 Sundsvall, Sweden 
7005912	Irena_Valterov&#xE1;	Institute of Organic Chemistry and Biochemistry of the Czech Academy of Sciences, Research Group of Infochemicals, 166 10 Prague, Czech Republic 
6977242	Yinjun_Fan	0000 0004 0530 8290grid.22935.3fDepartment of Entomology, China Agricultural University, No. 2 Yuanmingyuan West Road, Haidian District, Beijing, 100193 People&#x2019;s Republic of China 
6977242	Xiuxia_Li	0000 0004 0530 8290grid.22935.3fDepartment of Entomology, China Agricultural University, No. 2 Yuanmingyuan West Road, Haidian District, Beijing, 100193 People&#x2019;s Republic of China 
6977242	Abd Allah A. H._Mohammed	0000 0004 0530 8290grid.22935.3fDepartment of Entomology, China Agricultural University, No. 2 Yuanmingyuan West Road, Haidian District, Beijing, 100193 People&#x2019;s Republic of China 
6977242	Ying_Liu	0000 0004 0530 8290grid.22935.3fDepartment of Entomology, China Agricultural University, No. 2 Yuanmingyuan West Road, Haidian District, Beijing, 100193 People&#x2019;s Republic of China 
6977242	Xiwu_Gao	0000 0004 0530 8290grid.22935.3fDepartment of Entomology, China Agricultural University, No. 2 Yuanmingyuan West Road, Haidian District, Beijing, 100193 People&#x2019;s Republic of China 
7111285	Sen_Xu	Key Laboratory of Tumor Molecular Biology, Department of Clinical Medicine, Binzhou Medical University, Yantai, 264003, China
7111285	Ming_Jing	Key Laboratory of Tumor Molecular Biology, Department of Clinical Medicine, Binzhou Medical University, Yantai, 264003, China
7111285	Wen-Ying_Liu	Key Laboratory of Tumor Molecular Biology, Department of Clinical Medicine, Binzhou Medical University, Yantai, 264003, China
7111285	He_Dong	Key Laboratory of Tumor Molecular Biology, Department of Clinical Medicine, Binzhou Medical University, Yantai, 264003, China
7111285	De-Min_Kong	Key Laboratory of Tumor Molecular Biology, Department of Clinical Medicine, Binzhou Medical University, Yantai, 264003, China
7111285	Ya-Ru_Wang	Key Laboratory of Tumor Molecular Biology, Department of Clinical Medicine, Binzhou Medical University, Yantai, 264003, China
7111285	Han-Han_Zhang	Key Laboratory of Tumor Molecular Biology, Department of Clinical Medicine, Binzhou Medical University, Yantai, 264003, China
7111285	Zhen_Yue	Key Laboratory of Tumor Molecular Biology, Department of Clinical Medicine, Binzhou Medical University, Yantai, 264003, China
7111285	You-Jie_Li	Key Laboratory of Tumor Molecular Biology, Department of Clinical Medicine, Binzhou Medical University, Yantai, 264003, China
7111285	Fei_Jiao	Key Laboratory of Tumor Molecular Biology, Department of Clinical Medicine, Binzhou Medical University, Yantai, 264003, China
7111285	Shu-Yang_Xie	Key Laboratory of Tumor Molecular Biology, Department of Clinical Medicine, Binzhou Medical University, Yantai, 264003, China
6878697	Anna_Grandchamp	0000 0001 2182 6141grid.12366.30PRC, UMR85, INRA, CNRS, IFCE, Universit&#xE9; de Tours, F-37380 Nouzilly, France 
6878697	Shifa_Tahir	0000 0001 2182 6141grid.12366.30PRC, UMR85, INRA, CNRS, IFCE, Universit&#xE9; de Tours, F-37380 Nouzilly, France 
6878697	Philippe_Monget	0000 0001 2182 6141grid.12366.30PRC, UMR85, INRA, CNRS, IFCE, Universit&#xE9; de Tours, F-37380 Nouzilly, France 
6760214	Marko_Prous	Senckenberg Deutsches Entomologisches Institut, Eberswalder Str. 90, 15374 M&#xFC;ncheberg, GermanySenckenberg Deutsches Entomologisches InstitutM&#xFC;nchebergGermany
6760214	Andrew_Liston	Senckenberg Deutsches Entomologisches Institut, Eberswalder Str. 90, 15374 M&#xFC;ncheberg, GermanySenckenberg Deutsches Entomologisches InstitutM&#xFC;nchebergGermany
6760214	Katja_Kramp	Senckenberg Deutsches Entomologisches Institut, Eberswalder Str. 90, 15374 M&#xFC;ncheberg, GermanySenckenberg Deutsches Entomologisches InstitutM&#xFC;nchebergGermany
6760214	Henri_Savina	Parc Majorelle, 33 chemin du Ramelet-Moundi, b&#xE2;t. C, apt. 16, 31100 Toulouse, FranceUnaffiliatedToulouseFrance
6760214	Hege_V&#xE5;rdal	Swedish Museum of Natural History, Box 50007, SE-10405 Stockholm, SwedenSwedish Museum of Natural HistoryStockholmSweden
6760214	Andreas_Taeger	Senckenberg Deutsches Entomologisches Institut, Eberswalder Str. 90, 15374 M&#xFC;ncheberg, GermanySenckenberg Deutsches Entomologisches InstitutM&#xFC;nchebergGermany
6728979	Graham A._McCulloch	0000 0004 1936 7830grid.29980.3aDepartment of Zoology, University of Otago, P.O. Box 56, Dunedin, 9054 New Zealand 
6728979	Andrew_Oliphant	0000 0004 1936 7830grid.29980.3aGenomics Aotearoa and Department of Biochemistry, University of Otago, P.O. Box 56, Dunedin, 9054 New Zealand 
6728979	Peter K._Dearden	0000 0004 1936 7830grid.29980.3aGenomics Aotearoa and Department of Biochemistry, University of Otago, P.O. Box 56, Dunedin, 9054 New Zealand 
6728979	Andrew J._Veale	0000 0004 1936 7830grid.29980.3aDepartment of Zoology, University of Otago, P.O. Box 56, Dunedin, 9054 New Zealand 
6728979	Charles W._Ellen	0000 0004 1936 7830grid.29980.3aDepartment of Zoology, University of Otago, P.O. Box 56, Dunedin, 9054 New Zealand 
6728979	Jonathan M._Waters	0000 0004 1936 7830grid.29980.3aDepartment of Zoology, University of Otago, P.O. Box 56, Dunedin, 9054 New Zealand 
6787786	Michelle_Nordkvist	1Department of EcologySwedish University of Agricultural SciencesUppsalaSweden
6787786	Maartje J._Klapwijk	1Department of EcologySwedish University of Agricultural SciencesUppsalaSweden
6787786	Lars_Edenius	2Department of Wildlife, Fish, and Environmental StudiesSwedish University of Agricultural SciencesUme&#xE5;Sweden
6787786	Jonathan_Gershenzon	3Department of BiochemistryMax Planck Institute for Chemical EcologyJenaGermany
6787786	Axel_Schmidt	3Department of BiochemistryMax Planck Institute for Chemical EcologyJenaGermany
6787786	Christer_Bj&#xF6;rkman	1Department of EcologySwedish University of Agricultural SciencesUppsalaSweden
6906368	Rebecca B._Harris	0000 0001 2151 2636grid.215654.1School of Life Sciences, Arizona State University, Tempe, AZ USA 
6906368	Kristen_Irwin	0000000121839049grid.5333.6School of Life Sciences, &#xC9;cole Polytechnique F&#xE9;d&#xE9;rale de Lausanne, Lausanne, Switzerland 
6906368	Matthew R._Jones	0000 0001 2151 2636grid.215654.1School of Life Sciences, Arizona State University, Tempe, AZ USA 
6906368	Stefan_Laurent	0000 0001 0660 6765grid.419498.9Department of Comparative Development and Genetics, Max Planck Institute for Plant Breeding Research, Cologne, Germany 
6906368	Rowan D. H._Barrett	0000 0004 1936 8649grid.14709.3bRedpath Museum and Department of Biology, McGill University, Montr&#xE9;al, QC Canada 
6906368	Michael W._Nachman	0000 0001 2181 7878grid.47840.3fDepartment of Integrative Biology and Museum of Vertebrate Zoology, University of California Berkeley, Berkeley, CA USA 
6906368	Jeffrey M._Good	0000 0001 2192 5772grid.253613.0Division of Biological Sciences and Wildlife Biology Program, University of Montana, Missoula, MT USA 
6906368	Catherine R._Linnen	0000 0004 1936 8438grid.266539.dDepartment of Biology, University of Kentucky, Lexington, KY USA 
6906368	Jeffrey D._Jensen	0000 0001 2151 2636grid.215654.1School of Life Sciences, Arizona State University, Tempe, AZ USA 
6906368	Susanne P._Pfeifer	0000 0001 2151 2636grid.215654.1School of Life Sciences, Arizona State University, Tempe, AZ USA 
6669502	Solange A.B._Miele	Laboratorio de Ingenier&#xED;a Gen&#xE9;tica y Biolog&#xED;a Celular y Molecular-&#xC1;rea Virosis de Insectos, Instituto de Microbiolog&#xED;a B&#xE1;sica y Aplicada (IMBA), Universidad Nacional de Quilmes, CONICET, Bernal B1876BXD, Argentina
6669502	Carolina S._Cerrudo	Laboratorio de Ingenier&#xED;a Gen&#xE9;tica y Biolog&#xED;a Celular y Molecular-&#xC1;rea Virosis de Insectos, Instituto de Microbiolog&#xED;a B&#xE1;sica y Aplicada (IMBA), Universidad Nacional de Quilmes, CONICET, Bernal B1876BXD, Argentina
6669502	Cintia N._Parsza	Laboratorio de Ingenier&#xED;a Gen&#xE9;tica y Biolog&#xED;a Celular y Molecular-&#xC1;rea Virosis de Insectos, Instituto de Microbiolog&#xED;a B&#xE1;sica y Aplicada (IMBA), Universidad Nacional de Quilmes, CONICET, Bernal B1876BXD, Argentina
6669502	Mar&#xED;a Victoria_Nugnes	Laboratorio de Ingenier&#xED;a Gen&#xE9;tica y Biolog&#xED;a Celular y Molecular-&#xC1;rea Virosis de Insectos, Instituto de Microbiolog&#xED;a B&#xE1;sica y Aplicada (IMBA), Universidad Nacional de Quilmes, CONICET, Bernal B1876BXD, Argentina
6669502	Diego L._Mengual G&#xF3;mez	Laboratorio de Oncolog&#xED;a Molecular, Universidad Nacional de Quilmes, CONICET, Bernal B1876BXD, Argentina
6669502	Mariano N._Belaich	Laboratorio de Ingenier&#xED;a Gen&#xE9;tica y Biolog&#xED;a Celular y Molecular-&#xC1;rea Virosis de Insectos, Instituto de Microbiolog&#xED;a B&#xE1;sica y Aplicada (IMBA), Universidad Nacional de Quilmes, CONICET, Bernal B1876BXD, Argentina
6669502	P. Daniel_Ghiringhelli	Laboratorio de Ingenier&#xED;a Gen&#xE9;tica y Biolog&#xED;a Celular y Molecular-&#xC1;rea Virosis de Insectos, Instituto de Microbiolog&#xED;a B&#xE1;sica y Aplicada (IMBA), Universidad Nacional de Quilmes, CONICET, Bernal B1876BXD, Argentina
6627857	Summar_Sohail	Key Laboratory of Horticultural Plant Biology (MOE), State Key Laboratory of Agricultural Microbiology, China-Australia Joint Research Centre for Horticultural and Urban Pests, Institute of Urban and Horticultural Entomology, College of Plant Science and Technology, Huazhong Agricultural University, Wuhan 430070, Hubei, China;  (M.F.R.)
6627857	Kaleem_Tariq	Department of Agriculture, Abdul Wali Khan University Mardan, Khyber Pakhtunkhwa 23200, Pakistan; 
6627857	Weiwei_Zheng	Key Laboratory of Horticultural Plant Biology (MOE), State Key Laboratory of Agricultural Microbiology, China-Australia Joint Research Centre for Horticultural and Urban Pests, Institute of Urban and Horticultural Entomology, College of Plant Science and Technology, Huazhong Agricultural University, Wuhan 430070, Hubei, China;  (M.F.R.)
6627857	Muhammad Waqar_Ali	Key Laboratory of Horticultural Plant Biology (MOE), State Key Laboratory of Agricultural Microbiology, China-Australia Joint Research Centre for Horticultural and Urban Pests, Institute of Urban and Horticultural Entomology, College of Plant Science and Technology, Huazhong Agricultural University, Wuhan 430070, Hubei, China;  (M.F.R.)
6627857	Wei_Peng	Key Laboratory of Horticultural Plant Biology (MOE), State Key Laboratory of Agricultural Microbiology, China-Australia Joint Research Centre for Horticultural and Urban Pests, Institute of Urban and Horticultural Entomology, College of Plant Science and Technology, Huazhong Agricultural University, Wuhan 430070, Hubei, China;  (M.F.R.)
6627857	Muhammad Fahim_Raza	Key Laboratory of Horticultural Plant Biology (MOE), State Key Laboratory of Agricultural Microbiology, China-Australia Joint Research Centre for Horticultural and Urban Pests, Institute of Urban and Horticultural Entomology, College of Plant Science and Technology, Huazhong Agricultural University, Wuhan 430070, Hubei, China;  (M.F.R.)
6627857	Hongyu_Zhang	Key Laboratory of Horticultural Plant Biology (MOE), State Key Laboratory of Agricultural Microbiology, China-Australia Joint Research Centre for Horticultural and Urban Pests, Institute of Urban and Horticultural Entomology, College of Plant Science and Technology, Huazhong Agricultural University, Wuhan 430070, Hubei, China;  (M.F.R.)
6557860	Wisarut_Junprung	0000 0001 2069 7798grid.5342.0Laboratory of Aquaculture &amp; Artemia Reference Center, Department of Animal Sciences and Aquatic Ecology, Faculty of Bioscience Engineering, Ghent University, Coupure Links 653, 9000 Ghent, Belgium 
6557860	Parisa_Norouzitallab	0000 0001 2069 7798grid.5342.0Laboratory of Aquaculture &amp; Artemia Reference Center, Department of Animal Sciences and Aquatic Ecology, Faculty of Bioscience Engineering, Ghent University, Coupure Links 653, 9000 Ghent, Belgium 
6557860	Stephanie_De Vos	0000 0001 2069 7798grid.5342.0Laboratory of Aquaculture &amp; Artemia Reference Center, Department of Animal Sciences and Aquatic Ecology, Faculty of Bioscience Engineering, Ghent University, Coupure Links 653, 9000 Ghent, Belgium 
6557860	Anchalee_Tassanakajon	0000 0001 0244 7875grid.7922.eCenter of Excellence for Molecular Biology and Genomics of Shrimp, Department of Biochemistry, Faculty of Science, Chulalongkorn University, Bangkok, 10330 Thailand 
6557860	Dung_Nguyen Viet	0000 0001 2069 7798grid.5342.0Laboratory of Aquaculture &amp; Artemia Reference Center, Department of Animal Sciences and Aquatic Ecology, Faculty of Bioscience Engineering, Ghent University, Coupure Links 653, 9000 Ghent, Belgium 
6557860	Gilbert_Van Stappen	0000 0001 2069 7798grid.5342.0Laboratory of Aquaculture &amp; Artemia Reference Center, Department of Animal Sciences and Aquatic Ecology, Faculty of Bioscience Engineering, Ghent University, Coupure Links 653, 9000 Ghent, Belgium 
6557860	Peter_Bossier	0000 0001 2069 7798grid.5342.0Laboratory of Aquaculture &amp; Artemia Reference Center, Department of Animal Sciences and Aquatic Ecology, Faculty of Bioscience Engineering, Ghent University, Coupure Links 653, 9000 Ghent, Belgium 
6558112	Huaping_Xu	College of Agronomy and Biotechnology, Hebei Normal University of Science and Technology, Qinhuangdao, China
6558112	Haicui_Xie	College of Agronomy and Biotechnology, Hebei Normal University of Science and Technology, Qinhuangdao, China
6558112	Shengyong_Wu	The State Key Laboratory for Biology of Plant Diseases and Insect Pests, Institute of Plant Protection, Chinese Academy of Agricultural Sciences, Beijing, China
6558112	Zhenying_Wang	The State Key Laboratory for Biology of Plant Diseases and Insect Pests, Institute of Plant Protection, Chinese Academy of Agricultural Sciences, Beijing, China
6558112	Kanglai_He	The State Key Laboratory for Biology of Plant Diseases and Insect Pests, Institute of Plant Protection, Chinese Academy of Agricultural Sciences, Beijing, China
6523266	Ming-Xing_Lu	College of Horticulture and Plant Protection &amp; Institute of Applied Entomology, Yangzhou University, Yangzhou 225009, China;  (J.X.)
6523266	Jie_Song	College of Horticulture and Plant Protection &amp; Institute of Applied Entomology, Yangzhou University, Yangzhou 225009, China;  (J.X.)
6523266	Jing_Xu	College of Horticulture and Plant Protection &amp; Institute of Applied Entomology, Yangzhou University, Yangzhou 225009, China;  (J.X.)
6523266	Guirong_Wang	State Key Laboratory for Biology of Plant Diseases and Insect Pests, Institute of Plant Protection, Chinese Academy of Agricultural Sciences, Beijing 100000, China;  (Y.L.)
6523266	Yang_Liu	State Key Laboratory for Biology of Plant Diseases and Insect Pests, Institute of Plant Protection, Chinese Academy of Agricultural Sciences, Beijing 100000, China;  (Y.L.)
6523266	Yu-Zhou_Du	College of Horticulture and Plant Protection &amp; Institute of Applied Entomology, Yangzhou University, Yangzhou 225009, China;  (J.X.)
6401454	Qiankun_Yang	Plant Protection College, Shenyang Agricultural University, Shenyang, China        
6401454	Yan_Zhang	Institute of Plant Virology, Ningbo University, Ningbo, China        
6401454	Ida Bagus_Andika	Institute of Plant Science and Resources, Okayama University, Kurashiki, Japan        
6401454	Zhenfeng_Liao	The State Key Laboratory Breeding Base for Sustainable Control of Pest and Disease, Key Laboratory of Biotechnology in Plant Protection of MOA of China and Zhejiang Province, Institute of Virology and Biotechnology, Zhejiang Academy of Agricultural Sciences, Hangzhou, China        
6401454	Hideki_Kondo	Institute of Plant Science and Resources, Okayama University, Kurashiki, Japan        
6401454	Yanhua_Lu	Institute of Plant Virology, Ningbo University, Ningbo, China        
6401454	Ye_Cheng	Institute of Plant Virology, Ningbo University, Ningbo, China        
6401454	Linying_Li	College of Horticulture and Plant Protection, Yangzhou University, Yangzhou, China        
6401454	Yuqing_He	The State Key Laboratory Breeding Base for Sustainable Control of Pest and Disease, Key Laboratory of Biotechnology in Plant Protection of MOA of China and Zhejiang Province, Institute of Virology and Biotechnology, Zhejiang Academy of Agricultural Sciences, Hangzhou, China        
6401454	Yujuan_He	Institute of Plant Virology, Ningbo University, Ningbo, China        
6401454	Yuhua_Qi	Institute of Plant Virology, Ningbo University, Ningbo, China        
6401454	Zongtao_Sun	Institute of Plant Virology, Ningbo University, Ningbo, China        
6401454	Yuanhua_Wu	Plant Protection College, Shenyang Agricultural University, Shenyang, China        
6401454	Fei_Yan	Institute of Plant Virology, Ningbo University, Ningbo, China        
6401454	Jianping_Chen	Plant Protection College, Shenyang Agricultural University, Shenyang, China        
6401454	Junmin_Li	Institute of Plant Virology, Ningbo University, Ningbo, China        
6394914	Ratnasri_Pothula	Department of Entomology and Plant Pathology, University of Tennessee, Knoxville, Tennessee, United States of America
6394914	Derek_Shirley	Department of Entomology and Plant Pathology, University of Tennessee, Knoxville, Tennessee, United States of America
6394914	O. P._Perera	USDA-ARS Southern Insect Management Research Unit, Stoneville, Mississippi, United States of America
6394914	William E._Klingeman	Department of Plant Sciences, University of Tennessee, Knoxville, Tennessee, United States of America
6394914	Cris_Oppert	Department of Entomology and Plant Pathology, University of Tennessee, Knoxville, Tennessee, United States of America
6394914	Heba M. Y._Abdelgaffar	Department of Entomology and Plant Pathology, University of Tennessee, Knoxville, Tennessee, United States of America
6394914	Brian R._Johnson	Department of Entomology and Nematology, University of California, Davis, California, United States of America
6394914	Juan Luis_Jurat-Fuentes	Department of Entomology and Plant Pathology, University of Tennessee, Knoxville, Tennessee, United States of America
6368282	Shannon R._Escasa	Laboratory for Molecular Ecology, Great Lakes Forestry Centre and Biology Department, Algoma University, Sault Ste, Marie, Ontario, Canada
6368282	Robert L._Harrison	Invasive Insect Biocontrol and Behavior Laboratory, Beltsville Agricultural Research Center, USDA Agricultural Research Service, Beltsville, Maryland, United States of America
6368282	Joseph D._Mowery	Electron and Confocal Microscopy Unit, Beltsville Agricultural Research Center, USDA Agricultural Research Service, Beltsville, Maryland, United States of America
6368282	Gary R._Bauchan	Electron and Confocal Microscopy Unit, Beltsville Agricultural Research Center, USDA Agricultural Research Service, Beltsville, Maryland, United States of America
6368282	Jenny S._Cory	Department of Biological Sciences, Simon Fraser University, University Boulevard, Burnaby, British Columbia, Canada
6375067	David_Stanley	Biological Control of Insects Research Laboratory, United States Department of Agriculture &#x2013; Agricultural Research Service, Columbia, MO, United States
6375067	Yonggyun_Kim	Department of Plant Medicals, Andong National University, Andong, South Korea
6380598	Nathan A._Dunn	Environmental Genomics and Systems Biology, Lawrence Berkeley National Laboratory, Berkeley, California, United States of America
6380598	Deepak R._Unni	Environmental Genomics and Systems Biology, Lawrence Berkeley National Laboratory, Berkeley, California, United States of America
6380598	Colin_Diesh	Deptartment of Bioengineering, University of California, Berkeley, California, United States of America
6380598	Monica_Munoz-Torres	Translational and Integrative Sciences Lab, Oregon State University, Corvallis, Oregon, United States of America
6380598	Nomi L._Harris	Environmental Genomics and Systems Biology, Lawrence Berkeley National Laboratory, Berkeley, California, United States of America
6380598	Eric_Yao	Deptartment of Bioengineering, University of California, Berkeley, California, United States of America
6380598	Helena_Rasche	Bioinformatics Group, University of Freiburg, Freiburg, Germany
6380598	Ian H._Holmes	Deptartment of Bioengineering, University of California, Berkeley, California, United States of America
6380598	Christine G._Elsik	Animal Sciences Division, University of Missouri, Columbia, Missouri, United States of America
6380598	Suzanna E._Lewis	Environmental Genomics and Systems Biology, Lawrence Berkeley National Laboratory, Berkeley, California, United States of America
6410086	Martyna_Krejmer-Rabalska	Laboratory of Recombinant Vaccines, Intercollegiate Faculty of Biotechnology of University of Gdansk and Medical University of Gdansk, University of Gdansk, 80-307 Gdansk, Poland;  (B.S.)
6410086	Lukasz_Rabalski	Laboratory of Recombinant Vaccines, Intercollegiate Faculty of Biotechnology of University of Gdansk and Medical University of Gdansk, University of Gdansk, 80-307 Gdansk, Poland;  (B.S.)
6410086	Michael D._Jukes	Department of Biochemistry and Microbiology, Rhodes University, P.O. Box 94, Grahamstown 6140, South Africa; 
6410086	Marlinda_Lobo de Souza	Embrapa Recursos Gen&#xE9;ticos e Biotecnologia, Parque Estacao Biol&#xF3;gica, Brasilia 70770-900, Brazil; 
6410086	Sean D._Moore	Centre for Biological Control, Department of Zoology and Entomology, Rhodes University, P.O. Box 94, Grahamstown 6140, South Africa; 
6410086	Boguslaw_Szewczyk	Laboratory of Recombinant Vaccines, Intercollegiate Faculty of Biotechnology of University of Gdansk and Medical University of Gdansk, University of Gdansk, 80-307 Gdansk, Poland;  (B.S.)
6374669	Stephen A. L._Trevoy	1Department of Biological SciencesUniversity of AlbertaEdmontonAlbertaCanada
6374669	Jasmine K._Janes	2School of Environmental &amp; Rural SciencesUniversity of New EnglandArmidaleNew South WalesAustralia
6374669	Kevin_Muirhead	1Department of Biological SciencesUniversity of AlbertaEdmontonAlbertaCanada
6374669	Felix A. H._Sperling	1Department of Biological SciencesUniversity of AlbertaEdmontonAlbertaCanada
6297876	Zhi-Wei_Kang	State Key Laboratory of Crop Stress Biology for the Arid Areas, Key Laboratory of Northwest Loess Plateau Crop Pest Management of Ministry of Agriculture, Northwest A&amp;F University, Yangling, China
6297876	Fang-Hua_Liu	State Key Laboratory of Integrated Management of Pest and Rodents, Institute of Zoology, Chinese Academy of Sciences, Beijing, China
6297876	Rui-Ping_Pang	State Key Laboratory of Crop Stress Biology for the Arid Areas, Key Laboratory of Northwest Loess Plateau Crop Pest Management of Ministry of Agriculture, Northwest A&amp;F University, Yangling, China
6297876	Hong-Gang_Tian	State Key Laboratory of Crop Stress Biology for the Arid Areas, Key Laboratory of Northwest Loess Plateau Crop Pest Management of Ministry of Agriculture, Northwest A&amp;F University, Yangling, China
6297876	Tong-Xian_Liu	State Key Laboratory of Crop Stress Biology for the Arid Areas, Key Laboratory of Northwest Loess Plateau Crop Pest Management of Ministry of Agriculture, Northwest A&amp;F University, Yangling, China
6249893	David_Armis&#xE9;n	0000 0004 0382 6019grid.462143.6Institut de G&#xE9;nomique Fonctionnelle de Lyon, Universit&#xE9; de Lyon, Universit&#xE9; Claude Bernard Lyon 1, CNRS UMR 5242, Ecole Normale Sup&#xE9;rieure de Lyon 46, all&#xE9;e d&#x2019;Italie, 69364 Lyon Cedex 07, France 
6249893	Rajendhran_Rajakumar	0000 0004 1936 8091grid.15276.37Department of Molecular Genetics &amp; Microbiology and UF Genetics Institute, University of Florida, 2033 Mowry Road, Gainesville, FL 32610-3610 USA 
6249893	Markus_Friedrich	0000 0001 1456 7807grid.254444.7Department of Biological Sciences, Wayne State University, Detroit, MI 48202 USA 
6249893	Joshua B._Benoit	0000 0001 2179 9593grid.24827.3bDepartment of Biological Sciences, McMicken College of Arts and Sciences, University of Cincinnati, 318 College Drive, Cincinnati, OH 45221-0006 USA 
6249893	Hugh M._Robertson	0000 0004 1936 9991grid.35403.31Department of Entomology, University of Illinois at Urbana-Champaign, Urbana, IL 61801 USA 
6249893	Kristen A._Panfilio	0000 0000 8580 3777grid.6190.eInstitute for Zoology: Developmental Biology, University of Cologne, Z&#xFC;lpicher Str. 47b, 50674 Cologne, Germany 
6249893	Seung-Joon_Ahn	0000 0004 0404 0958grid.463419.dUSDA-ARS Horticultural Crops Research Unit, 3420 NW Orchard Avenue, Corvallis, OR 97330 USA 
6249893	Monica F._Poelchau	0000 0001 2113 2895grid.483014.aUSDA Agricultural Research Service, National Agricultural Library, Beltsville, MD 20705 USA 
6249893	Hsu_Chao	0000 0001 2160 926Xgrid.39382.33Human Genome Sequencing Center, Department of Human and Molecular Genetics, Baylor College of Medicine, One Baylor Plaza, Houston, TX 77030 USA 
6249893	Huyen_Dinh	0000 0001 2160 926Xgrid.39382.33Human Genome Sequencing Center, Department of Human and Molecular Genetics, Baylor College of Medicine, One Baylor Plaza, Houston, TX 77030 USA 
6249893	Harsha Vardhan_Doddapaneni	0000 0001 2160 926Xgrid.39382.33Human Genome Sequencing Center, Department of Human and Molecular Genetics, Baylor College of Medicine, One Baylor Plaza, Houston, TX 77030 USA 
6249893	Shannon_Dugan	0000 0001 2160 926Xgrid.39382.33Human Genome Sequencing Center, Department of Human and Molecular Genetics, Baylor College of Medicine, One Baylor Plaza, Houston, TX 77030 USA 
6249893	Richard A._Gibbs	0000 0001 2160 926Xgrid.39382.33Human Genome Sequencing Center, Department of Human and Molecular Genetics, Baylor College of Medicine, One Baylor Plaza, Houston, TX 77030 USA 
6249893	Daniel S. T._Hughes	0000 0001 2160 926Xgrid.39382.33Human Genome Sequencing Center, Department of Human and Molecular Genetics, Baylor College of Medicine, One Baylor Plaza, Houston, TX 77030 USA 
6249893	Yi_Han	0000 0001 2160 926Xgrid.39382.33Human Genome Sequencing Center, Department of Human and Molecular Genetics, Baylor College of Medicine, One Baylor Plaza, Houston, TX 77030 USA 
6249893	Sandra L._Lee	0000 0001 2160 926Xgrid.39382.33Human Genome Sequencing Center, Department of Human and Molecular Genetics, Baylor College of Medicine, One Baylor Plaza, Houston, TX 77030 USA 
6249893	Shwetha C._Murali	0000000122986657grid.34477.33Howard Hughes Medical Institute, University of Washington, Seattle, WA 98195 USA 
6249893	Donna M._Muzny	0000 0001 2160 926Xgrid.39382.33Human Genome Sequencing Center, Department of Human and Molecular Genetics, Baylor College of Medicine, One Baylor Plaza, Houston, TX 77030 USA 
6249893	Jiaxin_Qu	0000 0001 2160 926Xgrid.39382.33Human Genome Sequencing Center, Department of Human and Molecular Genetics, Baylor College of Medicine, One Baylor Plaza, Houston, TX 77030 USA 
6249893	Kim C._Worley	0000 0001 2160 926Xgrid.39382.33Human Genome Sequencing Center, Department of Human and Molecular Genetics, Baylor College of Medicine, One Baylor Plaza, Houston, TX 77030 USA 
6249893	Monica_Munoz-Torres	0000 0001 2231 4551grid.184769.5Lawrence Berkeley National Laboratory, Berkeley, CA 94720 USA 
6249893	Ehab_Abouheif	0000 0004 1936 8649grid.14709.3bDepartment of Biology, McGill University, 1205 Avenue Docteur Penfield Avenue, Montr&#xE9;al, Qu&#xE9;bec H3A 1B1 Canada 
6249893	Fran&#xE7;ois_Bonneton	0000 0004 0382 6019grid.462143.6Institut de G&#xE9;nomique Fonctionnelle de Lyon, Universit&#xE9; de Lyon, Universit&#xE9; Claude Bernard Lyon 1, CNRS UMR 5242, Ecole Normale Sup&#xE9;rieure de Lyon 46, all&#xE9;e d&#x2019;Italie, 69364 Lyon Cedex 07, France 
6249893	Travis_Chen	0000 0004 1936 8649grid.14709.3bDepartment of Biology, McGill University, 1205 Avenue Docteur Penfield Avenue, Montr&#xE9;al, Qu&#xE9;bec H3A 1B1 Canada 
6249893	Li-Mei_Chiang	0000 0001 2113 2895grid.483014.aUSDA Agricultural Research Service, National Agricultural Library, Beltsville, MD 20705 USA 
6249893	Christopher P._Childers	0000 0001 2113 2895grid.483014.aUSDA Agricultural Research Service, National Agricultural Library, Beltsville, MD 20705 USA 
6249893	Andrew G._Cridge	0000 0004 1936 7830grid.29980.3aLaboratory for Evolution and Development, Department of Biochemistry, University of Otago, P.O. Box 56, Dunedin, New Zealand 
6249893	Antonin J. J._Crumi&#xE8;re	0000 0004 0382 6019grid.462143.6Institut de G&#xE9;nomique Fonctionnelle de Lyon, Universit&#xE9; de Lyon, Universit&#xE9; Claude Bernard Lyon 1, CNRS UMR 5242, Ecole Normale Sup&#xE9;rieure de Lyon 46, all&#xE9;e d&#x2019;Italie, 69364 Lyon Cedex 07, France 
6249893	Amelie_Decaras	0000 0004 0382 6019grid.462143.6Institut de G&#xE9;nomique Fonctionnelle de Lyon, Universit&#xE9; de Lyon, Universit&#xE9; Claude Bernard Lyon 1, CNRS UMR 5242, Ecole Normale Sup&#xE9;rieure de Lyon 46, all&#xE9;e d&#x2019;Italie, 69364 Lyon Cedex 07, France 
6249893	Elise M._Didion	0000 0001 2179 9593grid.24827.3bDepartment of Biological Sciences, McMicken College of Arts and Sciences, University of Cincinnati, 318 College Drive, Cincinnati, OH 45221-0006 USA 
6249893	Elizabeth J._Duncan	0000 0004 1936 7830grid.29980.3aLaboratory for Evolution and Development, Department of Biochemistry, University of Otago, P.O. Box 56, Dunedin, New Zealand 
6249893	Elena N._Elpidina	0000 0001 2342 9668grid.14476.30A.N. Belozersky Institute of Physico-Chemical Biology, Moscow State University, Moscow, 119991 Russia 
6249893	Marie-Julie_Fav&#xE9;	0000 0004 1936 8649grid.14709.3bDepartment of Biology, McGill University, 1205 Avenue Docteur Penfield Avenue, Montr&#xE9;al, Qu&#xE9;bec H3A 1B1 Canada 
6249893	C&#xE9;dric_Finet	0000 0004 0382 6019grid.462143.6Institut de G&#xE9;nomique Fonctionnelle de Lyon, Universit&#xE9; de Lyon, Universit&#xE9; Claude Bernard Lyon 1, CNRS UMR 5242, Ecole Normale Sup&#xE9;rieure de Lyon 46, all&#xE9;e d&#x2019;Italie, 69364 Lyon Cedex 07, France 
6249893	Chris G. C._Jacobs	0000 0001 2312 1970grid.5132.5Institute of Biology, Leiden University, Sylviusweg 72, 2333 BE Leiden, Netherlands 
6249893	Alys M._Cheatle Jarvela	0000 0001 0941 7177grid.164295.dDepartment of Entomology, University of Maryland, College Park, MD 20742 USA 
6249893	Emily C._Jennings	0000 0001 2179 9593grid.24827.3bDepartment of Biological Sciences, McMicken College of Arts and Sciences, University of Cincinnati, 318 College Drive, Cincinnati, OH 45221-0006 USA 
6249893	Jeffery W._Jones	0000 0001 1456 7807grid.254444.7Department of Biological Sciences, Wayne State University, Detroit, MI 48202 USA 
6249893	Maryna P._Lesoway	0000 0004 1936 8649grid.14709.3bDepartment of Biology, McGill University, 1205 Avenue Docteur Penfield Avenue, Montr&#xE9;al, Qu&#xE9;bec H3A 1B1 Canada 
6249893	Mackenzie R._Lovegrove	0000 0004 1936 7830grid.29980.3aLaboratory for Evolution and Development, Department of Biochemistry, University of Otago, P.O. Box 56, Dunedin, New Zealand 
6249893	Alexander_Martynov	0000 0004 0555 3608grid.454320.4Center of Life Sciences, Skolkovo Institute of Science and Technology, Skolkovo, 143025 Russia 
6249893	Brenda_Oppert	USDA ARS Center for Grain and Animal Health Research, 1515 College Ave., Manhattan, KS-66502 USA 
6249893	Angelica_Lillico-Ouachour	0000 0004 1936 8649grid.14709.3bDepartment of Biology, McGill University, 1205 Avenue Docteur Penfield Avenue, Montr&#xE9;al, Qu&#xE9;bec H3A 1B1 Canada 
6249893	Arjuna_Rajakumar	0000 0004 1936 8649grid.14709.3bDepartment of Biology, McGill University, 1205 Avenue Docteur Penfield Avenue, Montr&#xE9;al, Qu&#xE9;bec H3A 1B1 Canada 
6249893	Peter Nagui_Refki	0000 0004 0382 6019grid.462143.6Institut de G&#xE9;nomique Fonctionnelle de Lyon, Universit&#xE9; de Lyon, Universit&#xE9; Claude Bernard Lyon 1, CNRS UMR 5242, Ecole Normale Sup&#xE9;rieure de Lyon 46, all&#xE9;e d&#x2019;Italie, 69364 Lyon Cedex 07, France 
6249893	Andrew J._Rosendale	0000 0001 2179 9593grid.24827.3bDepartment of Biological Sciences, McMicken College of Arts and Sciences, University of Cincinnati, 318 College Drive, Cincinnati, OH 45221-0006 USA 
6249893	Maria Emilia_Santos	0000 0004 0382 6019grid.462143.6Institut de G&#xE9;nomique Fonctionnelle de Lyon, Universit&#xE9; de Lyon, Universit&#xE9; Claude Bernard Lyon 1, CNRS UMR 5242, Ecole Normale Sup&#xE9;rieure de Lyon 46, all&#xE9;e d&#x2019;Italie, 69364 Lyon Cedex 07, France 
6249893	William_Toubiana	0000 0004 0382 6019grid.462143.6Institut de G&#xE9;nomique Fonctionnelle de Lyon, Universit&#xE9; de Lyon, Universit&#xE9; Claude Bernard Lyon 1, CNRS UMR 5242, Ecole Normale Sup&#xE9;rieure de Lyon 46, all&#xE9;e d&#x2019;Italie, 69364 Lyon Cedex 07, France 
6249893	Maurijn_van der Zee	0000 0001 2312 1970grid.5132.5Institute of Biology, Leiden University, Sylviusweg 72, 2333 BE Leiden, Netherlands 
6249893	Iris M._Vargas Jentzsch	0000 0000 8580 3777grid.6190.eInstitute for Zoology: Developmental Biology, University of Cologne, Z&#xFC;lpicher Str. 47b, 50674 Cologne, Germany 
6249893	Aidamalia Vargas_Lowman	0000 0004 0382 6019grid.462143.6Institut de G&#xE9;nomique Fonctionnelle de Lyon, Universit&#xE9; de Lyon, Universit&#xE9; Claude Bernard Lyon 1, CNRS UMR 5242, Ecole Normale Sup&#xE9;rieure de Lyon 46, all&#xE9;e d&#x2019;Italie, 69364 Lyon Cedex 07, France 
6249893	Severine_Viala	0000 0004 0382 6019grid.462143.6Institut de G&#xE9;nomique Fonctionnelle de Lyon, Universit&#xE9; de Lyon, Universit&#xE9; Claude Bernard Lyon 1, CNRS UMR 5242, Ecole Normale Sup&#xE9;rieure de Lyon 46, all&#xE9;e d&#x2019;Italie, 69364 Lyon Cedex 07, France 
6249893	Stephen_Richards	0000 0001 2160 926Xgrid.39382.33Human Genome Sequencing Center, Department of Human and Molecular Genetics, Baylor College of Medicine, One Baylor Plaza, Houston, TX 77030 USA 
6249893	Abderrahman_Khila	0000 0004 0382 6019grid.462143.6Institut de G&#xE9;nomique Fonctionnelle de Lyon, Universit&#xE9; de Lyon, Universit&#xE9; Claude Bernard Lyon 1, CNRS UMR 5242, Ecole Normale Sup&#xE9;rieure de Lyon 46, all&#xE9;e d&#x2019;Italie, 69364 Lyon Cedex 07, France 
6224230	Eisuke_Tasaki	Laboratory of Insect Ecology, Graduate School of Agriculture, Kyoto University, Kyoto 606-8502, Japan
6224230	Yuki_Mitaka	Laboratory of Insect Ecology, Graduate School of Agriculture, Kyoto University, Kyoto 606-8502, Japan
6224230	Tomonari_Nozaki	Laboratory of Insect Ecology, Graduate School of Agriculture, Kyoto University, Kyoto 606-8502, Japan
6224230	Kazuya_Kobayashi	Hokkaido Forest Research Station, Field Science Education and Research Center, Kyoto University, Hokkaido 088-2339, Japan
6224230	Kenji_Matsuura	Laboratory of Insect Ecology, Graduate School of Agriculture, Kyoto University, Kyoto 606-8502, Japan
6224230	Yoshihito_Iuchi	Department of Applied Bioresources Chemistry, The United Graduate School of Agriculture, Tottori University, Tottori 680-8553, Japan
6155062	Martin_Schebeck	0000 0001 2298 5320grid.5173.0Department of Forest and Soil Sciences, BOKU, University of Natural Resources and Life Sciences Vienna, Vienna, Austria 
6155062	Eddy J._Dowle	0000000107903411grid.241116.1Department of Integrative Biology, University of Colorado Denver, Denver, CO USA 
6155062	Hannes_Schuler	0000 0001 2168 0066grid.131063.6Department of Biological Sciences, University of Notre Dame, Notre Dame, IN USA 
6155062	Dimitrios N._Avtzis	Hellenic Agricultural Organisation &#x2013; Demeter, Forest Research Institute, Thessaloniki, Greece 
6155062	Coralie_Bertheau	0000 0004 4910 6615grid.493090.7Laboratoire Chrono-Environnement, Universit&#xE9; de Bourgogne Franche-Comt&#xE9;, P&#xF4;le Universitaire du Pays de Montb&#xE9;liard, Montb&#xE9;liard, France 
6155062	Jeffrey L._Feder	0000 0001 2168 0066grid.131063.6Department of Biological Sciences, University of Notre Dame, Notre Dame, IN USA 
6155062	Gregory J._Ragland	0000000107903411grid.241116.1Department of Integrative Biology, University of Colorado Denver, Denver, CO USA 
6155062	Christian_Stauffer	0000 0001 2298 5320grid.5173.0Department of Forest and Soil Sciences, BOKU, University of Natural Resources and Life Sciences Vienna, Vienna, Austria 
6202701	Y. Miles_Zhang	1Department of BiologyUniversity of Central FloridaOrlandoFlorida
6202701	Amber I. H._Bass	1Department of BiologyUniversity of Central FloridaOrlandoFlorida
6202701	D. Catalina_Fern&#xE1;ndez	2Department of Biological ScienceUniversity of WindsorWindsorOntarioCanada
6202701	Barbara J._Sharanowski	1Department of BiologyUniversity of Central FloridaOrlandoFlorida
6042248	Andrew A._Forbes	0000 0004 1936 8294grid.214572.7Department of Biology, University of Iowa, 434 Biology Building, Iowa City, IA 52242 USA 
6042248	Robin K._Bagley	0000 0004 1936 8294grid.214572.7Department of Biology, University of Iowa, 434 Biology Building, Iowa City, IA 52242 USA 
6042248	Marc A._Beer	0000 0004 1936 8294grid.214572.7Department of Biology, University of Iowa, 434 Biology Building, Iowa City, IA 52242 USA 
6042248	Alaine C._Hippee	0000 0004 1936 8294grid.214572.7Department of Biology, University of Iowa, 434 Biology Building, Iowa City, IA 52242 USA 
6042248	Heather A._Widmayer	0000 0004 1936 8294grid.214572.7Department of Biology, University of Iowa, 434 Biology Building, Iowa City, IA 52242 USA 
6035795	Alexandre Freitas_da Silva	P&#xF3;s Gradua&#xE7;&#xE3;o em Bioci&#xEA;ncias e Biotecnologia em Sa&#xFA;de, Instituto Aggeu Magalh&#xE3;es (IAM), Recife, Pernambuco Brazil 
6035795	Filipe Zimmer_Dezordi	P&#xF3;s Gradua&#xE7;&#xE3;o em Bioci&#xEA;ncias e Biotecnologia em Sa&#xFA;de, Instituto Aggeu Magalh&#xE3;es (IAM), Recife, Pernambuco Brazil 
6035795	Elgion Lucio Silva_Loreto	0000 0001 2284 6531grid.411239.cDepartamento de Bioqu&#xED;mica e Biologia Molecular, Universidade Federal de Santa Maria, Santa Maria, Rio Grande do Sul Brazil 
6035795	Gabriel Luz_Wallau	0000 0001 0723 0931grid.418068.3Departamento de Entomologia, Instituto Aggeu Magalh&#xE3;es (IAM), Funda&#xE7;&#xE3;o Oswaldo Cruz (FIOCRUZ/PE), Recife, Pernambuco Brazil 
5997678	Thong T._Nguyen	0000 0004 0534 4718grid.418158.1Department of Molecular Biology, Genentech Inc., 1 DNA WAY, South San Francisco, CA 94080 USA 
5997678	Kushal_Suryamohan	0000 0004 0534 4718grid.418158.1Department of Molecular Biology, Genentech Inc., 1 DNA WAY, South San Francisco, CA 94080 USA 
5997678	Boney_Kuriakose	AgriGenome Labs Private Limited, 501, SCK01 Building, SmartCity Kochi, Infopark Road, Kakkanad, Kochi, Kerala 682 042 India 
5997678	Vasantharajan_Janakiraman	0000 0004 0534 4718grid.418158.1Department of Molecular Biology, Genentech Inc., 1 DNA WAY, South San Francisco, CA 94080 USA 
5997678	Mike_Reichelt	0000 0004 0534 4718grid.418158.1Department of Pathology, Genentech Inc, 1 DNA WAY, South San Francisco, CA 94080 USA 
5997678	Subhra_Chaudhuri	0000 0004 0534 4718grid.418158.1Department of Molecular Biology, Genentech Inc., 1 DNA WAY, South San Francisco, CA 94080 USA 
5997678	Joseph_Guillory	0000 0004 0534 4718grid.418158.1Department of Molecular Biology, Genentech Inc., 1 DNA WAY, South San Francisco, CA 94080 USA 
5997678	Neethu_Divakaran	AgriGenome Labs Private Limited, 501, SCK01 Building, SmartCity Kochi, Infopark Road, Kakkanad, Kochi, Kerala 682 042 India 
5997678	P. E._Rabins	AgriGenome Labs Private Limited, 501, SCK01 Building, SmartCity Kochi, Infopark Road, Kakkanad, Kochi, Kerala 682 042 India 
5997678	Ridhi_Goel	AgriGenome Labs Private Limited, 501, SCK01 Building, SmartCity Kochi, Infopark Road, Kakkanad, Kochi, Kerala 682 042 India 
5997678	Bhabesh_Deka	0000 0001 0708 3863grid.482359.1Tea Research Association, North Bengal Regional R &amp; D Centre, Nagrakata, Jalpaiguri, West Bengal 735 225 India 
5997678	Suman_Sarkar	0000 0001 0708 3863grid.482359.1Tea Research Association, North Bengal Regional R &amp; D Centre, Nagrakata, Jalpaiguri, West Bengal 735 225 India 
5997678	Preety_Ekka	0000 0001 0708 3863grid.482359.1Tea Research Association, North Bengal Regional R &amp; D Centre, Nagrakata, Jalpaiguri, West Bengal 735 225 India 
5997678	Yu-Chih_Tsai	grid.423340.2Pacific Biosciences, 1305O&#x2019;Brien Dr, Menlo Park, CA 94025 USA 
5997678	Derek_Vargas	0000 0004 0534 4718grid.418158.1Department of Molecular Biology, Genentech Inc., 1 DNA WAY, South San Francisco, CA 94080 USA 
5997678	Sam_Santhosh	grid.452841.eSciGenom Labs Pvt Ltd, Plot no: 43A,SDF, 3rd floor, A Block, CSEZ, Kakkanad, Kochi, Kerala 682 037 India 
5997678	Sangeetha_Mohan	grid.452841.eSciGenom Labs Pvt Ltd, Plot no: 43A,SDF, 3rd floor, A Block, CSEZ, Kakkanad, Kochi, Kerala 682 037 India 
5997678	Chen-Shan_Chin	grid.423340.2Pacific Biosciences, 1305O&#x2019;Brien Dr, Menlo Park, CA 94025 USA 
5997678	Jonas_Korlach	grid.423340.2Pacific Biosciences, 1305O&#x2019;Brien Dr, Menlo Park, CA 94025 USA 
5997678	George_Thomas	AgriGenome Labs Private Limited, 501, SCK01 Building, SmartCity Kochi, Infopark Road, Kakkanad, Kochi, Kerala 682 042 India 
5997678	Azariah_Babu	0000 0001 0708 3863grid.482359.1Tea Research Association, North Bengal Regional R &amp; D Centre, Nagrakata, Jalpaiguri, West Bengal 735 225 India 
5997678	Somasekar_Seshagiri	0000 0004 0534 4718grid.418158.1Department of Molecular Biology, Genentech Inc., 1 DNA WAY, South San Francisco, CA 94080 USA 
5957398	Omaththage P._Perera	        Southern Insect Management Research Unit, USDA-ARS, Stoneville, MS, United States      
5957398	Nathan S._Little	        Southern Insect Management Research Unit, USDA-ARS, Stoneville, MS, United States      
5957398	Calvin A._Pierce	        Southern Insect Management Research Unit, USDA-ARS, Stoneville, MS, United States      
5945869	Yong_Yue	Key Laboratory of Entomology and Pest Control Engineering, College of Plant Protection, Southwest University, Chongqing, China
5945869	Rui-Lin_Yang	Key Laboratory of Entomology and Pest Control Engineering, College of Plant Protection, Southwest University, Chongqing, China
5945869	Wei-Ping_Wang	Key Laboratory of Entomology and Pest Control Engineering, College of Plant Protection, Southwest University, Chongqing, China
5945869	Qi-Hao_Zhou	Key Laboratory of Entomology and Pest Control Engineering, College of Plant Protection, Southwest University, Chongqing, China
5945869	Er-Hu_Chen	Key Laboratory of Entomology and Pest Control Engineering, College of Plant Protection, Southwest University, Chongqing, China
5945869	Guo-Rui_Yuan	Key Laboratory of Entomology and Pest Control Engineering, College of Plant Protection, Southwest University, Chongqing, China
5945869	Jin-Jun_Wang	Key Laboratory of Entomology and Pest Control Engineering, College of Plant Protection, Southwest University, Chongqing, China
5945869	Wei_Dou	Key Laboratory of Entomology and Pest Control Engineering, College of Plant Protection, Southwest University, Chongqing, China
5899202	Qingying_Lai	State Key Lab of Biocontrol, Sun Yat-sen University, Guangzhou, China
5899202	Wenbi_Wu	State Key Lab of Biocontrol, Sun Yat-sen University, Guangzhou, China
5899202	Ao_Li	State Key Lab of Biocontrol, Sun Yat-sen University, Guangzhou, China
5899202	Wei_Wang	State Key Lab of Biocontrol, Sun Yat-sen University, Guangzhou, China
5899202	Meijin_Yuan	State Key Lab of Biocontrol, Sun Yat-sen University, Guangzhou, China
5899202	Kai_Yang	State Key Lab of Biocontrol, Sun Yat-sen University, Guangzhou, China
5794183	Jun_Wang	State Key Laboratory of Virology, Wuhan Institute of Virology, Chinese Academy of Sciences, Wuhan, China
5794183	Dianhai_Hou	State Key Laboratory of Virology, Wuhan Institute of Virology, Chinese Academy of Sciences, Wuhan, China
5794183	Qianran_Wang	State Key Laboratory of Virology, Wuhan Institute of Virology, Chinese Academy of Sciences, Wuhan, China
5794183	Wenhua_Kuang	State Key Laboratory of Virology, Wuhan Institute of Virology, Chinese Academy of Sciences, Wuhan, China
5794183	Lei_Zhang	State Key Laboratory of Virology, Wuhan Institute of Virology, Chinese Academy of Sciences, Wuhan, China
5794183	Jiang_Li	State Key Laboratory of Virology, Wuhan Institute of Virology, Chinese Academy of Sciences, Wuhan, China
5794183	Shu_Shen	State Key Laboratory of Virology, Wuhan Institute of Virology, Chinese Academy of Sciences, Wuhan, China
5794183	Fei_Deng	State Key Laboratory of Virology, Wuhan Institute of Virology, Chinese Academy of Sciences, Wuhan, China
5794183	Hualin_Wang	State Key Laboratory of Virology, Wuhan Institute of Virology, Chinese Academy of Sciences, Wuhan, China
5794183	Zhihong_Hu	State Key Laboratory of Virology, Wuhan Institute of Virology, Chinese Academy of Sciences, Wuhan, China
5794183	Manli_Wang	State Key Laboratory of Virology, Wuhan Institute of Virology, Chinese Academy of Sciences, Wuhan, China
5753624	Anees Fathima_Noor	Animal Genetics and Genome Evolutionary Laboratory, Institute of Biological Sciences, Faculty of Science, University of Malaya, 50603, Kuala Lumpur, Malaysia
5753624	Tze Chiew Christie_Soo	Animal Genetics and Genome Evolutionary Laboratory, Institute of Biological Sciences, Faculty of Science, University of Malaya, 50603, Kuala Lumpur, Malaysia
5753624	Farhana Mohd_Ghani	Animal Genetics and Genome Evolutionary Laboratory, Institute of Biological Sciences, Faculty of Science, University of Malaya, 50603, Kuala Lumpur, Malaysia
5753624	Zee Hong_Goh	Animal Genetics and Genome Evolutionary Laboratory, Institute of Biological Sciences, Faculty of Science, University of Malaya, 50603, Kuala Lumpur, Malaysia
5753624	Li Teng_Khoo	Animal Genetics and Genome Evolutionary Laboratory, Institute of Biological Sciences, Faculty of Science, University of Malaya, 50603, Kuala Lumpur, Malaysia
5753624	Subha_Bhassu	Animal Genetics and Genome Evolutionary Laboratory, Institute of Biological Sciences, Faculty of Science, University of Malaya, 50603, Kuala Lumpur, Malaysia
5738824	You-Zhu_Wang	0000 0004 0646 9053grid.418260.9Institute of Plant and Environmental Protection, Beijing Academy of Agriculture and Forestry Sciences, 9 Shuguanghuayuan Middle Road, Haidian District, Beijing, 100097 China 
5738824	Bing-Yan_Li	0000 0004 0646 9053grid.418260.9Institute of Plant and Environmental Protection, Beijing Academy of Agriculture and Forestry Sciences, 9 Shuguanghuayuan Middle Road, Haidian District, Beijing, 100097 China 
5738824	Ary Anthony_Hoffmann	0000 0001 2179 088Xgrid.1008.9School of BioSciences, Bio21 Institute, The University of Melbourne, Melbourne, VIC 3010 Australia 
5738824	Li-Jun_Cao	0000 0004 0646 9053grid.418260.9Institute of Plant and Environmental Protection, Beijing Academy of Agriculture and Forestry Sciences, 9 Shuguanghuayuan Middle Road, Haidian District, Beijing, 100097 China 
5738824	Ya-Jun_Gong	0000 0004 0646 9053grid.418260.9Institute of Plant and Environmental Protection, Beijing Academy of Agriculture and Forestry Sciences, 9 Shuguanghuayuan Middle Road, Haidian District, Beijing, 100097 China 
5738824	Wei_Song	0000 0004 0646 9053grid.418260.9Institute of Plant and Environmental Protection, Beijing Academy of Agriculture and Forestry Sciences, 9 Shuguanghuayuan Middle Road, Haidian District, Beijing, 100097 China 
5738824	Jia-Ying_Zhu	0000 0004 1761 2943grid.412720.2Key Laboratory of Forest Disaster Warning and Control of Yunnan Province, College of Forestry, Southwest Forestry University, Kunming, 650224 China 
5738824	Shu-Jun_Wei	0000 0004 0646 9053grid.418260.9Institute of Plant and Environmental Protection, Beijing Academy of Agriculture and Forestry Sciences, 9 Shuguanghuayuan Middle Road, Haidian District, Beijing, 100097 China 
5660496	Tom_Hill	University of Texas Southwestern Medical Center
5660496	Robert L._Unckless	University of Texas Southwestern Medical Center
5563155	Sergey Y._Morozov	Belozersky Institute of Physico-Chemical Biology, Moscow State University, Moscow, Russia
5563155	Ekaterina A._Lazareva	Department of Virology, Biological Faculty, Moscow State University, Moscow, Russia
5563155	Andrey G._Solovyev	Belozersky Institute of Physico-Chemical Biology, Moscow State University, Moscow, Russia
5522706	Karl M._Glastad	Department of Cell and Developmental Biology, University of Pennsylvania
5522706	Samuel V._Arsenault	Department of Entomology, University of Georgia
5522706	Kim L._Vertacnik	Department of Biology, University of Kentucky
5522706	Scott M._Geib	U.S. Department of Agriculture-Agricultural Research Service (USDA-ARS), Daniel K. Inouye U.S. Pacific Basin Agricultural Research Center, Hilo, Hawaii
5522706	Sasha_Kay	Department of Entomology, University of Georgia
5522706	Bryan N._Danforth	Department of Entomology, Cornell University
5522706	Sandra M._Rehan	Department of Biological Sciences, University of New Hampshire, Durham, New Hampshire
5522706	Catherine R._Linnen	Department of Biology, University of Kentucky
5522706	Sarah D._Kocher	Lewis-Sigler Institute for Integrative Genomics, Princeton University
5522706	Brendan G._Hunt	Department of Entomology, University of Georgia
5509036	Vengamanaidu_Modepalli	Department of Ecology, Evolution and Behavior, Alexander Silberman Institute of Life Sciences, Faculty of Science, The Hebrew University of Jerusalem, Jerusalem, Israel
5509036	Yehu_Moran	Department of Ecology, Evolution and Behavior, Alexander Silberman Institute of Life Sciences, Faculty of Science, The Hebrew University of Jerusalem, Jerusalem, Israel
5468130	John W._Terbot	                  1                Department of Biology        University of Kentucky        Lexington        KY        USA      
5468130	Ryan L._Gaynor	                  1                Department of Biology        University of Kentucky        Lexington        KY        USA      
5468130	Catherine R._Linnen	                  1                Department of Biology        University of Kentucky        Lexington        KY        USA      
5249073	Bo-Mi_Kim	Unit of Polar Genomics, Korea Polar Research Institute, Incheon, South Korea
5249073	Seunghyun_Kang	Unit of Polar Genomics, Korea Polar Research Institute, Incheon, South Korea
5249073	Do-Hwan_Ahn	Unit of Polar Genomics, Korea Polar Research Institute, Incheon, South Korea
5249073	Jin-Hyoung_Kim	Unit of Polar Genomics, Korea Polar Research Institute, Incheon, South Korea
5249073	Inhye_Ahn	Unit of Polar Genomics, Korea Polar Research Institute, Incheon, South Korea
5249073	Chi-Woo_Lee	Department of Biological Sciences, Inha University, Incheon, South Korea
5249073	Joo-Lae_Cho	Nakdonggang National Institute of Biological Resources, Sangju, South Korea
5249073	Gi-Sik_Min	Department of Biological Sciences, Inha University, Incheon, South Korea
5249073	Hyun_Park	Unit of Polar Genomics, Korea Polar Research Institute, Incheon, South Korea
5248504	Emily E._Bendall	0000 0004 1936 8438grid.266539.dDepartment of Biology, University of Kentucky, 204 TH Morgan Building, Lexington, KY 40506 USA 
5248504	Kim L._Vertacnik	0000 0004 1936 8438grid.266539.dDepartment of Biology, University of Kentucky, 204 TH Morgan Building, Lexington, KY 40506 USA 
5248504	Catherine R._Linnen	0000 0004 1936 8438grid.266539.dDepartment of Biology, University of Kentucky, 204 TH Morgan Building, Lexington, KY 40506 USA 
5153645	Zita_Liutkeviciute	Medical University of Vienna, Center for Physiology and Pharmacology, Vienna, 1090, Austria
5153645	Johannes_Koehbach	The University of Queensland, School of Biomedical Sciences, St Lucia, 4072, Australia
5153645	Thomas_Eder	University of Vienna, CUBE-Division of Computational Systems Biology, Department of Microbiology and Ecosystem Science, Vienna, 1090, Austria
5153645	Esther_Gil-Mansilla	Medical University of Vienna, Center for Physiology and Pharmacology, Vienna, 1090, Austria
5153645	Christian W._Gruber	Medical University of Vienna, Center for Physiology and Pharmacology, Vienna, 1090, Austria
5126049	Alex P._Arp	Citrus Research and Education Center, Department of Entomology and Nematology, University of Florida        Fort Pierce, FL, USA      
5126049	Wayne B._Hunter	U.S. Horticultural Research Lab, Agricultural Research Service, United State Department of Agriculture        Fort Pierce, FL, USA      
5126049	Kirsten S._Pelz-Stelinski	Citrus Research and Education Center, Department of Entomology and Nematology, University of Florida        Fort Pierce, FL, USA      
5018682	Pingkalai R._Senthilan	<institution>Neurobiology and Genetics, Biocenter, University of W&#xFC;rzburg</institution>, <addr-line>W&#xFC;rzburg</addr-line>, <country>Germany</country>
5018682	Charlotte_Helfrich-F&#xF6;rster	<institution>Neurobiology and Genetics, Biocenter, University of W&#xFC;rzburg</institution>, <addr-line>W&#xFC;rzburg</addr-line>, <country>Germany</country>
4864199	Jun_Wang	State Key Laboratory of Virology and China Center for Virus Culture Collection, Wuhan Institute of Virology, Chinese Academy of Sciences, Wuhan, China
4864199	Zheng_Zhu	State Key Laboratory of Virology and China Center for Virus Culture Collection, Wuhan Institute of Virology, Chinese Academy of Sciences, Wuhan, China
4864199	Lei_Zhang	State Key Laboratory of Virology and China Center for Virus Culture Collection, Wuhan Institute of Virology, Chinese Academy of Sciences, Wuhan, China
4864199	Dianhai_Hou	State Key Laboratory of Virology and China Center for Virus Culture Collection, Wuhan Institute of Virology, Chinese Academy of Sciences, Wuhan, China
4864199	Manli_Wang	State Key Laboratory of Virology and China Center for Virus Culture Collection, Wuhan Institute of Virology, Chinese Academy of Sciences, Wuhan, China
4864199	Basil_Arif	Canadian Forest Service, Great Lakes Forestry Centre, Sault Ste Marie, Ontario, Canada
4864199	Zheng_Kou	State Key Laboratory of Virology and China Center for Virus Culture Collection, Wuhan Institute of Virology, Chinese Academy of Sciences, Wuhan, China
4864199	Hualin_Wang	State Key Laboratory of Virology and China Center for Virus Culture Collection, Wuhan Institute of Virology, Chinese Academy of Sciences, Wuhan, China
4864199	Fei_Deng	State Key Laboratory of Virology and China Center for Virus Culture Collection, Wuhan Institute of Virology, Chinese Academy of Sciences, Wuhan, China
4864199	Zhihong_Hu	State Key Laboratory of Virology and China Center for Virus Culture Collection, Wuhan Institute of Virology, Chinese Academy of Sciences, Wuhan, China
4795598	Julien_Thibert	        Centre des Sciences du Go&#xFB;t et de l'Alimentation, UMR6265 CNRS, UMR1324 INRA, Universit&#xE9; de Bourgogne Franche-Comt&#xE9;, 6, Bd Gabriel, 21000, Dijon, France      
4795598	Jean-Pierre_Farine	        Centre des Sciences du Go&#xFB;t et de l'Alimentation, UMR6265 CNRS, UMR1324 INRA, Universit&#xE9; de Bourgogne Franche-Comt&#xE9;, 6, Bd Gabriel, 21000, Dijon, France      
4795598	J&#xE9;r&#xF4;me_Cortot	        Centre des Sciences du Go&#xFB;t et de l'Alimentation, UMR6265 CNRS, UMR1324 INRA, Universit&#xE9; de Bourgogne Franche-Comt&#xE9;, 6, Bd Gabriel, 21000, Dijon, France      
4795598	Jean-Fran&#xE7;ois_Ferveur	        Centre des Sciences du Go&#xFB;t et de l'Alimentation, UMR6265 CNRS, UMR1324 INRA, Universit&#xE9; de Bourgogne Franche-Comt&#xE9;, 6, Bd Gabriel, 21000, Dijon, France      
4729263	Natasha L._Wiggins	                  1                Department of Biology        University of Utah        Salt Lake City        Utah      
4729263	Dale L._Forrister	                  1                Department of Biology        University of Utah        Salt Lake City        Utah      
4729263	Mar&#xED;a&#x2010;Jos&#xE9;_Endara	                  1                Department of Biology        University of Utah        Salt Lake City        Utah      
4729263	Phyllis D._Coley	                  1                Department of Biology        University of Utah        Salt Lake City        Utah      
4729263	Thomas A._Kursar	                  1                Department of Biology        University of Utah        Salt Lake City        Utah      
4861128	Gloria Patricia_Barrera	Centro de Investigaci&#xF3;n Tibaitat&#xE1;, Corpoica (Corporaci&#xF3;n Colombiana de Investigaci&#xF3;n Agropecuaria), Km 14 V&#xED;a Mosquera, Cundinamarca, Colombia 
4861128	Mariano Nicol&#xE1;s_Belaich	Laboratorio de Ingenier&#xED;a Gen&#xE9;tica y Biolog&#xED;a Celular y Molecular &#x2013; &#xC1;rea Virosis de Insectos (LIGBCM-AVI), Dto. Ciencia y Tecnolog&#xED;a, Universidad Nacional de Quilmes, Roque S&#xE1;enz Pe&#xF1;a 352, B1876BXD Bernal, Buenos Aires Argentina 
4861128	Manuel Alfonso_Patarroyo	Departamento de Biolog&#xED;a Molecular e Inmunolog&#xED;a, Fundaci&#xF3;n Instituto de Inmunolog&#xED;a de Colombia (FIDIC), Avenida 50&#xA0;N&#xB0; 26-20, Bogot&#xE1;, Colombia 
4861128	Laura Fernanda_Villamizar	Centro de Investigaci&#xF3;n Tibaitat&#xE1;, Corpoica (Corporaci&#xF3;n Colombiana de Investigaci&#xF3;n Agropecuaria), Km 14 V&#xED;a Mosquera, Cundinamarca, Colombia 
4861128	Pablo Daniel_Ghiringhelli	Laboratorio de Ingenier&#xED;a Gen&#xE9;tica y Biolog&#xED;a Celular y Molecular &#x2013; &#xC1;rea Virosis de Insectos (LIGBCM-AVI), Dto. Ciencia y Tecnolog&#xED;a, Universidad Nacional de Quilmes, Roque S&#xE1;enz Pe&#xF1;a 352, B1876BXD Bernal, Buenos Aires Argentina 
4632390	Silvia_Caprari	Department for Computational Biology and Applied Algorithmics, Max Planck Institute for Informatics, Campus E1 4, 66123 Saarbr&#xFC;cken, Germany;  (T.L.)
4632390	Saskia_Metzler	Department for Computational Biology and Applied Algorithmics, Max Planck Institute for Informatics, Campus E1 4, 66123 Saarbr&#xFC;cken, Germany;  (T.L.)
4632390	Thomas_Lengauer	Department for Computational Biology and Applied Algorithmics, Max Planck Institute for Informatics, Campus E1 4, 66123 Saarbr&#xFC;cken, Germany;  (T.L.)
4632390	Olga V._Kalinina	Department for Computational Biology and Applied Algorithmics, Max Planck Institute for Informatics, Campus E1 4, 66123 Saarbr&#xFC;cken, Germany;  (T.L.)
4620704	Konrad_Lohse	          School of Biological Sciences, Institute of Evolutionary Biology, University of Edinburgh          Edinburgh, EH9 3JT, UK        
4620704	Laura_Ross	          School of Biological Sciences, Institute of Evolutionary Biology, University of Edinburgh          Edinburgh, EH9 3JT, UK        
4599791	Martyna_Krejmer	Department of Recombinant Vaccines, Intercollegiate Faculty of Biotechnology University of Gdansk and Medical University of Gdansk, 80-822 Gdansk, Kladki Str. 24, Poland 
4599791	Iwona_Skrzecz	Forest Research Institute, Department of Forest Protection, 05-090 Raszyn Braci Lesnej Str. 3, Sekocin Stary, Poland 
4599791	Bartosz_Wasag	Department of Biology and Genetics, Medical University of Gdansk, 80-211 Gdansk, Debinki Str. 1, Poland 
4599791	Boguslaw_Szewczyk	Department of Recombinant Vaccines, Intercollegiate Faculty of Biotechnology University of Gdansk and Medical University of Gdansk, 80-822 Gdansk, Kladki Str. 24, Poland 
4599791	Lukasz_Rabalski	Department of Recombinant Vaccines, Intercollegiate Faculty of Biotechnology University of Gdansk and Medical University of Gdansk, 80-822 Gdansk, Kladki Str. 24, Poland 
4472983	Myriam_Siegwart	Institut National de la Recherche Agronomique, UR1115, Plantes et Syst&#xE8;mes de Culture Horticoles Unit        Avignon, France      
4472983	Benoit_Graillot	Laboratoire de G&#xE9;nie de l'Environnement Industriel, Ecole des Mines d'Al&#xE8;s, Institut Mines-Telecom et Universit&#xE9; de Montpellier Sud de France        Al&#xE8;s, France      
4472983	Christine_Blachere Lopez	Institut National de la Recherche Agronomique        Al&#xE8;s, France      
4472983	Samantha_Besse	Natural Plant Protection, Arysta LifeScience Group        Pau, France      
4472983	Marc_Bardin	Institut National de la Recherche Agronomique, UR407, Plant Pathology Unit        Montfavet, France      
4472983	Philippe C._Nicot	Institut National de la Recherche Agronomique, UR407, Plant Pathology Unit        Montfavet, France      
4472983	Miguel_Lopez-Ferber	Laboratoire de G&#xE9;nie de l'Environnement Industriel, Ecole des Mines d'Al&#xE8;s, Institut Mines-Telecom et Universit&#xE9; de Montpellier Sud de France        Al&#xE8;s, France      
4346127	Saluana R_Craveiro	Embrapa Recursos Gen&#xE9;ticos e Biotecnologia, Parque Esta&#xE7;&#xE3;o Biol&#xF3;gica, W5 Norte Final, 70770-917, Bras&#xED;lia, DF Brazil 
4346127	Peter W_Inglis	Embrapa Recursos Gen&#xE9;ticos e Biotecnologia, Parque Esta&#xE7;&#xE3;o Biol&#xF3;gica, W5 Norte Final, 70770-917, Bras&#xED;lia, DF Brazil 
4346127	Roberto C_Togawa	Embrapa Recursos Gen&#xE9;ticos e Biotecnologia, Parque Esta&#xE7;&#xE3;o Biol&#xF3;gica, W5 Norte Final, 70770-917, Bras&#xED;lia, DF Brazil 
4346127	Priscila_Grynberg	Embrapa Recursos Gen&#xE9;ticos e Biotecnologia, Parque Esta&#xE7;&#xE3;o Biol&#xF3;gica, W5 Norte Final, 70770-917, Bras&#xED;lia, DF Brazil 
4346127	Fernando L_Melo	Departamento de Biologia Celular, Universidade de Bras&#xED;lia-UnB, Bras&#xED;lia, DF Brazil 
4346127	Zilda Maria A_Ribeiro	Embrapa Recursos Gen&#xE9;ticos e Biotecnologia, Parque Esta&#xE7;&#xE3;o Biol&#xF3;gica, W5 Norte Final, 70770-917, Bras&#xED;lia, DF Brazil 
4346127	Bergmann M_Ribeiro	Departamento de Biologia Celular, Universidade de Bras&#xED;lia-UnB, Bras&#xED;lia, DF Brazil 
4346127	S&#xF4;nia N_B&#xE1;o	Departamento de Biologia Celular, Universidade de Bras&#xED;lia-UnB, Bras&#xED;lia, DF Brazil 
4346127	Maria Elita B_Castro	Embrapa Recursos Gen&#xE9;ticos e Biotecnologia, Parque Esta&#xE7;&#xE3;o Biol&#xF3;gica, W5 Norte Final, 70770-917, Bras&#xED;lia, DF Brazil 
4306845	Paola E._Cuartas	Centro de investigaci&#xF3;n Tibaitat&#xE1;, Corporaci&#xF3;n Colombiana de Investigaci&#xF3;n Agropecuaria CORPOICA, Km 14 V&#xED;a Mosquera 250047, Cundinamarca, Colombia; E-Mails:  (L.F.V.)
4306845	Gloria P._Barrera	Centro de investigaci&#xF3;n Tibaitat&#xE1;, Corporaci&#xF3;n Colombiana de Investigaci&#xF3;n Agropecuaria CORPOICA, Km 14 V&#xED;a Mosquera 250047, Cundinamarca, Colombia; E-Mails:  (L.F.V.)
4306845	Mariano N._Belaich	Laboratorio de Ingenier&#xED;a Gen&#xE9;tica y Biolog&#xED;a Celular y Molecular&#x2014;&#xC1;rea Virosis de Insectos (LIGBCM&#x2014;AVI), Dto. de Ciencia y Tecnolog&#xED;a, Universidad Nacional de Quilmes, Roque Saenz Pe&#xF1;a 352, Bernal, Provincia de Buenos Aires, 1876, Argentina; E-Mails:  (P.D.G.)
4306845	Emiliano_Barreto	Centro de Bioinform&#xE1;tica, Instituto de Biotecnolog&#xED;a, Universidad Nacional de Colombia. Avenida Carrera 30 # 45, Bogot&#xE1; 11001000, Cundinamarca, Colombia; E-Mail: 
4306845	Pablo D._Ghiringhelli	Laboratorio de Ingenier&#xED;a Gen&#xE9;tica y Biolog&#xED;a Celular y Molecular&#x2014;&#xC1;rea Virosis de Insectos (LIGBCM&#x2014;AVI), Dto. de Ciencia y Tecnolog&#xED;a, Universidad Nacional de Quilmes, Roque Saenz Pe&#xF1;a 352, Bernal, Provincia de Buenos Aires, 1876, Argentina; E-Mails:  (P.D.G.)
4306845	Laura F._Villamizar	Centro de investigaci&#xF3;n Tibaitat&#xE1;, Corporaci&#xF3;n Colombiana de Investigaci&#xF3;n Agropecuaria CORPOICA, Km 14 V&#xED;a Mosquera 250047, Cundinamarca, Colombia; E-Mails:  (L.F.V.)
4304020	Natalya_Yutin	National Center for Biotechnology Information, National Library of Medicine, National Institutes of Health, Bethesda, MD 20894, USA
4304020	Guilhem_Faure	National Center for Biotechnology Information, National Library of Medicine, National Institutes of Health, Bethesda, MD 20894, USA
4304020	Eugene V_Koonin	National Center for Biotechnology Information, National Library of Medicine, National Institutes of Health, Bethesda, MD 20894, USA
4304020	Arcady R_Mushegian	Molecular and Cellular Biosciences Division, National Science Foundation, Arlington, VA 22230, USA
4201490	Xiaoping_Liu	State Key Laboratory of Virology, Virus Resource and Bioinformatics Center, Wuhan Institute of Virology, Chinese Academy of Sciences, Wuhan, Hubei, China
4201490	Feifei_Yin	State Key Laboratory of Virology, Virus Resource and Bioinformatics Center, Wuhan Institute of Virology, Chinese Academy of Sciences, Wuhan, Hubei, China
4201490	Zheng_Zhu	State Key Laboratory of Virology, Virus Resource and Bioinformatics Center, Wuhan Institute of Virology, Chinese Academy of Sciences, Wuhan, Hubei, China
4201490	Dianhai_Hou	State Key Laboratory of Virology, Virus Resource and Bioinformatics Center, Wuhan Institute of Virology, Chinese Academy of Sciences, Wuhan, Hubei, China
4201490	Jun_Wang	State Key Laboratory of Virology, Virus Resource and Bioinformatics Center, Wuhan Institute of Virology, Chinese Academy of Sciences, Wuhan, Hubei, China
4201490	Lei_Zhang	State Key Laboratory of Virology, Virus Resource and Bioinformatics Center, Wuhan Institute of Virology, Chinese Academy of Sciences, Wuhan, Hubei, China
4201490	Manli_Wang	State Key Laboratory of Virology, Virus Resource and Bioinformatics Center, Wuhan Institute of Virology, Chinese Academy of Sciences, Wuhan, Hubei, China
4201490	Hualin_Wang	State Key Laboratory of Virology, Virus Resource and Bioinformatics Center, Wuhan Institute of Virology, Chinese Academy of Sciences, Wuhan, Hubei, China
4201490	Zhihong_Hu	State Key Laboratory of Virology, Virus Resource and Bioinformatics Center, Wuhan Institute of Virology, Chinese Academy of Sciences, Wuhan, Hubei, China
4201490	Fei_Deng	State Key Laboratory of Virology, Virus Resource and Bioinformatics Center, Wuhan Institute of Virology, Chinese Academy of Sciences, Wuhan, Hubei, China
4192325	Daniel Mendes Pereira_Ardisson-Ara&#xFA;jo	Cell Biology Department, Laboratory of Baculovirus, University of Bras&#xED;lia, 70910-900 Bras&#xED;lia, DF Brazil 
4192325	Fernando Lucas_de Melo	Cell Biology Department, Laboratory of Baculovirus, University of Bras&#xED;lia, 70910-900 Bras&#xED;lia, DF Brazil 
4192325	Miguel de Souza_Andrade	Cell Biology Department, Laboratory of Baculovirus, University of Bras&#xED;lia, 70910-900 Bras&#xED;lia, DF Brazil 
4192325	William_Sihler	Embrapa Genetic Resources and Biotechnology, Biological Station Park, 70770-917 Bras&#xED;lia, DF Brazil 
4192325	Sonia Nair_B&#xE1;o	Cell Biology Department, Laboratory of Baculovirus, University of Bras&#xED;lia, 70910-900 Bras&#xED;lia, DF Brazil 
4192325	Bergmann Morais_Ribeiro	Cell Biology Department, Laboratory of Baculovirus, University of Bras&#xED;lia, 70910-900 Bras&#xED;lia, DF Brazil 
4192325	Marlinda Lobo_de Souza	Embrapa Genetic Resources and Biotechnology, Biological Station Park, 70770-917 Bras&#xED;lia, DF Brazil 
4132918	Yi-Ting_Yang	Institute of Bioinformatics and Biosignal Transduction, College of Bioscience and Biotechnology, National Cheng Kung University, Tainan, Taiwan
4132918	Der-Yen_Lee	Technology Commons, College of Life Science, National Taiwan University, Taipei, Taiwan
4132918	Yongjie_Wang	Laboratory of Quality and Safety Risk Assessment for Aquatic Products on Storage &amp; Preservation (Shanghai), Ministry of Agriculture, Shanghai, China
4132918	Jer-Ming_Hu	Institute of Ecology and Evolutionary Biology, National Taiwan University, Taipei, Taiwan
4132918	Wen-Hsiung_Li	Biodiversity Research Center, Academia Sinica, Taipei, Taiwan
4132918	Jiann-Horng_Leu	Institute of Marine Biology, College of Life Sciences, National Taiwan Ocean University, Taipei, Taiwan
4132918	Geen-Dong_Chang	Institute of Biochemical Sciences, College of Life Science, National Taiwan University, Taipei, Taiwan
4132918	Huei-Mien_Ke	Biodiversity Research Center, Academia Sinica, Taipei, Taiwan
4132918	Shin-Ting_Kang	Institute of Bioinformatics and Biosignal Transduction, College of Bioscience and Biotechnology, National Cheng Kung University, Tainan, Taiwan
4132918	Shih-Shun_Lin	Institute of Biotechnology, National Taiwan University, Taipei, Taiwan
4132918	Guang-Hsiung_Kou	Department of Life Science, National Taiwan University, Taipei, Taiwan
4132918	Chu-Fang_Lo	Institute of Bioinformatics and Biosignal Transduction, College of Bioscience and Biotechnology, National Cheng Kung University, Tainan, Taiwan
3901692	Zheng_Zhu	State Key Laboratory of Virology and China Center for Virus Culture Collection, Wuhan Institute of Virology, Chinese Academy of Sciences, Wuhan, China
3901692	Feifei_Yin	State Key Laboratory of Virology and China Center for Virus Culture Collection, Wuhan Institute of Virology, Chinese Academy of Sciences, Wuhan, China
3901692	Xiaoping_Liu	State Key Laboratory of Virology and China Center for Virus Culture Collection, Wuhan Institute of Virology, Chinese Academy of Sciences, Wuhan, China
3901692	Dianhai_Hou	State Key Laboratory of Virology and China Center for Virus Culture Collection, Wuhan Institute of Virology, Chinese Academy of Sciences, Wuhan, China
3901692	Jun_Wang	State Key Laboratory of Virology and China Center for Virus Culture Collection, Wuhan Institute of Virology, Chinese Academy of Sciences, Wuhan, China
3901692	Lei_Zhang	State Key Laboratory of Virology and China Center for Virus Culture Collection, Wuhan Institute of Virology, Chinese Academy of Sciences, Wuhan, China
3901692	Basil_Arif	Canadian Forest Service, Great Lakes Forestry Centre, Sault Ste Marie, Ontario, Canada
3901692	Hualin_Wang	State Key Laboratory of Virology and China Center for Virus Culture Collection, Wuhan Institute of Virology, Chinese Academy of Sciences, Wuhan, China
3901692	Fei_Deng	State Key Laboratory of Virology and China Center for Virus Culture Collection, Wuhan Institute of Virology, Chinese Academy of Sciences, Wuhan, China
3901692	Zhihong_Hu	State Key Laboratory of Virology and China Center for Virus Culture Collection, Wuhan Institute of Virology, Chinese Academy of Sciences, Wuhan, China
3877225	Yong Hun_Jo	Division of Plant Biotechnology, College of Agriculture and Life Sciences, Chonnam National University, Gwangju, South Korea
3877225	Bharat Bhusan_Patnaik	Division of Plant Biotechnology, College of Agriculture and Life Sciences, Chonnam National University, Gwangju, South Korea
3877225	Se Won_Kang	Department of Life Science and Biotechnology, College of Natural Sciences, Soonchunhyang University, Asan, South Korea
3877225	Sung-Hwa_Chae	GnC Bio Company Limited, Daejeon, South Korea
3877225	Seunghan_Oh	Division of Plant Biotechnology, College of Agriculture and Life Sciences, Chonnam National University, Gwangju, South Korea
3877225	Dong Hyun_Kim	Division of Plant Biotechnology, College of Agriculture and Life Sciences, Chonnam National University, Gwangju, South Korea
3877225	Mi Young_Noh	Division of Plant Biotechnology, College of Agriculture and Life Sciences, Chonnam National University, Gwangju, South Korea
3877225	Gi Won_Seo	Division of Plant Biotechnology, College of Agriculture and Life Sciences, Chonnam National University, Gwangju, South Korea
3877225	Heon Cheon_Jeong	Hampyeong County Insect Institute, Hampyeong County Agricultural Technology Center, Hampyeong, South Korea
3877225	Ju Young_Noh	Hampyeong County Insect Institute, Hampyeong County Agricultural Technology Center, Hampyeong, South Korea
3877225	Ji Eun_Jeong	Department of Life Science and Biotechnology, College of Natural Sciences, Soonchunhyang University, Asan, South Korea
3877225	Hee Ju_Hwang	Department of Life Science and Biotechnology, College of Natural Sciences, Soonchunhyang University, Asan, South Korea
3877225	Kisung_Ko	Department of Medicine, Medical Research Institute, College of Medicine, Chung-Ang University, Seoul, South Korea
3877225	Yeon Soo_Han	Division of Plant Biotechnology, College of Agriculture and Life Sciences, Chonnam National University, Gwangju, South Korea
3877225	Yong Seok_Lee	Department of Life Science and Biotechnology, College of Natural Sciences, Soonchunhyang University, Asan, South Korea
3783443	Anabele Azevedo_Lima	Graduate Program in Molecular Pathology, University of Bras&#xED;lia, Bras&#xED;lia, Distrito Federal, Brazil
3783443	Clara Wandenkolck Silva_Arag&#xE3;o	Graduate Program in Molecular Pathology, University of Bras&#xED;lia, Bras&#xED;lia, Distrito Federal, Brazil
3783443	Maria Elita Batista_de Castro	Embrapa Genetic Resources and Biotechnology, Bras&#xED;lia, Distrito Federal, Brazil
3783443	Juliana Velasco de Castro_Oliveira	Department of Microbiology, University of S&#xE3;o Paulo, S&#xE3;o Paulo, Brazil
3783443	Daniel Ricardo_Sosa G&#xF3;mez	Embrapa Soybean, Londrina, Paran&#xE1;, Brazil
3783443	Bergmann Morais_Ribeiro	Graduate Program in Molecular Pathology, University of Bras&#xED;lia, Bras&#xED;lia, Distrito Federal, Brazil
3879405	Juliana Velasco_Oliveira	Department of Microbiology, Institute of Biomedical Sciences &#x2013; ICB II, Laboratory of Molecular Evolution and Bioinformatics, University of S&#xE3;o Paulo &#x2013; USP, S&#xE3;o Paulo, SP, Brazil
3879405	Anderson Fernandes_de Brito	Department of Microbiology, Institute of Biomedical Sciences &#x2013; ICB II, Laboratory of Molecular Evolution and Bioinformatics, University of S&#xE3;o Paulo &#x2013; USP, S&#xE3;o Paulo, SP, Brazil
3879405	Carla Torres_Braconi	Department of Microbiology, Institute of Biomedical Sciences &#x2013; ICB II, Laboratory of Molecular Evolution and Bioinformatics, University of S&#xE3;o Paulo &#x2013; USP, S&#xE3;o Paulo, SP, Brazil
3879405	Caio C&#xE9;sar_de Melo Freire	Department of Microbiology, Institute of Biomedical Sciences &#x2013; ICB II, Laboratory of Molecular Evolution and Bioinformatics, University of S&#xE3;o Paulo &#x2013; USP, S&#xE3;o Paulo, SP, Brazil
3879405	Atila_Iamarino	Department of Microbiology, Institute of Biomedical Sciences &#x2013; ICB II, Laboratory of Molecular Evolution and Bioinformatics, University of S&#xE3;o Paulo &#x2013; USP, S&#xE3;o Paulo, SP, Brazil
3879405	Paolo Marinho_de Andrade Zanotto	Department of Microbiology, Institute of Biomedical Sciences &#x2013; ICB II, Laboratory of Molecular Evolution and Bioinformatics, University of S&#xE3;o Paulo &#x2013; USP, S&#xE3;o Paulo, SP, Brazil
3720946	Michael J._Goblirsch	Department of Entomology, University of Minnesota, St. Paul, Minnesota, United States of America
3720946	Marla S._Spivak	Department of Entomology, University of Minnesota, St. Paul, Minnesota, United States of America
3720946	Timothy J._Kurtti	Department of Entomology, University of Minnesota, St. Paul, Minnesota, United States of America
3702617	David K._Thumbi	Natural Resources Canada, Canadian Forest Service &#x2013; Atlantic Forestry Centre, Fredericton, New Brunswick, Canada
3702617	Catherine_B&#xE9;liveau	Natural Resources Canada, Canadian Forest Service &#x2013; Laurentian Forestry Centre, Qu&#xE9;bec, Quebec, Canada
3702617	Michel_Cusson	Natural Resources Canada, Canadian Forest Service &#x2013; Laurentian Forestry Centre, Qu&#xE9;bec, Quebec, Canada
3702617	Ren&#xE9;e_Lapointe	Sylvar Technologies Inc., Fredericton, New Brunswick, Canada
3702617	Christopher J._Lucarotti	Natural Resources Canada, Canadian Forest Service &#x2013; Atlantic Forestry Centre, Fredericton, New Brunswick, Canada
4553556	Roger_Graves	Faculty of Forestry and Environmental Management, The University of New Brunswick, Fredericton, New Brunswick E3B 5A3, Canada; E-Mails:  (D.T.Q.)
4553556	Christopher J._Lucarotti	Faculty of Forestry and Environmental Management, The University of New Brunswick, Fredericton, New Brunswick E3B 5A3, Canada; E-Mails:  (D.T.Q.)
4553556	Dan T._Quiring	Faculty of Forestry and Environmental Management, The University of New Brunswick, Fredericton, New Brunswick E3B 5A3, Canada; E-Mails:  (D.T.Q.)
3280521	John P._Burand	Department of Plant, Soil and Insect Sciences, University of Massachusetts Amherst, Amherst, MA 01003, USA; Email: 
3280521	Woojin_Kim	Department of Plant, Soil and Insect Sciences, University of Massachusetts Amherst, Amherst, MA 01003, USA; Email: 
3280521	Claudio L._Afonso	Plum Island Animal Disease Center, Agricultural Research Service, U.S. Department of Agriculture, Greenport, NY 11944, USA; Email:  (D.L.R.)
3280521	Edan R._Tulman	Plum Island Animal Disease Center, Agricultural Research Service, U.S. Department of Agriculture, Greenport, NY 11944, USA; Email:  (D.L.R.)
3280521	Gerald F._Kutish	Plum Island Animal Disease Center, Agricultural Research Service, U.S. Department of Agriculture, Greenport, NY 11944, USA; Email:  (D.L.R.)
3280521	Zhiqiang_Lu	Plum Island Animal Disease Center, Agricultural Research Service, U.S. Department of Agriculture, Greenport, NY 11944, USA; Email:  (D.L.R.)
3280521	Daniel L._Rock	Plum Island Animal Disease Center, Agricultural Research Service, U.S. Department of Agriculture, Greenport, NY 11944, USA; Email:  (D.L.R.)
3223241	Yong_Wang	Department of Agricultural Biotechnology, College of Agriculture and Life Sciences, Seoul National University, Seoul, Korea
3223241	Jae Young_Choi	Department of Agricultural Biotechnology, College of Agriculture and Life Sciences, Seoul National University, Seoul, Korea
3223241	Jong Yul_Roh	Department of Agricultural Biotechnology, College of Agriculture and Life Sciences, Seoul National University, Seoul, Korea
3223241	Qin_Liu	Department of Agricultural Biotechnology, College of Agriculture and Life Sciences, Seoul National University, Seoul, Korea
3223241	Xue Ying_Tao	Department of Agricultural Biotechnology, College of Agriculture and Life Sciences, Seoul National University, Seoul, Korea
3223241	Jong Bin_Park	Department of Agricultural Biotechnology, College of Agriculture and Life Sciences, Seoul National University, Seoul, Korea
3223241	Jae Su_Kim	Research Institute for Agriculture and Life Sciences, Seoul National University, Seoul, Korea
3223241	Yeon Ho_Je	Department of Agricultural Biotechnology, College of Agriculture and Life Sciences, Seoul National University, Seoul, Korea
3284929	Guido F _Caputo	Natural Resources Canada, Great Lakes Forestry Centre, Sault Ste. Marie, ON P6A2E5 CANADA
3284929	Sardar S _Sohi	Natural Resources Canada, Great Lakes Forestry Centre, Sault Ste. Marie, ON P6A2E5 CANADA
3284929	Sharon V _Hooey	Natural Resources Canada, Great Lakes Forestry Centre, Sault Ste. Marie, ON P6A2E5 CANADA
3284929	Lawrence J _Gringorten	Natural Resources Canada, Great Lakes Forestry Centre, Sault Ste. Marie, ON P6A2E5 CANADA
3230853	David K._Thumbi	Sylvar Technologies Inc., P.O. Box 636 Station A, Fredericton, New Brunswick, E3B 5A6, Canada; E-Mails:  (R.L.)
3230853	Robert J. M._Eveleigh	Sylvar Technologies Inc., P.O. Box 636 Station A, Fredericton, New Brunswick, E3B 5A6, Canada; E-Mails:  (R.L.)
3230853	Christopher J._Lucarotti	Natural Resources Canada, Atlantic Forestry Centre, Canadian Forest Service, 1350 Regent Street, Fredericton, New Brunswick, E3C 2G6, Canada
3230853	Ren&#xE9;e_Lapointe	Sylvar Technologies Inc., P.O. Box 636 Station A, Fredericton, New Brunswick, E3B 5A6, Canada; E-Mails:  (R.L.)
3230853	Robert I._Graham	Lancaster Environment Centre, Lancaster University, Lancaster, Lancashire, LA1 4YQ, UK; E-Mails: 
3230853	Lillian_Pavlik	Natural Resources Canada, Great Lakes Forestry Centre, Canadian Forest Service, 1219 Queen Street East, Sault Ste. Marie, Ontario, P6A 2E5, Canada; E-Mails:  (B.M.A.)
3230853	Hilary A. M._Lauzon	Natural Resources Canada, Great Lakes Forestry Centre, Canadian Forest Service, 1219 Queen Street East, Sault Ste. Marie, Ontario, P6A 2E5, Canada; E-Mails:  (B.M.A.)
3230853	Basil M._Arif	Natural Resources Canada, Great Lakes Forestry Centre, Canadian Forest Service, 1219 Queen Street East, Sault Ste. Marie, Ontario, P6A 2E5, Canada; E-Mails:  (B.M.A.)
3230848	Basil_Arif	Laboratory for Molecular Virology, Great Lakes Forestry Centre, Sault Ste. Marie, Ontario P6A 2E5, Canada; E-Mails:  (L.P.)
3230848	Shannon_Escasa	Laboratory for Molecular Virology, Great Lakes Forestry Centre, Sault Ste. Marie, Ontario P6A 2E5, Canada; E-Mails:  (L.P.)
3230848	Lillian_Pavlik	Laboratory for Molecular Virology, Great Lakes Forestry Centre, Sault Ste. Marie, Ontario P6A 2E5, Canada; E-Mails:  (L.P.)
3281466	Alfonso_Pescador-Rubio	1Centro Universitario de Investigaci&#xF3;n y Desarrollo Agropecuario, Universidad de Colima, Tecom&#xE1;n 28100, Colima, M&#xE9;xico
3281466	Sergio G._Stanford-Camargo	2Facultad de Estudios Superiores Iztacala, UNAM, Laboratorio de Zoolog&#xED;a, Tlanepantla 54090, Estado de M&#xE9;xico, M&#xE9;xico
3281466	Luis E_P&#xE1;ez-Gerardo	3UNAM, Laboratorio de Zoolog&#xED;a, Tlanepantla 54090, Estado de M&#xE9;xico, M&#xE9;xico
3281466	Alberto J._Ram&#xED;rez-Reyes	3UNAM, Laboratorio de Zoolog&#xED;a, Tlanepantla 54090, Estado de M&#xE9;xico, M&#xE9;xico
3281466	Ren&#xE9; A._Ibarra-Jim&#xE9;nez	3UNAM, Laboratorio de Zoolog&#xED;a, Tlanepantla 54090, Estado de M&#xE9;xico, M&#xE9;xico
3281466	Terrence D._Fitzgerald	4Department of Biological Sciences, State University of New York at Cortland, Cortland, NY, 13045, USA
3119482	Solange Ana Belen_Miele	LIGBCM (Laboratorio de Ingenier&#xED;a Gen&#xE9;tica y Biolog&#xED;a Celular y Molecular),  Departamento de Ciencia y Tecnolog&#xED;a,  Universidad Nacional de Quilmes,  Roque Saenz Pe&#xF1;a 352, Bernal, Argentina
3119482	Mat&#xED;as Javier_Garavaglia	LIGBCM (Laboratorio de Ingenier&#xED;a Gen&#xE9;tica y Biolog&#xED;a Celular y Molecular),  Departamento de Ciencia y Tecnolog&#xED;a,  Universidad Nacional de Quilmes,  Roque Saenz Pe&#xF1;a 352, Bernal, Argentina
3119482	Mariano Nicol&#xE1;s_Belaich	LIGBCM (Laboratorio de Ingenier&#xED;a Gen&#xE9;tica y Biolog&#xED;a Celular y Molecular),  Departamento de Ciencia y Tecnolog&#xED;a,  Universidad Nacional de Quilmes,  Roque Saenz Pe&#xF1;a 352, Bernal, Argentina
3119482	Pablo Daniel_Ghiringhelli	LIGBCM (Laboratorio de Ingenier&#xED;a Gen&#xE9;tica y Biolog&#xED;a Celular y Molecular),  Departamento de Ciencia y Tecnolog&#xED;a,  Universidad Nacional de Quilmes,  Roque Saenz Pe&#xF1;a 352, Bernal, Argentina
2903562	Aline Welzel_Gramkow	Cell Biology Department, University of Bras&#xED;lia, Bras&#xED;lia, DF, CEP 70910-970, Brazil
2903562	Simone_Perecmanis	Cell Biology Department, University of Bras&#xED;lia, Bras&#xED;lia, DF, CEP 70910-970, Brazil
2903562	Raul Lima Barbosa_Sousa	Cell Biology Department, University of Bras&#xED;lia, Bras&#xED;lia, DF, CEP 70910-970, Brazil
2903562	Eliane Ferreira_Noronha	Cell Biology Department, University of Bras&#xED;lia, Bras&#xED;lia, DF, CEP 70910-970, Brazil
2903562	Carlos Roberto_Felix	Cell Biology Department, University of Bras&#xED;lia, Bras&#xED;lia, DF, CEP 70910-970, Brazil
2903562	Tatsuya_Nagata	Cell Biology Department, University of Bras&#xED;lia, Bras&#xED;lia, DF, CEP 70910-970, Brazil
2903562	Bergmann Morais_Ribeiro	Cell Biology Department, University of Bras&#xED;lia, Bras&#xED;lia, DF, CEP 70910-970, Brazil
2898692	Zu-Guo_Yu	School of Mathematical Sciences, Queensland University of Technology, GPO Box 2434, Brisbane, Q 4001, Australia
2898692	Ka Hou_Chu	Department of Biology, The Chinese University of Hong Kong, Shatin, N.T., Hong Kong, China
2898692	Chi Pang_Li	Department of Biology, The Chinese University of Hong Kong, Shatin, N.T., Hong Kong, China
2898692	Vo_Anh	School of Mathematical Sciences, Queensland University of Technology, GPO Box 2434, Brisbane, Q 4001, Australia
2898692	Li-Qian_Zhou	School of Mathematics and Computational Science, Xiangtan University, Hunan 411105, China
2898692	Roger Wei_Wang	Department of Mathematics, The Chinese University of Hong Kong, Shatin, N.T., Hong Kong, China
2868352	Dieter_Treutter	Unit Fruit Science, Center of Life and Food Sciences Weihenstephan, Technische Universit&#xE4;t M&#xFC;nchen, D&#xFC;rnast 2, D-85354 Freising, Germany; E-Mail: ; Tel.: +49-8161-713-753
2830988	Yu-Shin_Nai	Department of Entomology, National Taiwan University, Taipei, Taiwan
2830988	Chih-Yu_Wu	Department of Zoology, National Taiwan University, Taipei, Taiwan
2830988	Tai-Chuan_Wang	Department of Zoology, National Taiwan University, Taipei, Taiwan
2830988	Yun-Ru_Chen	Department of Entomology, National Taiwan University, Taipei, Taiwan
2830988	Wei-Hong_Lau	Department of Plant Protection, Faculty of Agriculture, Universiti Putra Malaysia, 43400 UPM Serdang, Selangor, Malaysia
2830988	Chu-Fang_Lo	Department of Zoology, National Taiwan University, Taipei, Taiwan
2830988	Meng-Feng_Tsai	Department of Molecular Biotechnology, Dayeh University, No 112, Shanjiao Rd, Dacun, Changhua, Taiwan
2830988	Chung-Hsiung_Wang	Department of Zoology, National Taiwan University, Taipei, Taiwan
7086627	E. B._Carstens	grid.410356.50000000419368331Department of Microbiology and Immunology, Queen&#x2019;s University, Kingston, ON K7L 3N6 Canada 
7086627	L. A._Ball	grid.265892.20000000106344187Department of Microbiology, University of Alabama at Birmingham, Birmingham, AL 35294 USA 
2650706	Shan-Ying_Zhu	Institute of Life Sciences, Jiangsu University, Zhenjiang 212013, PR China
2650706	Jian-Ping_Yi	Shanghai Entry-Exit Inspection and Quarantine Bureau, Shanghai 200135, PR China
2650706	Wei-De_Shen	School of Life Sciences, Soochow University, Suzhou 215123, PR China
2650706	Li-Qun_Wang	Institute of Life Sciences, Jiangsu University, Zhenjiang 212013, PR China
2650706	Hua-Gang_He	School of Food and Biological Engineering, Jiangsu University, Zhenjiang 212013, PR China
2650706	Yong_Wang	School of Food and Biological Engineering, Jiangsu University, Zhenjiang 212013, PR China
2650706	Bing_Li	School of Life Sciences, Soochow University, Suzhou 215123, PR China
2650706	Wen-Bing_Wang	Institute of Life Sciences, Jiangsu University, Zhenjiang 212013, PR China
2628741	Lee R._Haines	Department of Biochemistry and Microbiology, University of Victoria, Victoria, British Columbia, Canada
2628741	Jamie M._Thomas	Department of Biochemistry and Microbiology, University of Victoria, Victoria, British Columbia, Canada
2628741	Angela M._Jackson	Department of Biochemistry and Microbiology, University of Victoria, Victoria, British Columbia, Canada
2628741	Brett A._Eyford	Department of Biochemistry and Microbiology, University of Victoria, Victoria, British Columbia, Canada
2628741	Morteza_Razavi	Department of Biochemistry and Microbiology, University of Victoria, Victoria, British Columbia, Canada
2628741	Cristalle N._Watson	Department of Biochemistry and Microbiology, University of Victoria, Victoria, British Columbia, Canada
2628741	Brent_Gowen	Department of Biology, University of Victoria, Victoria, British Columbia, Canada
2628741	Robert E. W._Hancock	Department of Microbiology and Immunology, University of British Columbia, Vancouver, British Columbia, Canada
2628741	Terry W._Pearson	Department of Biochemistry and Microbiology, University of Victoria, Victoria, British Columbia, Canada
2567038	Paolo Marinho de Andrade_Zanotto	Instituto de Ci&#xEA;ncias Biom&#xE9;dicas - ICB II, University of S&#xE3;o Paulo, S&#xE3;o Paulo, Brazil
2567038	David C._Krakauer	Santa Fe Institute, Santa Fe, New Mexico, United States of America
2999438	Siri-Christine_Seehuus	1Department of Animal and Aquacultural Sciences, Norwegian University of Life Sciences, P. O. Box 5003, N&#x2013;1432 Aas, Norway
2999438	Kari_Norberg	1Department of Animal and Aquacultural Sciences, Norwegian University of Life Sciences, P. O. Box 5003, N&#x2013;1432 Aas, Norway
2999438	Trygve_Krekling	2Department of Plant- and Environmental Sciences, IPM-Microscopy, Norwegian University of Life Sciences, P. O. Box 5003, N-1432 Aas Norway
2999438	Kim_Fondrk	3School of Life Sciences, Arizona State University, Tempe, AZ 85287, U.S.A
2999438	Gro V._Amdam	1Department of Animal and Aquacultural Sciences, Norwegian University of Life Sciences, P. O. Box 5003, N&#x2013;1432 Aas, Norway
1976136	Zuo-Ming_Nie	Institute of Biochemistry, Zhejiang Sci-Tech University, Hangzhou 310018, PR China
1976136	Zhi-Fang_Zhang	Biotechnology Research Institute, National Key facility for Crop Gene Resources and Genetic Improvement, Chinese Academy of Agricultural Sciences, Beijing 100081, PR China
1976136	Dan_Wang	Institute of Biochemistry, Zhejiang Sci-Tech University, Hangzhou 310018, PR China
1976136	Ping-An_He	Institute of Biochemistry, Zhejiang Sci-Tech University, Hangzhou 310018, PR China
1976136	Cai-Ying_Jiang	Institute of Biochemistry, Zhejiang Sci-Tech University, Hangzhou 310018, PR China
1976136	Li_Song	Institute of Biochemistry, Zhejiang Sci-Tech University, Hangzhou 310018, PR China
1976136	Fang_Chen	Institute of Biochemistry, Zhejiang Sci-Tech University, Hangzhou 310018, PR China
1976136	Jie_Xu	Institute of Biochemistry, Zhejiang Sci-Tech University, Hangzhou 310018, PR China
1976136	Ling_Yang	Biotechnology Research Institute, National Key facility for Crop Gene Resources and Genetic Improvement, Chinese Academy of Agricultural Sciences, Beijing 100081, PR China
1976136	Lin-Lin_Yu	Biotechnology Research Institute, National Key facility for Crop Gene Resources and Genetic Improvement, Chinese Academy of Agricultural Sciences, Beijing 100081, PR China
1976136	Jian_Chen	Institute of Biochemistry, Zhejiang Sci-Tech University, Hangzhou 310018, PR China
1976136	Zheng-Bing_Lv	Institute of Biochemistry, Zhejiang Sci-Tech University, Hangzhou 310018, PR China
1976136	Jing-Jing_Lu	Institute of Biochemistry, Zhejiang Sci-Tech University, Hangzhou 310018, PR China
1976136	Xiang-Fu_Wu	Institute of Biochemistry, Zhejiang Sci-Tech University, Hangzhou 310018, PR China
1976136	Yao-Zhou_Zhang	Institute of Biochemistry, Zhejiang Sci-Tech University, Hangzhou 310018, PR China
7112300	Jeffery_Slack	Laboratory for Molecular Virology, Great Lakes Forestry Centre, Sault Ste. Marie, Ontario, Canada
7112300	Basil M._Arif	Laboratory for Molecular Virology, Great Lakes Forestry Centre, Sault Ste. Marie, Ontario, Canada
1434730	Monica_Bergem	Department of Animal and Aquacultural Sciences, Norwegian University of Life Sciences, 1432 Aas, Norway
1434730	Kari_Norberg	Department of Animal and Aquacultural Sciences, Norwegian University of Life Sciences, 1432 Aas, Norway
1434730	Randi M_Aamodt	Department of Animal and Aquacultural Sciences, Norwegian University of Life Sciences, 1432 Aas, Norway
1352377	Feng-Biao_Guo	grid.33763.320000000417612484Department of Physics, Tianjin University, Tianjin, 300072 China 
1352377	Chun-Ting_Zhang	grid.33763.320000000417612484Department of Physics, Tianjin University, Tianjin, 300072 China 
