pmcid	forename_lastname	affiliation
7497999	Pablo_Colunga-Salas	Centro de Medicina Tropical, Unidad de Investigaci&#xF3;n en Medicina Experimental, Facultad de Medicina, Universidad Nacional Aut&#xF3;noma de M&#xE9;xico, Ciudad de M&#xE9;xico, M&#xE9;xico
7497999	Sokani_S&#xE1;nchez-Montes	Centro de Medicina Tropical, Unidad de Investigaci&#xF3;n en Medicina Experimental, Facultad de Medicina, Universidad Nacional Aut&#xF3;noma de M&#xE9;xico, Ciudad de M&#xE9;xico, M&#xE9;xico
7497999	Patricia_Volkow	Departamento de Infectolog&#xED;a, Instituto Nacional de Cancerologia, Ciudad de M&#xE9;xico, M&#xE9;xico
7497999	Adriana_Ru&#xED;z-Remigio	Centro de Medicina Tropical, Unidad de Investigaci&#xF3;n en Medicina Experimental, Facultad de Medicina, Universidad Nacional Aut&#xF3;noma de M&#xE9;xico, Ciudad de M&#xE9;xico, M&#xE9;xico
7497999	Ingeborg_Becker	Centro de Medicina Tropical, Unidad de Investigaci&#xF3;n en Medicina Experimental, Facultad de Medicina, Universidad Nacional Aut&#xF3;noma de M&#xE9;xico, Ciudad de M&#xE9;xico, M&#xE9;xico
7417564	Kateryna_Kotsarenko	grid.448361.cInstitute of Parasitology, Biology Centre of the Czech Academy of Sciences, Branisovska 31, 37005 Ceske Budejovice, Czech Republic 
7417564	Pavlina_Vechtova	grid.448361.cInstitute of Parasitology, Biology Centre of the Czech Academy of Sciences, Branisovska 31, 37005 Ceske Budejovice, Czech Republic 
7417564	Jaroslava_Lieskovska	grid.14509.390000 0001 2166 4904Faculty of Science, University of South Bohemia, Branisovska 1760, 37005 Ceske Budejovice, Czech Republic 
7417564	Zolt&#xE1;n_F&#xFC;ssy	grid.14509.390000 0001 2166 4904Faculty of Science, University of South Bohemia, Branisovska 1760, 37005 Ceske Budejovice, Czech Republic 
7417564	Diogo C._Cabral-de-Mello	grid.410543.70000 0001 2188 478XDepartment of General and Applied Biology, S&#xE3;o Paulo State University, Rio Claro, S&#xE3;o Paulo Brazil 
7417564	Ryan O. M._Rego	grid.448361.cInstitute of Parasitology, Biology Centre of the Czech Academy of Sciences, Branisovska 31, 37005 Ceske Budejovice, Czech Republic 
7417564	Pilar_Alberdi	grid.8048.40000 0001 2194 2329Neuroplasticity and Neurodegeneration Group, Regional Center for Biomedical Research (CRIB), Ciudad Real Medical School, University of Castilla-La Mancha, 13005 Ciudad Real, Spain 
7417564	Marisol_Collins	grid.10025.360000 0004 1936 8470Department of Infection Biology and Microbiomes, Institute of Infection, Veterinary and Ecological Sciences, University of Liverpool, Liverpool, L3 5RF UK 
7417564	Lesley_Bell-Sakyi	grid.10025.360000 0004 1936 8470Department of Infection Biology and Microbiomes, Institute of Infection, Veterinary and Ecological Sciences, University of Liverpool, Liverpool, L3 5RF UK 
7417564	Jan_Sterba	grid.448361.cInstitute of Parasitology, Biology Centre of the Czech Academy of Sciences, Branisovska 31, 37005 Ceske Budejovice, Czech Republic 
7417564	Libor_Grubhoffer	grid.448361.cInstitute of Parasitology, Biology Centre of the Czech Academy of Sciences, Branisovska 31, 37005 Ceske Budejovice, Czech Republic 
7396615	Jos&#xE9; M. C._Ribeiro	Section of Vector Biology, Laboratory of Malaria and Vector Research, National Institute of Allergy and Infectious Diseases, Rockville, MD, United States
7396615	Ben J._Mans	Epidemiology, Parasites and Vectors, Agricultural Research Council - Onderstepoort Veterinary Research, Pretoria, South Africa
7345982	Brittany A._Armstrong	Department of Molecular Virology and Microbiology, Baylor College of Medicine, Houston, TX, United States
7345982	Alexander R._Kneubehl	Department of Molecular Virology and Microbiology, Baylor College of Medicine, Houston, TX, United States
7345982	Robert D._Mitchell	Knipling-Bushland U.S. Livestock Insects Research Laboratory, Veterinary Pest Genomics Center, Department of Agriculture&#x2014;Agricultural Research Service, Kerrville, TX, United States
7345982	Aparna_Krishnavajhala	Department of Pediatrics, National School of Tropical Medicine, Baylor College of Medicine, Houston, TX, United States
7345982	Pete D._Teel	Department of Entomology, Texas A&amp;M AgriLife Research, College Station, TX, United States
7345982	Adalberto A._P&#xE9;rez de Le&#xF3;n	Knipling-Bushland U.S. Livestock Insects Research Laboratory, Veterinary Pest Genomics Center, Department of Agriculture&#x2014;Agricultural Research Service, Kerrville, TX, United States
7345982	Job E._Lopez	Department of Molecular Virology and Microbiology, Baylor College of Medicine, Houston, TX, United States
7350222	Paul D._Kasaija	SaBio, Instituto de Investigaci&#xF3;n en Recursos Cineg&#xE9;ticos (IREC), Consejo Superior de Investigaciones Cient&#xED;ficas (CSIC), Universidad de Castilla-La Mancha (UCLM)-Junta de Comunidades de Castilla-La Mancha (JCCM), Ronda de Toledo s/n, 13005 Ciudad Real, Spain;  (M.C.)
7350222	Marinela_Contreras	SaBio, Instituto de Investigaci&#xF3;n en Recursos Cineg&#xE9;ticos (IREC), Consejo Superior de Investigaciones Cient&#xED;ficas (CSIC), Universidad de Castilla-La Mancha (UCLM)-Junta de Comunidades de Castilla-La Mancha (JCCM), Ronda de Toledo s/n, 13005 Ciudad Real, Spain;  (M.C.)
7350222	Fredrick_Kabi	National Livestock Resources Research Institute (NaLIRRI/NARO), P.O. Box 5704 Kampala, Uganda;  (S.M.)
7350222	Swidiq_Mugerwa	National Livestock Resources Research Institute (NaLIRRI/NARO), P.O. Box 5704 Kampala, Uganda;  (S.M.)
7350222	Jos&#xE9;_de la Fuente	SaBio, Instituto de Investigaci&#xF3;n en Recursos Cineg&#xE9;ticos (IREC), Consejo Superior de Investigaciones Cient&#xED;ficas (CSIC), Universidad de Castilla-La Mancha (UCLM)-Junta de Comunidades de Castilla-La Mancha (JCCM), Ronda de Toledo s/n, 13005 Ciudad Real, Spain;  (M.C.)
7203055	Jairo A._Mendoza-Roldan	Dipartimento di Medicina Veterinaria, Universit&#xE0; degli Studi di Bari, Bari, Italy
7203055	David_Modry	Dipartimento di Medicina Veterinaria, Universit&#xE0; degli Studi di Bari, Bari, Italy
7203055	Domenico_Otranto	Dipartimento di Medicina Veterinaria, Universit&#xE0; degli Studi di Bari, Bari, Italy
7232577	Brittany A._Armstrong	Department of Molecular Virology and Microbiology, Baylor College of Medicine, Houston, TX, United States
7232577	Alexander R._Kneubehl	Department of Molecular Virology and Microbiology, Baylor College of Medicine, Houston, TX, United States
7232577	Robert D._Mitchell	Knipling-Bushland U.S. Livestock Insects Research Laboratory, Veterinary Pest Genomics Center, Department of Agriculture&#x2014;Agricultural Research Service, Kerrville, TX, United States
7232577	Aparna_Krishnavajhala	Department of Pediatrics, National School of Tropical Medicine, Baylor College of Medicine, Houston, TX, United States
7232577	Pete D._Teel	Department of Entomology, Texas A&amp;M AgriLife Research, College Station, TX, United States
7232577	Adalberto A._P&#xE9;rez de Le&#xF3;n	Knipling-Bushland U.S. Livestock Insects Research Laboratory, Veterinary Pest Genomics Center, Department of Agriculture&#x2014;Agricultural Research Service, Kerrville, TX, United States
7232577	Job E._Lopez	Department of Molecular Virology and Microbiology, Baylor College of Medicine, Houston, TX, United States
7349889	Julia_Gobl	Faculty of Science, University of South Bohemia, 37005 &#x10C;esk&#xE9; Bud&#x11B;jovice, Czech Republic;  (J.J.V.)
7349889	Deepak_Kumar Sinha	Faculty of Science, University of South Bohemia, 37005 &#x10C;esk&#xE9; Bud&#x11B;jovice, Czech Republic;  (J.J.V.)
7349889	Radek_Sima	Faculty of Science, University of South Bohemia, 37005 &#x10C;esk&#xE9; Bud&#x11B;jovice, Czech Republic;  (J.J.V.)
7349889	Jan_Perner	Institute of Parasitology, Biology Center, Czech Academy of Sciences, 37005 &#x10C;esk&#xE9; Bud&#x11B;jovice, Czech Republic; 
7349889	Petr_Kop&#xE1;&#x10D;ek	Faculty of Science, University of South Bohemia, 37005 &#x10C;esk&#xE9; Bud&#x11B;jovice, Czech Republic;  (J.J.V.)
7349889	James J_Vald&#xE9;s	Faculty of Science, University of South Bohemia, 37005 &#x10C;esk&#xE9; Bud&#x11B;jovice, Czech Republic;  (J.J.V.)
7349889	Ryan O. M._Rego	Faculty of Science, University of South Bohemia, 37005 &#x10C;esk&#xE9; Bud&#x11B;jovice, Czech Republic;  (J.J.V.)
7349889	Alejandro_Cabezas-Cruz	UMR BIPAR, INRAE, ANSES, Ecole Nationale V&#xE9;t&#xE9;rinaire d&#x2019;Alfort, Universit&#xE9; Paris-Est, 94700 Maisons-Alfort, France
7078122	Joseph J._Modarelli	Department of Veterinary Pathobiology, College of Veterinary Medicine and Biomedical Sciences, Texas A&amp;M University, College Station, TX, 77843, USA
7078122	Bradford J._Westrich	Indiana Department of Natural Resources, Department of Fish and Wildlife, 5596 East State Road 46, Bloomington, IN, 47401, USA
7078122	Matthew_Milholland	College of Agriculture and Natural Resources-Department of Environmental Sciences and Technology, University of Maryland, College Park, MD, 1433, USA
7078122	Mackenzie_Tietjen	Department of Entomology, College of Agriculture and Life Sciences, Texas A&amp;M University, College Station, TX, 77843, USA
7078122	Ivan_Castro-Arellano	Department of Biology, College of Sciences, Texas State San Marcos, San Marcos, TX, USA
7078122	Raul F._Medina	Department of Entomology, College of Agriculture and Life Sciences, Texas A&amp;M University, College Station, TX, 77843, USA
7078122	Maria D._Esteve-Gasent	Department of Veterinary Pathobiology, College of Veterinary Medicine and Biomedical Sciences, Texas A&amp;M University, College Station, TX, 77843, USA
7041427	Charles E._Hart	SUNY Center for Environmental Health and Medicine, SUNY Upstate Medical University, Syracuse, NY, United States
7041427	Jose M._Ribeiro	Laboratory of Malaria and Vector Research, National Institute of Allergy and Infectious Diseases, Bethesda, MD, United States
7041427	Maria_Kazimirova	Institute of Zoology, Slovak Academy of Sciences, Bratislava, Slovakia
7041427	Saravanan_Thangamani	SUNY Center for Environmental Health and Medicine, SUNY Upstate Medical University, Syracuse, NY, United States
7017561	Hee J._Kim	0000 0004 4687 2082grid.264756.4Department of Entomology, Texas A&amp;M AgriLife Research, College Station, TX USA 
7017561	Aparna_Krishnavajhala	0000 0001 2160 926Xgrid.39382.33Department of Pediatrics, National School of Tropical Medicine, Baylor College of Medicine, Houston, TX USA 
7017561	Brittany A._Armstrong	0000 0001 2160 926Xgrid.39382.33Department of Pediatrics, National School of Tropical Medicine, Baylor College of Medicine, Houston, TX USA 
7017561	Adalberto A._P&#xE9;rez de Le&#xF3;n	0000 0004 0404 0958grid.463419.dKnipling-Bushland U.S. Livestock Insects Research Laboratory and Veterinary Pest Genomics Center, United States Department of Agriculture, Agricultural Research Service, Kerrville, TX USA 
7017561	Serhii_Filatov	grid.483569.5Laboratory of Virology, National Scientific Center, &#x201C;Institute of Experimental and Clinical Veterinary Medicine&#x201D;, Kharkiv, Ukraine 
7017561	Pete D._Teel	0000 0004 4687 2082grid.264756.4Department of Entomology, Texas A&amp;M AgriLife Research, College Station, TX USA 
7017561	Job E._Lopez	0000 0001 2160 926Xgrid.39382.33Department of Pediatrics, National School of Tropical Medicine, Baylor College of Medicine, Houston, TX USA 
7106000	Mateusz_Fila	Department of Swine Diseases, National Veterinary Research Institute, 24-100Pu&#x142;awy, Poland
7106000	Grzegorz_Wo&#x17A;niakowski	Department of Swine Diseases, National Veterinary Research Institute, 24-100Pu&#x142;awy, Poland
6997490	Serene_Yu	College of Veterinary Medicine and Biomedical Sciences, College Station, TX, 77843, USA
6997490	Joseph_Modarelli	Department of Veterinary Pathobiology, College of Veterinary Medicine and Biomedical Sciences, College Station, TX, 77843, USA
6997490	John M._Tome&#x10D;ek	Department of Wildlife and Fisheries Sciences Texas A&amp;M University, College Station, TX, 77843, USA
6997490	Justin T._French	Department of Wildlife and Fisheries Sciences Texas A&amp;M University, College Station, TX, 77843, USA
6997490	Clayton_Hilton	Department of Animal Science and Veterinary Technology, Texas A&amp;M University-Kingsville, Kingsville, TX, 78363, USA
6997490	Maria D._Esteve-Gasent	Department of Veterinary Pathobiology, College of Veterinary Medicine and Biomedical Sciences, College Station, TX, 77843, USA
6881060	R&#xE9;mi_Pereira de Oliveira	Swine Virology and Immunology Unit, Laboratoire de Ploufragan-Plouzan&#xE9;-Niort, Agence Nationale de S&#xE9;curit&#xE9; Sanitaire (ANSES), Ploufragan, France
6881060	Evelyne_Hutet	Swine Virology and Immunology Unit, Laboratoire de Ploufragan-Plouzan&#xE9;-Niort, Agence Nationale de S&#xE9;curit&#xE9; Sanitaire (ANSES), Ploufragan, France
6881060	Fr&#xE9;d&#xE9;ric_Paboeuf	Swine Virology and Immunology Unit, Laboratoire de Ploufragan-Plouzan&#xE9;-Niort, Agence Nationale de S&#xE9;curit&#xE9; Sanitaire (ANSES), Ploufragan, France
6881060	Maxime_Duhayon	UMR ASTRE Animal Sant&#xE9;, Territoires, Risques et Ecosyst&#xE8;mes, Centre de coop&#xE9;ration Internationale en Recherche Agronomique pour le D&#xE9;veloppement (CIRAD), Montpellier, France
6881060	Fernando_Boinas	CIISA&#x2014;Centro de Investiga&#xE7;&#xE3;o Interdisciplinar em Sanidade Animal, Faculdade de Medicina Veterin&#xE1;ria, Universidade de Lisboa, Lisboa, Portugal
6881060	Adalberto_Perez de Leon	Knipling-Bushland U.S. Livestock Insects Research Laboratory and Veterinary Pest Genomics Center, USDA-ARS, Kerrville, Texas, United States of America
6881060	Serhii_Filatov	National Scientific Center Institute of Experimental and Clinical Veterinary Medicine, NSC IECVM), Kharkiv, Ukraine
6881060	Laurence_Vial	UMR ASTRE Animal Sant&#xE9;, Territoires, Risques et Ecosyst&#xE8;mes, Centre de coop&#xE9;ration Internationale en Recherche Agronomique pour le D&#xE9;veloppement (CIRAD), Montpellier, France
6881060	Marie-Fr&#xE9;d&#xE9;rique_Le Potier	Swine Virology and Immunology Unit, Laboratoire de Ploufragan-Plouzan&#xE9;-Niort, Agence Nationale de S&#xE9;curit&#xE9; Sanitaire (ANSES), Ploufragan, France
6822432	Ricardo_P&#xE9;rez-S&#xE1;nchez	0000 0001 2183 4846grid.4711.3Parasitolog&#xED;a Animal, Instituto de Recursos Naturales y Agrobiolog&#xED;a de Salamanca (IRNASA, CSIC), Cordel de Merinas, 40&#x2013;52, 37008 Salamanca, Spain 
6822432	Ra&#xFA;l_Manzano-Rom&#xE1;n	0000 0001 2183 4846grid.4711.3Parasitolog&#xED;a Animal, Instituto de Recursos Naturales y Agrobiolog&#xED;a de Salamanca (IRNASA, CSIC), Cordel de Merinas, 40&#x2013;52, 37008 Salamanca, Spain 
6822432	Prosper_Obolo-Mvoulouga	0000 0001 2183 4846grid.4711.3Parasitolog&#xED;a Animal, Instituto de Recursos Naturales y Agrobiolog&#xED;a de Salamanca (IRNASA, CSIC), Cordel de Merinas, 40&#x2013;52, 37008 Salamanca, Spain 
6822432	Ana_Oleaga	0000 0001 2183 4846grid.4711.3Parasitolog&#xED;a Animal, Instituto de Recursos Naturales y Agrobiolog&#xED;a de Salamanca (IRNASA, CSIC), Cordel de Merinas, 40&#x2013;52, 37008 Salamanca, Spain 
6777938	Steven W_Miller	Division of Biological Sciences, Section of Cell and Developmental Biology          University of California, San Diego          La Jolla          United States        
6777938	Artem_Movsesyan	Division of Biological Sciences, Section of Cell and Developmental Biology          University of California, San Diego          La Jolla          United States        
6777938	Sui_Zhang	Division of Biological Sciences, Section of Cell and Developmental Biology          University of California, San Diego          La Jolla          United States        
6777938	Rosa_Fern&#xE1;ndez	Bioinformatics and Genomics Unit          Center for Genomic Regulation          Barcelona          Spain        
6777938	James W_Posakony	Division of Biological Sciences, Section of Cell and Developmental Biology          University of California, San Diego          La Jolla          United States        
6743180	Tianhong_Wang	0000 0004 0605 1239grid.256884.5Hebei Key Laboratory of Animal Physiology, Biochemistry and Molecular Biology, College of Life Sciences, Hebei Normal University, Shijiazhuang, 050024 China 
6743180	Shiqi_Zhang	0000 0004 0605 1239grid.256884.5Hebei Key Laboratory of Animal Physiology, Biochemistry and Molecular Biology, College of Life Sciences, Hebei Normal University, Shijiazhuang, 050024 China 
6743180	Tingwei_Pei	0000 0004 0605 1239grid.256884.5Hebei Key Laboratory of Animal Physiology, Biochemistry and Molecular Biology, College of Life Sciences, Hebei Normal University, Shijiazhuang, 050024 China 
6743180	Zhijun_Yu	0000 0004 0605 1239grid.256884.5Hebei Key Laboratory of Animal Physiology, Biochemistry and Molecular Biology, College of Life Sciences, Hebei Normal University, Shijiazhuang, 050024 China 
6743180	Jingze_Liu	0000 0004 0605 1239grid.256884.5Hebei Key Laboratory of Animal Physiology, Biochemistry and Molecular Biology, College of Life Sciences, Hebei Normal University, Shijiazhuang, 050024 China 
6710359	Chadwick_Hillman	Laboratory of Bacteriology, Rocky Mountain Laboratories, National Institute of Allergy and Infectious Diseases, National Institutes of Health, Hamilton, MT, United States
6710359	Philip E._Stewart	Laboratory of Bacteriology, Rocky Mountain Laboratories, National Institute of Allergy and Infectious Diseases, National Institutes of Health, Hamilton, MT, United States
6710359	Martin_Strnad	Laboratory of Bacteriology, Rocky Mountain Laboratories, National Institute of Allergy and Infectious Diseases, National Institutes of Health, Hamilton, MT, United States
6710359	Hunter_Stone	Laboratory of Bacteriology, Rocky Mountain Laboratories, National Institute of Allergy and Infectious Diseases, National Institutes of Health, Hamilton, MT, United States
6710359	Tregei_Starr	Laboratory of Bacteriology, Rocky Mountain Laboratories, National Institute of Allergy and Infectious Diseases, National Institutes of Health, Hamilton, MT, United States
6710359	Aaron_Carmody	Research Technologies Section, Rocky Mountain Laboratories, National Institute of Allergy and Infectious Diseases, National Institutes of Health, Hamilton, MT, United States
6710359	Tyler J._Evans	Laboratory of Bacteriology, Rocky Mountain Laboratories, National Institute of Allergy and Infectious Diseases, National Institutes of Health, Hamilton, MT, United States
6710359	Valentina_Carracoi	Laboratory of Bacteriology, Rocky Mountain Laboratories, National Institute of Allergy and Infectious Diseases, National Institutes of Health, Hamilton, MT, United States
6710359	Jenny_Wachter	Laboratory of Bacteriology, Rocky Mountain Laboratories, National Institute of Allergy and Infectious Diseases, National Institutes of Health, Hamilton, MT, United States
6710359	Patricia A._Rosa	Laboratory of Bacteriology, Rocky Mountain Laboratories, National Institute of Allergy and Infectious Diseases, National Institutes of Health, Hamilton, MT, United States
6700303	Clay D._Jackson-Litteken	Department of Microbiology and Immunology, University of Arkansas for Medical Sciences, Little Rock, AR, United States
6700303	Amanda K._Zalud	Department of Medical Microbiology and Immunology, Creighton University, Omaha, NE, United States
6700303	C. Tyler_Ratliff	Department of Microbiology and Immunology, University of Arkansas for Medical Sciences, Little Rock, AR, United States
6700303	Jacob I._Latham	Department of Microbiology and Immunology, University of Arkansas for Medical Sciences, Little Rock, AR, United States
6700303	Travis J._Bourret	Department of Medical Microbiology and Immunology, Creighton University, Omaha, NE, United States
6700303	Job E._Lopez	Section of Tropical Medicine, Department of Pediatrics, Baylor College of Medicine and Texas Children's Hospital, Houston, TX, United States
6700303	Jon S._Blevins	Department of Microbiology and Immunology, University of Arkansas for Medical Sciences, Little Rock, AR, United States
6692460	Caixing_Xiong	Department of Entomology, Texas A&amp;M University, College Station, TX, United States
6692460	Dwight_Baker	Department of Biochemistry and Biophysics, Texas A&amp;M University, College Station, TX, United States
6692460	Patricia V._Pietrantonio	Department of Entomology, Texas A&amp;M University, College Station, TX, United States
6602112	Jillian D._Wormington	1Department of Veterinary Integrative Biosciences, Texas A&amp;M University, College Station, Texas.
6602112	Andrew_Golnar	2Department of Entomology, Texas A&amp;M University, College Station, Texas.
6602112	Karen C._Poh	2Department of Entomology, Texas A&amp;M University, College Station, Texas.
6602112	Rebekah C._Kading	3Department of Microbiology Immunology and Pathology, Colorado State University, Fort Collins, Colorado.
6602112	Estelle_Martin	2Department of Entomology, Texas A&amp;M University, College Station, Texas.
6602112	Sarah A._Hamer	1Department of Veterinary Integrative Biosciences, Texas A&amp;M University, College Station, Texas.
6602112	Gabriel L._Hamer	2Department of Entomology, Texas A&amp;M University, College Station, Texas.
6602103	Andrew J._Golnar	1Texas A&amp;M AgriLife Research, Department of Entomology, Texas A&amp;M University, College Station, Texas.
6602103	Estelle_Martin	1Texas A&amp;M AgriLife Research, Department of Entomology, Texas A&amp;M University, College Station, Texas.
6602103	Jillian D._Wormington	2Department of Veterinary Integrative Biosciences, Texas A&amp;M University, College Station, Texas.
6602103	Rebekah C._Kading	3Department of Microbiology, Immunology &amp; Pathology, Colorado State University, Fort Collins, Colorado.
6602103	Pete D._Teel	1Texas A&amp;M AgriLife Research, Department of Entomology, Texas A&amp;M University, College Station, Texas.
6602103	Sarah A._Hamer	2Department of Veterinary Integrative Biosciences, Texas A&amp;M University, College Station, Texas.
6602103	Gabriel L._Hamer	1Texas A&amp;M AgriLife Research, Department of Entomology, Texas A&amp;M University, College Station, Texas.
6602336	Wei_Wang	State Key Laboratory of Integrated Management of Pest Insects and Rodents, Institute of Zoology, Chinese Academy of Sciences, 1 Beichen West Road, Beijing 100101, China
6602336	Gao-Ming_Liu	State Key Laboratory of Integrated Management of Pest Insects and Rodents, Institute of Zoology, Chinese Academy of Sciences, 1 Beichen West Road, Beijing 100101, China
6602336	De-Xing_Zhang	State Key Laboratory of Integrated Management of Pest Insects and Rodents, Institute of Zoology, Chinese Academy of Sciences, 1 Beichen West Road, Beijing 100101, China
7151861	O._Bouchaud	UNKNOWN
7151861	P.-H._Consigny	UNKNOWN
7151861	M._Cot	UNKNOWN
7151861	G._Le Loup	UNKNOWN
7151861	S._Odermatt-Biays	UNKNOWN
6537121	Robert D._Mitchell	USDA-ARS, Knipling-Bushland U.S. Livestock Insects Research Laboratory, Veterinary Pest Genomics Center, Kerrville, TX, United States
6537121	Daniel E._Sonenshine	Laboratory for Malaria and Vector Research, National Institute of Allergy and Infectious Diseases, National Institutes of Health, Rockville, MD, United States
6537121	Adalberto A._P&#xE9;rez de Le&#xF3;n	USDA-ARS, Knipling-Bushland U.S. Livestock Insects Research Laboratory, Veterinary Pest Genomics Center, Kerrville, TX, United States
6504839	Ben J._Mans	Epidemiology, Parasites and Vectors, Agricultural Research Council-Onderstepoort Veterinary Research, Pretoria, South Africa
6459496	Edwin_V&#xE1;zquez-Guerrero	Laboratorio de Gen&#xE9;tica Microbiana, Departamento de Microbiolog&#xED;a, Escuela Nacional de Ciencias Biol&#xF3;gicas, Instituto Polit&#xE9;cnico Nacional, Ciudad de Mexico, Mexico
6459496	Norma P._Adan-Bante	Laboratorio de Investigaci&#xF3;n en Zoonosis y Enfermedades Tropicales, Unidad Regional Sur, Universidad de Sonora, Navojoa, Sonora, Mexico
6459496	M&#xF3;nica C._Mercado-Uribe	Departamento de Infectolog&#xED;a Pedi&#xE1;trica del Hospital Civil de Guadalajara &#x201C;Fray Antonio Alcalde,&#x201D; Guadalajara, Jalisco, Mexico
6459496	C&#xE9;sar_Hern&#xE1;ndez-Rodr&#xED;guez	Laboratorio de Biolog&#xED;a Celular y Molecular de Procariotes y Levaduras, Departamento de Microbiolog&#xED;a, Escuela Nacional de Ciencias Biol&#xF3;gicas, Instituto Polit&#xE9;cnico Nacional, Ciudad de Mexico, Mexico
6459496	Lourdes_Villa-Tanaca	Laboratorio de Gen&#xE9;tica Microbiana, Departamento de Microbiolog&#xED;a, Escuela Nacional de Ciencias Biol&#xF3;gicas, Instituto Polit&#xE9;cnico Nacional, Ciudad de Mexico, Mexico
6459496	Job E._Lopez	Departments of Pediatrics and Molecular Virology and Microbiology, National School of Tropical Medicine, Baylor College of Medicine, Houston, Texas, United States of America
6459496	J. Antonio_Ibarra	Laboratorio de Gen&#xE9;tica Microbiana, Departamento de Microbiolog&#xED;a, Escuela Nacional de Ciencias Biol&#xF3;gicas, Instituto Polit&#xE9;cnico Nacional, Ciudad de Mexico, Mexico
6454574	Travis J._Bourret	1Department of Medical Microbiology and ImmunologyCreighton UniversityOmahaNebraska
6454574	William K._Boyle	1Department of Medical Microbiology and ImmunologyCreighton UniversityOmahaNebraska
6454574	Amanda K._Zalud	1Department of Medical Microbiology and ImmunologyCreighton UniversityOmahaNebraska
6454574	Jesus G._Valenzuela	2Laboratory of Malaria and Vector ResearchNational Institute of Allergy and Infectious Diseases, National Institutes of HealthRockvilleMaryland
6454574	Fabiano_Oliveira	2Laboratory of Malaria and Vector ResearchNational Institute of Allergy and Infectious Diseases, National Institutes of HealthRockvilleMaryland
6454574	Job E._Lopez	3Departments of Pediatrics and Molecular Virology and MicrobiologyBaylor College of MedicineHoustonTexas
6236954	Vikas_Taank	0000 0001 2164 3177grid.261368.8Department of Biological Sciences, Old Dominion University, Norfolk, VA USA 
6236954	Wenshuo_Zhou	0000 0001 2164 3177grid.261368.8Department of Biological Sciences, Old Dominion University, Norfolk, VA USA 
6236954	Xuran_Zhuang	0000 0001 0941 7177grid.164295.dDepartment of Veterinary Medicine, Virginia-Maryland Regional College of Veterinary Medicine, University of Maryland, College Park, MD USA 
6236954	John F._Anderson	0000 0000 8788 3977grid.421470.4Department of Entomology, Connecticut Agricultural Experiment Station, New Haven, CT USA 
6236954	Utpal_Pal	0000 0001 0941 7177grid.164295.dDepartment of Veterinary Medicine, Virginia-Maryland Regional College of Veterinary Medicine, University of Maryland, College Park, MD USA 
6236954	Hameeda_Sultana	0000 0001 2164 3177grid.261368.8Department of Biological Sciences, Old Dominion University, Norfolk, VA USA 
6236954	Girish_Neelakanta	0000 0001 2164 3177grid.261368.8Department of Biological Sciences, Old Dominion University, Norfolk, VA USA 
6236881	Pavlina_Vechtova	0000 0001 1015 3316grid.418095.1Institute of Parasitology, Biology Centre, Czech Academy of Sciences, Brani&#x161;ovsk&#xE1; 31, CZ-37005 &#x10C;esk&#xE9; Bud&#x11B;jovice, Czech Republic 
6236881	Jarmila_Sterbova	0000 0001 1015 3316grid.418095.1Institute of Parasitology, Biology Centre, Czech Academy of Sciences, Brani&#x161;ovsk&#xE1; 31, CZ-37005 &#x10C;esk&#xE9; Bud&#x11B;jovice, Czech Republic 
6236881	Jan_Sterba	0000 0001 1015 3316grid.418095.1Institute of Parasitology, Biology Centre, Czech Academy of Sciences, Brani&#x161;ovsk&#xE1; 31, CZ-37005 &#x10C;esk&#xE9; Bud&#x11B;jovice, Czech Republic 
6236881	Marie_Vancova	0000 0001 1015 3316grid.418095.1Institute of Parasitology, Biology Centre, Czech Academy of Sciences, Brani&#x161;ovsk&#xE1; 31, CZ-37005 &#x10C;esk&#xE9; Bud&#x11B;jovice, Czech Republic 
6236881	Ryan O. M._Rego	0000 0001 1015 3316grid.418095.1Institute of Parasitology, Biology Centre, Czech Academy of Sciences, Brani&#x161;ovsk&#xE1; 31, CZ-37005 &#x10C;esk&#xE9; Bud&#x11B;jovice, Czech Republic 
6236881	Martin_Selinger	0000 0001 1015 3316grid.418095.1Institute of Parasitology, Biology Centre, Czech Academy of Sciences, Brani&#x161;ovsk&#xE1; 31, CZ-37005 &#x10C;esk&#xE9; Bud&#x11B;jovice, Czech Republic 
6236881	Martin_Strnad	0000 0001 1015 3316grid.418095.1Institute of Parasitology, Biology Centre, Czech Academy of Sciences, Brani&#x161;ovsk&#xE1; 31, CZ-37005 &#x10C;esk&#xE9; Bud&#x11B;jovice, Czech Republic 
6236881	Maryna_Golovchenko	0000 0001 1015 3316grid.418095.1Institute of Parasitology, Biology Centre, Czech Academy of Sciences, Brani&#x161;ovsk&#xE1; 31, CZ-37005 &#x10C;esk&#xE9; Bud&#x11B;jovice, Czech Republic 
6236881	Nataliia_Rudenko	0000 0001 1015 3316grid.418095.1Institute of Parasitology, Biology Centre, Czech Academy of Sciences, Brani&#x161;ovsk&#xE1; 31, CZ-37005 &#x10C;esk&#xE9; Bud&#x11B;jovice, Czech Republic 
6236881	Libor_Grubhoffer	0000 0001 1015 3316grid.418095.1Institute of Parasitology, Biology Centre, Czech Academy of Sciences, Brani&#x161;ovsk&#xE1; 31, CZ-37005 &#x10C;esk&#xE9; Bud&#x11B;jovice, Czech Republic 
6277881	Sara_Artigas-Jer&#xF3;nimo	SaBio, Instituto de Investigaci&#xF3;n en Recursos Cineg&#xE9;ticos (IREC), CSIC, Universidad de Castilla-La Mancha (UCLM), Junta de Comunidades de Castilla &#x2013; La Mancha (JCCM), Ciudad Real, Spain
6277881	Margarita_Villar	SaBio, Instituto de Investigaci&#xF3;n en Recursos Cineg&#xE9;ticos (IREC), CSIC, Universidad de Castilla-La Mancha (UCLM), Junta de Comunidades de Castilla &#x2013; La Mancha (JCCM), Ciudad Real, Spain
6277881	Alejandro_Cabezas-Cruz	UMR BIPAR, INRA, ANSES, Ecole Nationale V&#xE9;t&#xE9;rinaire d&#x2019;Alfort, Universit&#xE9; Paris-Est, Paris, France
6277881	James J._Vald&#xE9;s	Faculty of Science, University of South Bohemia, &#x10C;esk&#xE9; Bud&#x11B;jovice, Czechia
6277881	Agust&#xED;n_Estrada-Pe&#xF1;a	Facultad de Veterinaria, Universidad de Zaragoza, Zaragoza, Spain
6277881	Pilar_Alberdi	SaBio, Instituto de Investigaci&#xF3;n en Recursos Cineg&#xE9;ticos (IREC), CSIC, Universidad de Castilla-La Mancha (UCLM), Junta de Comunidades de Castilla &#x2013; La Mancha (JCCM), Ciudad Real, Spain
6277881	Jos&#xE9;_de la Fuente	SaBio, Instituto de Investigaci&#xF3;n en Recursos Cineg&#xE9;ticos (IREC), CSIC, Universidad de Castilla-La Mancha (UCLM), Junta de Comunidades de Castilla &#x2013; La Mancha (JCCM), Ciudad Real, Spain
6199987	Jack D._Bissett	UNKNOWN
6199987	Suzanne_Ledet	UNKNOWN
6199987	Aparna_Krishnavajhala	UNKNOWN
6199987	Brittany A._Armstrong	UNKNOWN
6199987	Anna_Klioueva	UNKNOWN
6199987	Christopher_Sexton	UNKNOWN
6199987	Adam_Replogle	UNKNOWN
6199987	Martin E._Schriefer	UNKNOWN
6199987	Job E._Lopez	UNKNOWN
6224114	Brittany A._Armstrong	Department of Pediatrics, National School of Tropical Medicine, Baylor College of Medicine, Houston, Texas, United States of America
6224114	Alexander_Kneubehl	Department of Molecular Virology and Microbiology, Baylor College of Medicine, Houston, Texas, United States of America
6224114	Aparna_Krishnavajhala	Department of Pediatrics, National School of Tropical Medicine, Baylor College of Medicine, Houston, Texas, United States of America
6224114	Hannah K._Wilder	Department of Biological Sciences, Mississippi State University, Starkville, Mississippi, United States of America
6224114	William_Boyle	Department of Biological Sciences, Mississippi State University, Starkville, Mississippi, United States of America
6224114	Edward_Wozniak	Texas State Guard, Medical Brigade, Uvalde, Texas, United States of America
6224114	Carson_Phillips	Texas Department of State Health Services, Zoonosis, El Paso, Texas, United States of America
6224114	Kristen_Hollywood	Texas Department of State Health Services, Zoonosis, Midland, Texas, United States of America
6224114	Kristy O._Murray	Department of Pediatrics, National School of Tropical Medicine, Baylor College of Medicine, Houston, Texas, United States of America
6224114	Taylor G._Donaldson	Department of Entomology, Texas A&amp;M AgriLife Research, Texas A&amp;M University, College Station, Texas, United States of America
6224114	Pete D._Teel	Department of Entomology, Texas A&amp;M AgriLife Research, Texas A&amp;M University, College Station, Texas, United States of America
6224114	Ken_Waldrup	Texas Department of State Health Services, Zoonosis, El Paso, Texas, United States of America
6224114	Job E._Lopez	Department of Pediatrics, National School of Tropical Medicine, Baylor College of Medicine, Houston, Texas, United States of America
6065373	Supreet_Khanal	0000 0001 2164 3177grid.261368.8Department of Biological Sciences, Old Dominion University, Norfolk, VA USA 
6065373	Vikas_Taank	0000 0001 2164 3177grid.261368.8Department of Biological Sciences, Old Dominion University, Norfolk, VA USA 
6065373	John F._Anderson	0000 0000 8788 3977grid.421470.4Department of Entomology, Connecticut Agricultural Experiment Station, New Haven, CT USA 
6065373	Hameeda_Sultana	0000 0001 2164 3177grid.261368.8Department of Biological Sciences, Old Dominion University, Norfolk, VA USA 
6065373	Girish_Neelakanta	0000 0001 2164 3177grid.261368.8Department of Biological Sciences, Old Dominion University, Norfolk, VA USA 
6236141	Nusirat_Elelu	1Department of Veterinary Public Health and Preventive MedicineUniversity of IlorinIlorinKwara StateNigeria
5893795	Emilie_Talagrand-Reboul	Early Bacterial Virulence: Borrelia Group, Universit&#xE9; de Strasbourg, Facult&#xE9;s de M&#xE9;decine et de Pharmacie, CHRU Strasbourg, F&#xE9;d&#xE9;ration de M&#xE9;decine Translationnelle de Strasbourg, VBB EA 7290, Strasbourg, France
5893795	Pierre H._Boyer	Early Bacterial Virulence: Borrelia Group, Universit&#xE9; de Strasbourg, Facult&#xE9;s de M&#xE9;decine et de Pharmacie, CHRU Strasbourg, F&#xE9;d&#xE9;ration de M&#xE9;decine Translationnelle de Strasbourg, VBB EA 7290, Strasbourg, France
5893795	Sven_Bergstr&#xF6;m	Department of Molecular Biology, Ume&#xE5; University, Ume&#xE5;, Sweden
5893795	Laurence_Vial	CIRAD BIOS, UMR15 CIRAD/Institut National de la Recherche Agronomique &#x201C;Contr&#xF4;le des Maladies Animales Exotiques et Emergentes,&#x201D; Equipe &#x201C;Vecteurs,&#x201D; Campus International de Baillarguet, Montpellier, France
5893795	Nathalie_Boulanger	Early Bacterial Virulence: Borrelia Group, Universit&#xE9; de Strasbourg, Facult&#xE9;s de M&#xE9;decine et de Pharmacie, CHRU Strasbourg, F&#xE9;d&#xE9;ration de M&#xE9;decine Translationnelle de Strasbourg, VBB EA 7290, Strasbourg, France
5806375	Emmanuel Pacia_Hernandez	0000 0001 1167 1801grid.258333.cLaboratory of Infectious Diseases, Joint Faculty of Veterinary Medicine, Kagoshima University, 1-21-24 Korimoto, Kagoshima, 890-0056 Japan 
5806375	Kodai_Kusakisako	0000 0001 1167 1801grid.258333.cLaboratory of Infectious Diseases, Joint Faculty of Veterinary Medicine, Kagoshima University, 1-21-24 Korimoto, Kagoshima, 890-0056 Japan 
5806375	Melbourne Rio_Talactac	0000 0001 1167 1801grid.258333.cLaboratory of Infectious Diseases, Joint Faculty of Veterinary Medicine, Kagoshima University, 1-21-24 Korimoto, Kagoshima, 890-0056 Japan 
5806375	Remil Linggatong_Galay	0000 0000 9067 0374grid.11176.30Department of Veterinary Paraclinical Sciences, University of the Philippines at Los Ba&#xF1;os, College, 3004 Laguna, Philippines 
5806375	Takeshi_Hatta	0000 0000 9206 2938grid.410786.cDepartment of Parasitology, Kitasato University School of Medicine, Kitasato, Minami, Sagamihara, Kanagawa 252-0374 Japan 
5806375	Tomohide_Matsuo	0000 0001 0660 7960grid.268397.1Department of Pathological and Preventive Veterinary Science, The United Graduate School of Veterinary Science, Yamaguchi University, Yoshida, Yamaguchi, 753-8515 Japan 
5806375	Kozo_Fujisaki	National Agricultural and Food Research Organization, 3-1-5 Kannondai, Tsukuba, Ibaraki 305-0856 Japan 
5806375	Naotoshi_Tsuji	0000 0000 9206 2938grid.410786.cDepartment of Parasitology, Kitasato University School of Medicine, Kitasato, Minami, Sagamihara, Kanagawa 252-0374 Japan 
5806375	Tetsuya_Tanaka	0000 0001 1167 1801grid.258333.cLaboratory of Infectious Diseases, Joint Faculty of Veterinary Medicine, Kagoshima University, 1-21-24 Korimoto, Kagoshima, 890-0056 Japan 
5808196	Vienna R._Brown	Oak Ridge Institute for Science and Education (ORISE), Oak Ridge, TN, United States
5808196	Sarah N._Bevins	Wildlife Services, National Wildlife Research Center (NWRC), Animal and Plant Health Inspection Service, United States Department of Agriculture (USDA), Fort Collins, CO, United States
5937333	Maciej_Frant	Department of Swine Diseases, National Veterinary Research Institute, 24-100Pu&#x142;awy, Poland
5937333	Grzegorz_Wo&#x17A;niakowski	Department of Swine Diseases, National Veterinary Research Institute, 24-100Pu&#x142;awy, Poland
5937333	Zygmunt_Pejsak	Department of Swine Diseases, National Veterinary Research Institute, 24-100Pu&#x142;awy, Poland
5726638	Maria D._Esteve-Gasent	Department of Veterinary Pathobiology, College of Veterinary Medicine and Biomedical Sciences, Texas A&amp;M University, College Station, Texas, United States of America
5726638	Chloe B._Snell	Department of Veterinary Pathobiology, College of Veterinary Medicine and Biomedical Sciences, Texas A&amp;M University, College Station, Texas, United States of America
5726638	Shakirat A._Adetunji	Department of Veterinary Pathobiology, College of Veterinary Medicine and Biomedical Sciences, Texas A&amp;M University, College Station, Texas, United States of America
5726638	Julie_Piccione	Texas A&amp;M Veterinary Medical Diagnostic Laboratory, College Station, Texas, United States of America
5713125	Mathilde_Gondard	UMR BIPAR, Animal Health Laboratory, ANSES, INRA, Ecole Nationale V&#xE9;t&#xE9;rinaire d'Alfort, Universit&#xE9; Paris-Est, Maisons-Alfort, France
5713125	Alejandro_Cabezas-Cruz	UMR BIPAR, Animal Health Laboratory, ANSES, INRA, Ecole Nationale V&#xE9;t&#xE9;rinaire d'Alfort, Universit&#xE9; Paris-Est, Maisons-Alfort, France
5713125	Roxanne A._Charles	Faculty of Medical Sciences, School of Veterinary Medicine, University of the West Indies, Mt. Hope, Trinidad and Tobago
5713125	Muriel_Vayssier-Taussat	UMR BIPAR, Animal Health Laboratory, ANSES, INRA, Ecole Nationale V&#xE9;t&#xE9;rinaire d'Alfort, Universit&#xE9; Paris-Est, Maisons-Alfort, France
5713125	Emmanuel_Albina	CIRAD, UMR ASTRE, Petit-Bourg, France
5713125	Sara_Moutailler	UMR BIPAR, Animal Health Laboratory, ANSES, INRA, Ecole Nationale V&#xE9;t&#xE9;rinaire d'Alfort, Universit&#xE9; Paris-Est, Maisons-Alfort, France
5708834	Ismail_Lafri	Unit&#xE9; de Recherche en Maladies Infectieuses et Tropicales Emergentes (URMITE), Aix Marseille Universit&#xE9;, UM63, CNRS 7278, IRD 198, Inserm 1095, AP-HM, Institut Hospitalo-Universitaire M&#xE9;diterran&#xE9;e Infection, Marseille, France
5708834	Basma_El Hamzaoui	Unit&#xE9; de Recherche en Maladies Infectieuses et Tropicales Emergentes (URMITE), Aix Marseille Universit&#xE9;, UM63, CNRS 7278, IRD 198, Inserm 1095, AP-HM, Institut Hospitalo-Universitaire M&#xE9;diterran&#xE9;e Infection, Marseille, France
5708834	Idir_Bitam	Unit&#xE9; de Recherche en Maladies Infectieuses et Tropicales Emergentes (URMITE), Aix Marseille Universit&#xE9;, UM63, CNRS 7278, IRD 198, Inserm 1095, AP-HM, Institut Hospitalo-Universitaire M&#xE9;diterran&#xE9;e Infection, Marseille, France
5708834	Hamza_Leulmi	Unit&#xE9; de Recherche en Maladies Infectieuses et Tropicales Emergentes (URMITE), Aix Marseille Universit&#xE9;, UM63, CNRS 7278, IRD 198, Inserm 1095, AP-HM, Institut Hospitalo-Universitaire M&#xE9;diterran&#xE9;e Infection, Marseille, France
5708834	Reda_Lalout	EPH de Sidi Ali. Mostaganem. Minist&#xE8;re de la sant&#xE9;, de la population et de la r&#xE9;forme hospitali&#xE8;re, Mostaganem, Algeria
5708834	Oleg_Mediannikov	Unit&#xE9; de Recherche en Maladies Infectieuses et Tropicales Emergentes (URMITE), Aix Marseille Universit&#xE9;, UM63, CNRS 7278, IRD 198, Inserm 1095, AP-HM, Institut Hospitalo-Universitaire M&#xE9;diterran&#xE9;e Infection, Marseille, France
5708834	Mohamed_Chergui	EPH de Sidi Ali. Mostaganem. Minist&#xE8;re de la sant&#xE9;, de la population et de la r&#xE9;forme hospitali&#xE8;re, Mostaganem, Algeria
5708834	Mohamed_Karakellah	EPH de Sidi Ali. Mostaganem. Minist&#xE8;re de la sant&#xE9;, de la population et de la r&#xE9;forme hospitali&#xE8;re, Mostaganem, Algeria
5708834	Didier_Raoult	Unit&#xE9; de Recherche en Maladies Infectieuses et Tropicales Emergentes (URMITE), Aix Marseille Universit&#xE9;, UM63, CNRS 7278, IRD 198, Inserm 1095, AP-HM, Institut Hospitalo-Universitaire M&#xE9;diterran&#xE9;e Infection, Marseille, France
5708834	Philippe_Parola	Unit&#xE9; de Recherche en Maladies Infectieuses et Tropicales Emergentes (URMITE), Aix Marseille Universit&#xE9;, UM63, CNRS 7278, IRD 198, Inserm 1095, AP-HM, Institut Hospitalo-Universitaire M&#xE9;diterran&#xE9;e Infection, Marseille, France
5681642	Zhipu_Luo	0000 0004 1936 8075grid.48336.3aSynchrotron Radiation Research Section, Macromolecular Crystallography Laboratory, National Cancer Institute, Argonne, Illinois 60439 USA 
5681642	Alan J._Kelleher	0000 0001 2160 926Xgrid.39382.33National School of Tropical Medicine, Baylor College of Medicine, Houston Texas, United States of America 
5681642	Rabih_Darwiche	Division of Biochemistry, Department of Biology, University of Fribourg Chemin du Mus&#xE9;e 10, CH 1700, Fribourg, Switzerland 
5681642	Elissa M._Hudspeth	0000 0001 2160 926Xgrid.39382.33National School of Tropical Medicine, Baylor College of Medicine, Houston Texas, United States of America 
5681642	Oluwatosin K._Shittu	0000 0001 2160 926Xgrid.39382.33National School of Tropical Medicine, Baylor College of Medicine, Houston Texas, United States of America 
5681642	Aparna_Krishnavajhala	0000 0001 2160 926Xgrid.39382.33National School of Tropical Medicine, Baylor College of Medicine, Houston Texas, United States of America 
5681642	Roger_Schneiter	Division of Biochemistry, Department of Biology, University of Fribourg Chemin du Mus&#xE9;e 10, CH 1700, Fribourg, Switzerland 
5681642	Job E._Lopez	0000 0001 2160 926Xgrid.39382.33National School of Tropical Medicine, Baylor College of Medicine, Houston Texas, United States of America 
5681642	Oluwatoyin A._Asojo	0000 0001 2160 926Xgrid.39382.33National School of Tropical Medicine, Baylor College of Medicine, Houston Texas, United States of America 
5679642	Kylie M._Sage	Department of Biological Sciences, Northern Arizona University, Flagstaff, AZ, United States of America
5679642	Tammi L._Johnson	Laboratory of Zoonotic Pathogens, Rocky Mountain Laboratories, National Institute of Allergy and Infectious Diseases, National Institutes of Health, Hamilton, Montana, United States of America
5679642	Michael B._Teglas	Department of Agriculture, Nutrition, and Veterinary Sciences, University of Nevada, Reno, NV, United States of America
5679642	Nathan C._Nieto	Department of Biological Sciences, Northern Arizona University, Flagstaff, AZ, United States of America
5679642	Tom G._Schwan	Laboratory of Zoonotic Pathogens, Rocky Mountain Laboratories, National Institute of Allergy and Infectious Diseases, National Institutes of Health, Hamilton, Montana, United States of America
5627281	Sandra_Antunes	Global Health and Tropical Medicine, Instituto de Higiene e Medicina Tropical, Universidade Nova de Lisboa, Lisbon, Portugal
5627281	Catarina_Rosa	Instituto de Higiene e Medicina Tropical, Universidade Nova de Lisboa, Lisbon, Portugal
5627281	Joana_Couto	Global Health and Tropical Medicine, Instituto de Higiene e Medicina Tropical, Universidade Nova de Lisboa, Lisbon, Portugal
5627281	Joana_Ferrolho	Global Health and Tropical Medicine, Instituto de Higiene e Medicina Tropical, Universidade Nova de Lisboa, Lisbon, Portugal
5627281	Ana_Domingos	Global Health and Tropical Medicine, Instituto de Higiene e Medicina Tropical, Universidade Nova de Lisboa, Lisbon, Portugal
5486255	Yifan_Li	State Key Laboratory of Resources and Environmental Information System, Institute of Geographic Sciences and Natural Resources Research, CAS, Beijing 100101, China;  (H.L.)
5486255	Juanle_Wang	State Key Laboratory of Resources and Environmental Information System, Institute of Geographic Sciences and Natural Resources Research, CAS, Beijing 100101, China;  (H.L.)
5486255	Mengxu_Gao	State Key Laboratory of Resources and Environmental Information System, Institute of Geographic Sciences and Natural Resources Research, CAS, Beijing 100101, China;  (H.L.)
5486255	Liqun_Fang	State Key Laboratory of Pathogen and Biosecurity, Beijing Institute of Microbiology and Epidemiology, Beijing 100071, China;  (W.C.)
5486255	Changhua_Liu	Institute of Oceanology, Chinese Academy of Sciences, Qingdao 266071, China;  (B.Z.)
5486255	Xin_Lyu	State Key Laboratory of Resources and Environmental Information System, Institute of Geographic Sciences and Natural Resources Research, CAS, Beijing 100101, China;  (H.L.)
5486255	Yongqing_Bai	State Key Laboratory of Resources and Environmental Information System, Institute of Geographic Sciences and Natural Resources Research, CAS, Beijing 100101, China;  (H.L.)
5486255	Qiang_Zhao	State Key Laboratory of Resources and Environmental Information System, Institute of Geographic Sciences and Natural Resources Research, CAS, Beijing 100101, China;  (H.L.)
5486255	Hairong_Li	State Key Laboratory of Resources and Environmental Information System, Institute of Geographic Sciences and Natural Resources Research, CAS, Beijing 100101, China;  (H.L.)
5486255	Hongjie_Yu	School of Public Health, Fudan University, Key Laboratory of Public Health Safety, Ministry of Education, Shanghai 200032, China; 
5486255	Wuchun_Cao	State Key Laboratory of Pathogen and Biosecurity, Beijing Institute of Microbiology and Epidemiology, Beijing 100071, China;  (W.C.)
5486255	Liqiang_Feng	Institute of Oceanology, Chinese Academy of Sciences, Qingdao 266071, China;  (B.Z.)
5486255	Yanjun_Wang	Institute of Oceanology, Chinese Academy of Sciences, Qingdao 266071, China;  (B.Z.)
5486255	Bin_Zhang	Institute of Oceanology, Chinese Academy of Sciences, Qingdao 266071, China;  (B.Z.)
5460746	Marlene_Dupraz	MIVEGEC UMR 5290 CNRS IRD UM, Centre IRD, 911 Avenue Agropolis, BP 64501, 34394 Montpellier, France
5460746	C&#xE9;line_Toty	MIVEGEC UMR 5290 CNRS IRD UM, Centre IRD, 911 Avenue Agropolis, BP 64501, 34394 Montpellier, France
5460746	Elodie_Devillers	UMR Bipar, Anses, INRA, ENVA, 14 Rue Pierre et Marie Curie, 94700 Maisons-Alfort, France
5460746	Thomas_Blanchon	Centre de recherche de la Tour du Valat, 13200 Arles, France
5460746	Eric_Elguero	MIVEGEC UMR 5290 CNRS IRD UM, Centre IRD, 911 Avenue Agropolis, BP 64501, 34394 Montpellier, France
5460746	Marion_Vittecoq	Centre de recherche de la Tour du Valat, 13200 Arles, France
5460746	Sara_Moutailler	UMR Bipar, Anses, INRA, ENVA, 14 Rue Pierre et Marie Curie, 94700 Maisons-Alfort, France
5460746	Karen D._McCoy	MIVEGEC UMR 5290 CNRS IRD UM, Centre IRD, 911 Avenue Agropolis, BP 64501, 34394 Montpellier, France
5403040	Anna M._Christensen	UNKNOWN
5403040	Elizabeth_Pietralczyk	UNKNOWN
5403040	Job E._Lopez	UNKNOWN
5403040	Christopher_Brooks	UNKNOWN
5403040	Martin E._Schriefer	UNKNOWN
5403040	Edward_Wozniak	UNKNOWN
5403040	Benjamin_Stermole	UNKNOWN
5353578	Ashish_Vora	Department of Biological Sciences, Old Dominion University, Norfolk, VA, USA
5353578	Vikas_Taank	Department of Biological Sciences, Old Dominion University, Norfolk, VA, USA
5353578	Sucharita M._Dutta	Leroy T. Canoles Jr. Cancer Research Center, Eastern Virginia Medical School, Norfolk, VA, USA
5353578	John F._Anderson	Department of Entomology, Connecticut Agricultural Experiment Station, New Haven, CT, USA
5353578	Durland_Fish	School of Public Health, Yale University School of Medicine, New Haven, CT, USA
5353578	Daniel E._Sonenshine	Department of Biological Sciences, Old Dominion University, Norfolk, VA, USA
5353578	John D._Catravas	Frank Reidy Research Center for Bioelectrics, Old Dominion University, Norfolk, VA, USA.
5353578	Hameeda_Sultana	Department of Biological Sciences, Old Dominion University, Norfolk, VA, USA
5353578	Girish_Neelakanta	Department of Biological Sciences, Old Dominion University, Norfolk, VA, USA
5218486	Sergio E._Berm&#xFA;dez	Departamento de Investigaci&#xF3;n en Entomolog&#xED;a M&#xE9;dica, Instituto Conmemorativo Gorgas de Estudios de la Salud, Ciudad de Panam&#xE1;, Panam&#xE1;
5218486	Nicole_Gottdenker	Department of Veterinary Pathology, College of Veterinary Medicine, University of Georgia, Athens, Georgia, United States of America
5218486	Aparna_Krishnvajhala	Department of Pediatrics, Section of Tropical Medicine, Baylor College of Medicine and Texas Children&#x2019;s Hospital, Houston, Texas, United States of America
5218486	Amy_Fox	Department of Pediatrics, Section of Tropical Medicine, Baylor College of Medicine and Texas Children&#x2019;s Hospital, Houston, Texas, United States of America
5218486	Hannah K._Wilder	Department of Pediatrics, Section of Tropical Medicine, Baylor College of Medicine and Texas Children&#x2019;s Hospital, Houston, Texas, United States of America
5218486	Kadir_Gonz&#xE1;lez	Departamento de Investigaci&#xF3;n en Parasitolog&#xED;a, Instituto Conmemorativo Gorgas de Estudios de la Salud, Ciudad de Panam&#xE1;, Panam&#xE1;
5218486	Diorene_Smith	Parque Municipal Summit, Ciudad de Panam&#xE1;, Panam&#xE1;
5218486	Marielena_L&#xF3;pez	Parque Municipal Summit, Ciudad de Panam&#xE1;, Panam&#xE1;
5218486	Milixa_Perea	Departamento de Investigaci&#xF3;n en Parasitolog&#xED;a, Instituto Conmemorativo Gorgas de Estudios de la Salud, Ciudad de Panam&#xE1;, Panam&#xE1;
5218486	Chystrie_Rigg	Departamento de Investigaci&#xF3;n en Parasitolog&#xED;a, Instituto Conmemorativo Gorgas de Estudios de la Salud, Ciudad de Panam&#xE1;, Panam&#xE1;
5218486	Santiago_Montilla	Departamento de Investigaci&#xF3;n en Parasitolog&#xED;a, Instituto Conmemorativo Gorgas de Estudios de la Salud, Ciudad de Panam&#xE1;, Panam&#xE1;
5218486	Jos&#xE9; E._Calzada	Departamento de Investigaci&#xF3;n en Parasitolog&#xED;a, Instituto Conmemorativo Gorgas de Estudios de la Salud, Ciudad de Panam&#xE1;, Panam&#xE1;
5218486	Azael_Salda&#xF1;a	Departamento de Investigaci&#xF3;n en Parasitolog&#xED;a, Instituto Conmemorativo Gorgas de Estudios de la Salud, Ciudad de Panam&#xE1;, Panam&#xE1;
5218486	Carlos M._Caballero	El N&#xED;spero, El Valle, Cocl&#xE9;, Panam&#xE1;
5218486	Job E._Lopez	Department of Pediatrics, Section of Tropical Medicine, Baylor College of Medicine and Texas Children&#x2019;s Hospital, Houston, Texas, United States of America
5105259	Tammi L._Johnson	Laboratory of Zoonotic Pathogens, Rocky Mountain Laboratories, National Institute of Allergy and Infectious Diseases, National Institutes of Health, Hamilton, MT USA 
5105259	Robert J._Fischer	Laboratory of Zoonotic Pathogens, Rocky Mountain Laboratories, National Institute of Allergy and Infectious Diseases, National Institutes of Health, Hamilton, MT USA 
5105259	Sandra J._Raffel	Laboratory of Zoonotic Pathogens, Rocky Mountain Laboratories, National Institute of Allergy and Infectious Diseases, National Institutes of Health, Hamilton, MT USA 
5105259	Tom G._Schwan	Laboratory of Zoonotic Pathogens, Rocky Mountain Laboratories, National Institute of Allergy and Infectious Diseases, National Institutes of Health, Hamilton, MT USA 
5606595	&#xC1;lvaro A._Faccini-Mart&#xED;nez	Programa de P&#xF3;s-Gradua&#xE7;&#xE3;o em Doen&#xE7;as Infecciosas, Centro de Ci&#xEA;ncias da Sa&#xFA;de, Universidade Federal do Esp&#xED;rito Santo, Vit&#xF3;ria ES 29000-000, Brazil
5606595	Carlos A._Botero-Garc&#xED;a	School of Medicine, Universidad Militar Nueva Granada, Bogot&#xE1; 110911, Colombia; 
5024572	Jos&#xE9;_de la Fuente	SaBio, Instituto de Investigaci&#xF3;n en Recursos Cineg&#xE9;ticos IREC-CSIC-UCLM-JCCM        Ciudad Real, Spain      
5024572	Robert M._Waterhouse	Department of Genetic Medicine and Development, University of Geneva Medical School        Geneva, Switzerland      
5024572	Daniel E._Sonenshine	Department of Biological Sciences, Old Dominion University        Norfolk, VA, USA      
5024572	R. Michael_Roe	Department of Entomology, North Carolina State University        Raleigh, NC, USA      
5024572	Jose M._Ribeiro	Laboratory of Malaria and Vector Research, National Institute of Allergy and Infectious Diseases        Rockville, MD, USA      
5024572	David B._Sattelle	Division of Medicine, University College London        London, UK      
5024572	Catherine A._Hill	Department of Entomology, Purdue University        West Lafayette, IN, USA      
5606581	Christopher D._Crowder	Departments of Microbiology &amp; Molecular Genetics and Medicine, University of California Irvine, Irvine, CA 92697, USA;  (R.A.M.)
5606581	Arash_Ghalyanchi Langeroudi	Departments of Microbiology &amp; Molecular Genetics and Medicine, University of California Irvine, Irvine, CA 92697, USA;  (R.A.M.)
5606581	Azadeh_Shojaee Estabragh	Departments of Microbiology &amp; Molecular Genetics and Medicine, University of California Irvine, Irvine, CA 92697, USA;  (R.A.M.)
5606581	Eric R. G._Lewis	Departments of Microbiology &amp; Molecular Genetics and Medicine, University of California Irvine, Irvine, CA 92697, USA;  (R.A.M.)
5606581	Renee A._Marcsisin	Departments of Microbiology &amp; Molecular Genetics and Medicine, University of California Irvine, Irvine, CA 92697, USA;  (R.A.M.)
5606581	Alan G._Barbour	Departments of Microbiology &amp; Molecular Genetics and Medicine, University of California Irvine, Irvine, CA 92697, USA;  (R.A.M.)
5606572	Job E._Lopez	Department of Pediatrics, National School of Tropical Medicine, Baylor College of Medicine, Houston, 77030 TX, USA;  (M.N.G.)
5606572	Aparna_Krishnavahjala	Department of Pediatrics, National School of Tropical Medicine, Baylor College of Medicine, Houston, 77030 TX, USA;  (M.N.G.)
5606572	Melissa N._Garcia	Department of Pediatrics, National School of Tropical Medicine, Baylor College of Medicine, Houston, 77030 TX, USA;  (M.N.G.)
5606572	Sergio_Bermudez	Departamento de Investigaci&#xF3;n en Entomolog&#xED;a M&#xE9;dica, Instituto Conmemorativo Gorgas de Estudios de la Salud, P.O. Box 816-02593, City of Panama, Panama; 
4945796	Luke C._Kingry	Division of Vector-Borne Diseases, Bacterial Diseases Branch, Centers for Disease Control and Prevention, Fort Collins, Colorado, USA        
4945796	Dhwani_Batra	Division of Scientific Resources, Biotechnology Core Facility Branch, Centers for Disease Control and Prevention, Atlanta, Georgia, USA        
4945796	Adam_Replogle	Division of Vector-Borne Diseases, Bacterial Diseases Branch, Centers for Disease Control and Prevention, Fort Collins, Colorado, USA        
4945796	Christopher_Sexton	Division of Vector-Borne Diseases, Bacterial Diseases Branch, Centers for Disease Control and Prevention, Fort Collins, Colorado, USA        
4945796	Lori_Rowe	Division of Scientific Resources, Biotechnology Core Facility Branch, Centers for Disease Control and Prevention, Atlanta, Georgia, USA        
4945796	Benjamin M._Stermole	Eglin Hospital, Eglin Air Force Base, Florida, USA         
4945796	Anna M._Christensen	Eglin Hospital, Eglin Air Force Base, Florida, USA         
4945796	Martin E._Schriefer	Division of Vector-Borne Diseases, Bacterial Diseases Branch, Centers for Disease Control and Prevention, Fort Collins, Colorado, USA        
4785029	Jiwei_Zhu	Department of Entomology, North Carolina State University, Raleigh, North Carolina, 27695, United States of America
4785029	Sayed M._Khalil	Department of Entomology, North Carolina State University, Raleigh, North Carolina, 27695, United States of America
4785029	Robert D._Mitchell	Department of Entomology, North Carolina State University, Raleigh, North Carolina, 27695, United States of America
4785029	Brooke W._Bissinger	Department of Entomology, North Carolina State University, Raleigh, North Carolina, 27695, United States of America
4785029	Noble_Egekwu	Department of Biological Sciences, Old Dominion University, Norfolk, Virginia, 23529, United States of America
4785029	Daniel E._Sonenshine	Department of Biological Sciences, Old Dominion University, Norfolk, Virginia, 23529, United States of America
4785029	R. Michael_Roe	Department of Entomology, North Carolina State University, Raleigh, North Carolina, 27695, United States of America
4783000	Taylor G._Donaldson	UNKNOWN
4783000	Adalberto A_P&#xE8;rez de Le&#xF3;n	UNKNOWN
4783000	Andrew Y._Li	UNKNOWN
4783000	Ivan_Castro-Arellano	UNKNOWN
4783000	Edward_Wozniak	UNKNOWN
4783000	William K._Boyle	UNKNOWN
4783000	Reid_Hargrove	UNKNOWN
4783000	Hannah K._Wilder	UNKNOWN
4783000	Hee J._Kim	UNKNOWN
4783000	Pete D._Teel	UNKNOWN
4783000	Job E._Lopez	UNKNOWN
4765964	Tammi L._Johnson	Division of Biological Sciences, University of Montana, Missoula, Montana, United States of America
4765964	Erin L._Landguth	Division of Biological Sciences, University of Montana, Missoula, Montana, United States of America
4765964	Emily F._Stone	Department of Mathematical Sciences, University of Montana, Missoula, Montana, United States of America
4748124	Monika_Gulia-Nuss	Department of Entomology, Purdue University, West Lafayette, Indiana 47907, USA
4748124	Andrew B._Nuss	Department of Entomology, Purdue University, West Lafayette, Indiana 47907, USA
4748124	Jason M._Meyer	Department of Entomology, Purdue University, West Lafayette, Indiana 47907, USA
4748124	Daniel E._Sonenshine	Department of Biological Sciences, Old Dominion University, Norfolk, Virginina 23529, USA
4748124	R. Michael_Roe	Department of Entomology, North Carolina State University, Raleigh, North Carolina 27695, USA
4748124	Robert M._Waterhouse	Department of Genetic Medicine and Development, University of Geneva Medical School, Geneva 1211, Switzerland
4748124	David B._Sattelle	Centre for Respiratory Biology, UCL Respiratory Department, Division of Medicine, University College London, Rayne Building, 5 University Street, London WC1E 6JF, UK
4748124	Jos&#xE9;_de la Fuente	SaBio, Instituto de Investigaci&#xF3;n en Recursos Cineg&#xE9;ticos, IREC-CSIC-UCLM-JCCM, Ronda de Toledo sn, Ciudad Real 13005, Spain
4748124	Jose M._Ribeiro	Laboratory of Malaria and Vector Research, NIAID, Rockville, Maryland 20852, USA
4748124	Karine_Megy	VectorBase/EMBL-EBI, Wellcome Trust Genome Campus, Cambridge CB10 1SD, UK
4748124	Jyothi_Thimmapuram	Bioinformatics Core, Purdue University, West Lafayette, Indiana 47907, USA
4748124	Jason R._Miller	J. Craig Venter Institute, Rockville, Maryland 20850, USA
4748124	Brian P._Walenz	J. Craig Venter Institute, Rockville, Maryland 20850, USA
4748124	Sergey_Koren	J. Craig Venter Institute, Rockville, Maryland 20850, USA
4748124	Jessica B._Hostetler	J. Craig Venter Institute, Rockville, Maryland 20850, USA
4748124	Mathangi_Thiagarajan	J. Craig Venter Institute, Rockville, Maryland 20850, USA
4748124	Vinita S._Joardar	J. Craig Venter Institute, Rockville, Maryland 20850, USA
4748124	Linda I._Hannick	J. Craig Venter Institute, Rockville, Maryland 20850, USA
4748124	Shelby_Bidwell	J. Craig Venter Institute, Rockville, Maryland 20850, USA
4748124	Martin P._Hammond	VectorBase/EMBL-EBI, Wellcome Trust Genome Campus, Cambridge CB10 1SD, UK
4748124	Sarah_Young	Genome Sequencing and Analysis Program, Broad Institute, Cambridge, Massachusetts 02142, USA
4748124	Qiandong_Zeng	Genome Sequencing and Analysis Program, Broad Institute, Cambridge, Massachusetts 02142, USA
4748124	Jenica L._Abrudan	Department of Biological Sciences, University of Notre Dame, Notre Dame, Indiana 46556, USA
4748124	Francisca C._Almeida	Departament de Gen&#xE8;tica &amp; Institut de Recerca de la Biodiversitat (IRBio), Universitat de Barcelona, Barcelona E-08028, Spain
4748124	Nieves_Ayll&#xF3;n	SaBio, Instituto de Investigaci&#xF3;n en Recursos Cineg&#xE9;ticos, IREC-CSIC-UCLM-JCCM, Ronda de Toledo sn, Ciudad Real 13005, Spain
4748124	Ketaki_Bhide	Bioinformatics Core, Purdue University, West Lafayette, Indiana 47907, USA
4748124	Brooke W._Bissinger	Department of Entomology, North Carolina State University, Raleigh, North Carolina 27695, USA
4748124	Elena_Bonzon-Kulichenko	Vascular Physiopathology, Centro Nacional de Investigaciones Cardiovasculares, Madrid 28029, Spain
4748124	Steven D._Buckingham	Centre for Respiratory Biology, UCL Respiratory Department, Division of Medicine, University College London, Rayne Building, 5 University Street, London WC1E 6JF, UK
4748124	Daniel R._Caffrey	Department of Medicine, Division of Infectious Diseases, University of Massachusetts Medical School, Worcester, Massachusetts 01605, USA
4748124	Melissa J._Caimano	Department of Medicine, University of Connecticut Health Center, Farmington, Connecticut 06030, USA
4748124	Vincent_Croset	Center for Integrative Genomics, Faculty of Biology and Medicine, University of Lausanne, Lausanne CH-1015, Switzerland
4748124	Timothy_Driscoll	Genetics, Bioinformatics, and Computational Biology Program, Virginia Bioinformatics Institute at Virginia Tech, Blacksburg, Virginia 24061, USA
4748124	Don_Gilbert	Department of Biology, Indiana University, Bloomington, Indiana 47405, USA
4748124	Joseph J._Gillespie	Genetics, Bioinformatics, and Computational Biology Program, Virginia Bioinformatics Institute at Virginia Tech, Blacksburg, Virginia 24061, USA
4748124	Gloria I._Giraldo-Calder&#xF3;n	Department of Entomology, Purdue University, West Lafayette, Indiana 47907, USA
4748124	Jeffrey M._Grabowski	Department of Entomology, Purdue University, West Lafayette, Indiana 47907, USA
4748124	David_Jiang	Department of Biochemistry, Virginia Tech, Blacksburg, Virginia 24061, USA
4748124	Sayed M. S._Khalil	Department of Microbial Molecular Biology, Agricultural Genetic Engineering Research Institute, Giza 12619, Egypt
4748124	Donghun_Kim	Department of Entomology, Texas A&amp;M University, College Station, Texas 77843, USA
4748124	Katherine M._Kocan	Department of Veterinary Pathobiology, Center for Veterinary Health Sciences, Oklahoma State University, 250 McElroy Hall, Stillwater, Oklahama 74078, USA
4748124	Juraj_Ko&#x10D;i	Department of Entomology, Kansas State University, Manhattan, Kansas 66506, USA
4748124	Richard J._Kuhn	Department Biological Sciences, Markey Center for Structural Biology, Purdue University, West Lafayette, Indiana 47907, USA
4748124	Timothy J._Kurtti	Department of Entomology, University of Minnesota, St Paul, Minnesota 55108, USA
4748124	Kristin_Lees	Department of Neurosystems, Faculty of Life Sciences, University of Manchester, Manchester M13 9PT, UK
4748124	Emma G._Lang	Department of Entomology, Purdue University, West Lafayette, Indiana 47907, USA
4748124	Ryan C._Kennedy	Department of Bioengineering and Therapeutic Sciences, University of California, San Francisco, California 94143, USA
4748124	Hyeogsun_Kwon	Department of Entomology, Texas A&amp;M University, College Station, Texas 77843, USA
4748124	Rushika_Perera	Department Biological Sciences, Markey Center for Structural Biology, Purdue University, West Lafayette, Indiana 47907, USA
4748124	Yumin_Qi	Department of Biochemistry, Virginia Tech, Blacksburg, Virginia 24061, USA
4748124	Justin D._Radolf	Department of Medicine, University of Connecticut Health Center, Farmington, Connecticut 06030, USA
4748124	Joyce M._Sakamoto	Department of Entomology, The Pennsylvania State University, University Park, Pennsylvania 16802, USA
4748124	Alejandro_S&#xE1;nchez-Gracia	Departament de Gen&#xE8;tica &amp; Institut de Recerca de la Biodiversitat (IRBio), Universitat de Barcelona, Barcelona E-08028, Spain
4748124	Maiara S._Severo	Department of Entomology, Center for Disease Vector Research, University of California, Riverside, California 92506, USA
4748124	Neal_Silverman	Department of Medicine, Division of Infectious Diseases, University of Massachusetts Medical School, Worcester, Massachusetts 01605, USA
4748124	Ladislav_&#x160;imo	Department of Entomology, Kansas State University, Manhattan, Kansas 66506, USA
4748124	Marta_Tojo	Department of Pathology, Cambridge Genomic Services, University of Cambridge, Cambridge CB2 1QP, UK
4748124	Cristian_Tornador	Department of Experimental and Health Sciences, Universidad Pompeu Fabra, Barcelona 08003, Spain
4748124	Janice P._Van Zee	Department of Entomology, Purdue University, West Lafayette, Indiana 47907, USA
4748124	Jes&#xFA;s_V&#xE1;zquez	Vascular Physiopathology, Centro Nacional de Investigaciones Cardiovasculares, Madrid 28029, Spain
4748124	Filipe G._Vieira	Departament de Gen&#xE8;tica &amp; Institut de Recerca de la Biodiversitat (IRBio), Universitat de Barcelona, Barcelona E-08028, Spain
4748124	Margarita_Villar	SaBio, Instituto de Investigaci&#xF3;n en Recursos Cineg&#xE9;ticos, IREC-CSIC-UCLM-JCCM, Ronda de Toledo sn, Ciudad Real 13005, Spain
4748124	Adam R._Wespiser	Department of Medicine, Division of Infectious Diseases, University of Massachusetts Medical School, Worcester, Massachusetts 01605, USA
4748124	Yunlong_Yang	Department of Entomology, Texas A&amp;M University, College Station, Texas 77843, USA
4748124	Jiwei_Zhu	Department of Entomology, North Carolina State University, Raleigh, North Carolina 27695, USA
4748124	Peter_Arensburger	Department of Biological Sciences, California State Polytechnic University, Pomona, California 91768, USA
4748124	Patricia V._Pietrantonio	Department of Entomology, Texas A&amp;M University, College Station, Texas 77843, USA
4748124	Stephen C._Barker	Parasitology Section, School of Chemistry &amp; Molecular Biosciences, University of Queensland, Brisbane, Queensland 4072, Australia
4748124	Renfu_Shao	GeneCology Research Centre, Faculty of Science, Health, Education and Engineering, University of the Sunshine Coast, Maroochydore, Queensland 4556, Australia
4748124	Evgeny M._Zdobnov	Department of Genetic Medicine and Development, University of Geneva Medical School, Geneva 1211, Switzerland
4748124	Frank_Hauser	Department of Biology, Center for Functional and Comparative Insect Genomics, University of Copenhagen, Copenhagen DK-2100, Denmark
4748124	Cornelis J. P._Grimmelikhuijzen	Department of Biology, Center for Functional and Comparative Insect Genomics, University of Copenhagen, Copenhagen DK-2100, Denmark
4748124	Yoonseong_Park	Department of Entomology, Kansas State University, Manhattan, Kansas 66506, USA
4748124	Julio_Rozas	Departament de Gen&#xE8;tica &amp; Institut de Recerca de la Biodiversitat (IRBio), Universitat de Barcelona, Barcelona E-08028, Spain
4748124	Richard_Benton	Center for Integrative Genomics, Faculty of Biology and Medicine, University of Lausanne, Lausanne CH-1015, Switzerland
4748124	Joao H. F._Pedra	Department of Entomology, Center for Disease Vector Research, University of California, Riverside, California 92506, USA
4748124	David R._Nelson	Department of Microbiology, Immunology &amp; Biochemistry, University of Tennessee Health Science Center, Memphis, Tennessee 38163, USA
4748124	Maria F._Unger	Department of Biological Sciences, University of Notre Dame, Notre Dame, Indiana 46556, USA
4748124	Jose M. C._Tubio	Cancer Genome Project, Wellcome Trust Sanger Institute, Hinxton CB10 1SA, UK
4748124	Zhijian_Tu	Department of Biochemistry, Virginia Tech, Blacksburg, Virginia 24061, USA
4748124	Hugh M._Robertson	Department of Entomology, University of Illinois at Urbana-Champaign, Urbana, Illinois 61801, USA
4748124	Martin_Shumway	J. Craig Venter Institute, Rockville, Maryland 20850, USA
4748124	Granger_Sutton	J. Craig Venter Institute, Rockville, Maryland 20850, USA
4748124	Jennifer R._Wortman	J. Craig Venter Institute, Rockville, Maryland 20850, USA
4748124	Daniel_Lawson	VectorBase/EMBL-EBI, Wellcome Trust Genome Campus, Cambridge CB10 1SD, UK
4748124	Stephen K._Wikel	Department of Medical Sciences, Frank H. Netter MD School of Medicine at Quinnipiac University, Hamden, Connecticut 06518, USA
4748124	Vishvanath M._Nene	J. Craig Venter Institute, Rockville, Maryland 20850, USA
4748124	Claire M._Fraser	Institute for Genome Sciences, University of Maryland, School of Medicine, Baltimore, Maryland 21201, USA
4748124	Frank H._Collins	Department of Biological Sciences, University of Notre Dame, Notre Dame, Indiana 46556, USA
4748124	Bruce_Birren	The Broad Institute of MIT and Harvard, Cambridge, Massachusetts 02142, USA
4748124	Karen E._Nelson	J. Craig Venter Institute, Rockville, Maryland 20850, USA
4748124	Elisabet_Caler	J. Craig Venter Institute, Rockville, Maryland 20850, USA
4748124	Catherine A._Hill	Department of Entomology, Purdue University, West Lafayette, Indiana 47907, USA
4741519	Hannah K._Wilder	Department of Pediatrics, Section of Tropical Medicine, Baylor College of Medicine and Texas Children&#x2019;s Hospital, Houston, Texas, United States of America
4741519	Sandra J._Raffel	Laboratory of Zoonotic Pathogens, Rocky Mountain Laboratories, National Institute of Allergy and Infectious Diseases, National Institutes of Health, Hamilton, Montana, United States of America
4741519	Alan G._Barbour	Departments of Microbiology &amp; Molecular Genetics, Medicine, and Ecology and Evolutionary Biology, University of California Irvine, Irvine, California, United States of America
4741519	Stephen F._Porcella	Genomics Unit, Research Technologies Section, Rocky Mountain Laboratories, National Institute of Allergy and Infectious Diseases, National Institutes of Health, Hamilton, Montana, United States of America
4741519	Daniel E._Sturdevant	Genomics Unit, Research Technologies Section, Rocky Mountain Laboratories, National Institute of Allergy and Infectious Diseases, National Institutes of Health, Hamilton, Montana, United States of America
4741519	Benjamin_Vaisvil	Igenbio, Inc., Chicago, IL, United States of America
4741519	Vinayak_Kapatral	Igenbio, Inc., Chicago, IL, United States of America
4741519	Daniel P._Schmitt	Igenbio, Inc., Chicago, IL, United States of America
4741519	Tom G._Schwan	Laboratory of Zoonotic Pathogens, Rocky Mountain Laboratories, National Institute of Allergy and Infectious Diseases, National Institutes of Health, Hamilton, Montana, United States of America
4741519	Job E._Lopez	Department of Pediatrics, Section of Tropical Medicine, Baylor College of Medicine and Texas Children&#x2019;s Hospital, Houston, Texas, United States of America
4734830	Taylor G._Donaldson	Department of Entomology, Texas A&amp;M AgriLife Research, College Station, Texas, United States of America
4734830	Adalberto A._P&#xE8;rez de Le&#xF3;n	United States Department of Agriculture&#x2013;Agricultural Research Service, Knipling-Bushland U.S. Livestock Insects Research Laboratory and Veterinary Pest Genomics Center, Kerrville, Texas, United States of America
4734830	Andrew I._Li	United States Department of Agriculture&#x2013;Agricultural Research Service, Invasive Insects Biocontrol and Behavior Laboratory, Beltsville, Maryland
4734830	Ivan_Castro-Arellano	Department of Biology, Texas State University, San Marcos, Texas, United States of America
4734830	Edward_Wozniak	Texas State Guard, Medical Brigade, Uvalde, Texas, United States of America
4734830	William K._Boyle	Department of Biological Sciences, Mississippi State University, Starkville, Mississippi, United States of America
4734830	Reid_Hargrove	Department of Biological Sciences, Mississippi State University, Starkville, Mississippi, United States of America
4734830	Hannah K._Wilder	Department of Pediatrics, National School of Tropical Medicine, Baylor College of Medicine, Houston, Texas, United States of America
4734830	Hee J._Kim	Department of Entomology, Texas A&amp;M AgriLife Research, College Station, Texas, United States of America
4734830	Pete D._Teel	Department of Entomology, Texas A&amp;M AgriLife Research, College Station, Texas, United States of America
4734830	Job E._Lopez	Department of Biological Sciences, Mississippi State University, Starkville, Mississippi, United States of America
4618142	Benjamin J._Krajacich	Present address: Department of Microbiology, Immunology &amp; Pathology, College of Veterinary Medicine &amp; Biomedical Sciences, Colorado State University, Fort Collins, CO USA 
4618142	Job E._Lopez	Departments of Pediatrics and Molecular Virology &amp; Microbiology, Baylor College of Medicine, Houston, TX USA 
4618142	Sandra J._Raffel	Laboratory of Zoonotic Pathogens, Rocky Mountain Laboratories, National Institute of Allergy and Infectious Diseases, National Institutes of Health, 903&#xA0;S. 4th Street, Hamilton, MT 59840-2932 USA 
4618142	Tom G._Schwan	Laboratory of Zoonotic Pathogens, Rocky Mountain Laboratories, National Institute of Allergy and Infectious Diseases, National Institutes of Health, 903&#xA0;S. 4th Street, Hamilton, MT 59840-2932 USA 
4569400	Rita_Ribeiro	Centre for Interdisciplinary Research in Animal Health (CIISA), Faculty of Veterinary Medicine, University of Lisbon, Lisbon, Portugal
4569400	Joachim_Otte	FAO Regional Office for Asia and the Pacific, 39 Phra-Atit Road, 10200 Bangkok, Thailand
4569400	Sara_Madeira	Centre for Interdisciplinary Research in Animal Health (CIISA), Faculty of Veterinary Medicine, University of Lisbon, Lisbon, Portugal
4569400	Geoff H._Hutchings	The Pirbright Laboratory, Institute for Animal Health, Ash Road, Woking, Surrey, GU24 0NF, United Kingdom
4569400	Fernando_Boinas	Centre for Interdisciplinary Research in Animal Health (CIISA), Faculty of Veterinary Medicine, University of Lisbon, Lisbon, Portugal
4540281	Michael J._Turell	Virology Division, U.S. Army Medical Research Institute of Infectious Diseases, Fort Detrick, Maryland, United States of America
4450247	Bonto_Faburay	Department of Diagnostic Medicine/Pathobiology, College of Veterinary Medicine, Kansas State University, Manhattan, KS, USA
4391787	Hannah K._Wilder	Department of Pediatrics, Section of Tropical Medicine, Baylor College of Medicine and Texas Children&#x2019;s Hospital, Houston, Texas, United States of America
4391787	Edward_Wozniak	Texas State Guard, Medical Brigade, Uvalde, Texas, United States of America
4391787	Elizabeth_Huddleston	Department of Biological Sciences, Mississippi State University, Starkville, Mississippi, United States of America
4391787	Sri Ramya_Tata	Department of Chemistry, Mississippi State University, Starkville, Mississippi, United States of America
4391787	Nicholas C._Fitzkee	Department of Chemistry, Mississippi State University, Starkville, Mississippi, United States of America
4391787	Job E._Lopez	Department of Pediatrics, Section of Tropical Medicine, Baylor College of Medicine and Texas Children&#x2019;s Hospital, Houston, Texas, United States of America
4774835	Jos&#xE9;_Brites-Neto	Department of Public Health, Americana, S&#xE3;o Paulo, Brazil
4774835	Keila Maria Roncato_Duarte	Department of Genetics and Animal Reproduction, Institute of Animal Science, Nova Odessa, S&#xE3;o Paulo, Brazil
4774835	Thiago Fernandes_Martins	Department of Preventive Veterinary Medicine, Faculty of Veterinary Medicine and Animal Sciences, University of S&#xE3;o Paulo, S&#xE3;o Paulo, Brazil
4359563	Hameeda_Sultana	Center for Molecular Medicine, College of Sciences, Old Dominion University, Norfolk, 23529 VA USA 
4359563	Unnati_Patel	Department of Biological Sciences, Old Dominion University, Norfolk, 23529 VA USA 
4359563	Daniel E_Sonenshine	Department of Biological Sciences, Old Dominion University, Norfolk, 23529 VA USA 
4359563	Girish_Neelakanta	Center for Molecular Medicine, College of Sciences, Old Dominion University, Norfolk, 23529 VA USA 
4313656	Joshua_Christensen	UNKNOWN
4313656	Robert J._Fischer	UNKNOWN
4313656	Brandi N._McCoy	UNKNOWN
4313656	Sandra J._Raffel	UNKNOWN
4313656	Tom G._Schwan	UNKNOWN
4584558	Joseph D._Forrester	Epidemic Intelligence Service, CDC
4584558	Anne M._Kjemtrup	Division of Communicable Disease Control, California Department of Public Health
4584558	Curtis L._Fritz	Division of Communicable Disease Control, California Department of Public Health
4584558	Nicola_Marsden-Haug	Office of Communicable Disease Epidemiology, Washington State Department of Health
4584558	Janell B._Nichols	Colorado Department of Public Health and Environment
4584558	Leslie A._Tengelsen	Idaho Department of Health and Welfare
4584558	Rick_Sowadsky	Nevada Division of Public and Behavioral Health
4584558	Emilio_DeBess	Oregon Department of Human Services
4584558	Paul R._Cieslak	Oregon Department of Human Services
4584558	Joli_Weiss	Arizona Department of Health Services
4584558	Nicole_Evert	Texas Department of State Health Services
4584558	Paul_Ettestad	Epidemiology and Response Division, New Mexico Department of Health
4584558	Chad_Smelser	Epidemiology and Response Division, New Mexico Department of Health
4584558	Jonathan_Iralu	Indian Health Service, Gallup Indian Medical Center
4584558	Randall J._Nett	Division of State and Local Readiness
4584558	Elton_Mosher	Montana Department of Public Health and Human Services
4584558	JoDee Summers_Baker	Division of Disease Control and Prevention, Utah Department of Health
4584558	Clay_Van Houten	Wyoming Department of Health
4584558	Emily_Thorp	Wyoming Department of Health
4584558	Aimee L._Geissler	Career Epidemiology Field Officer
4584558	Kiersten_Kugeler	Division of Vector-Borne Diseases, National Center for Emerging and Zoonotic Infectious Disease, CDC
4584558	Paul_Mead	Division of Vector-Borne Diseases, National Center for Emerging and Zoonotic Infectious Disease, CDC
4429137	Girish_Neelakanta	Center for Molecular Medicine, Department of Biological Sciences, Old Dominion University, Norfolk, VA 23529 USA 
4429137	Hameeda_Sultana	Center for Molecular Medicine, Department of Biological Sciences, Old Dominion University, Norfolk, VA 23529 USA 
7158346	James H._Diaz	Muriel G. and George W. Singer Professor of Translational Medicine, Professor of Microbiology, Director, Human Microbiome Program, Departments of Medicine and Microbiology, New York University School of Medicine, Langone Medical Center, New York, New York
3974661	William K._Boyle	Department of Biological Sciences, Mississippi State University, Starkville, Mississippi, United States of America
3974661	Hannah K._Wilder	Department of Biological Sciences, Mississippi State University, Starkville, Mississippi, United States of America
3974661	Amanda M._Lawrence	Institute for Imaging and Analytical Technologies, Mississippi State University, Starkville, Mississippi, United States of America
3974661	Job E._Lopez	Department of Biological Sciences, Mississippi State University, Starkville, Mississippi, United States of America
3817255	Jean-Fran&#xE7;ois_Trape	Institut de recherche pour le d&#xE9;veloppement, Laboratoire de Paludologie Et Zoologie M&#xE9;dicale, Dakar, Senegal
3817255	Georges_Diatta	Institut de recherche pour le d&#xE9;veloppement, Laboratoire de Paludologie Et Zoologie M&#xE9;dicale, Dakar, Senegal
3817255	C&#xE9;line_Arnathau	Institut de Recherche pour le D&#xE9;veloppement, UMR (CNRS IRD) MIVEGEC, Montpellier, France
3817255	Idir_Bitam	Institut Pasteur d&#x2019;Alg&#xE9;rie, Laboratoire d&#x2019;&#xC9;cologie des Syst&#xE8;mes Vectoriels, Algiers, Algeria
3817255	M&#x2019;hammed_Sarih	Institut Pasteur du Maroc, Laboratoire des Maladies Vectorielles, Casablanca, Morocco
3817255	Driss_Belghyti	Universit&#xE9; Ibn Tofail, D&#xE9;partement de Biologie, Facult&#xE9; des Sciences, K&#xE9;nitra, Morocco
3817255	Ali_Bouattour	Institut Pasteur de Tunis, Service d&#x2019;Entomologie M&#xE9;dicale, Tunis, Tunisia
3817255	Eric_Elguero	Institut de Recherche pour le D&#xE9;veloppement, UMR (CNRS IRD) MIVEGEC, Montpellier, France
3817255	Laurence_Vial	Institut de recherche pour le d&#xE9;veloppement, Laboratoire de Paludologie Et Zoologie M&#xE9;dicale, Dakar, Senegal
3817255	Youssouph_Man&#xE9;	Institut de recherche pour le d&#xE9;veloppement, Laboratoire de Paludologie Et Zoologie M&#xE9;dicale, Dakar, Senegal
3817255	Cellou_Bald&#xE9;	Institut Pasteur de Guin&#xE9;e, Laboratoire d&#x2019;Entomologie M&#xE9;dicale et de V&#xE9;nimologie, Kindia, Guinea
3817255	Franck_Pugnolle	Institut de Recherche pour le D&#xE9;veloppement, UMR (CNRS IRD) MIVEGEC, Montpellier, France
3817255	Gilles_Chauvancy	Institut de recherche pour le d&#xE9;veloppement, Laboratoire de Paludologie Et Zoologie M&#xE9;dicale, Dakar, Senegal
3817255	Gil_Mah&#xE9;	Institut de Recherche pour le D&#xE9;veloppement, UMR Hydrosciences, Montpellier, France
3817255	Laurent_Granjon	Institut de Recherche pour le D&#xE9;veloppement, Centre de Biologie et de Gestion des Populations, Dakar, Senegal
3817255	Jean-Marc_Duplantier	Institut de Recherche pour le D&#xE9;veloppement, Centre de Biologie et de Gestion des Populations, Dakar, Senegal
3817255	Patrick_Durand	Institut de Recherche pour le D&#xE9;veloppement, UMR (CNRS IRD) MIVEGEC, Montpellier, France
3817255	Fran&#xE7;ois_Renaud	Institut de Recherche pour le D&#xE9;veloppement, UMR (CNRS IRD) MIVEGEC, Montpellier, France
3814808	Job E._Lopez	Department of Biological Sciences, Mississippi State University, Starkville, Mississippi, United States of America
3814808	Hannah K._Wilder	Department of Biological Sciences, Mississippi State University, Starkville, Mississippi, United States of America
3814808	Reid_Hargrove	Department of Biological Sciences, Mississippi State University, Starkville, Mississippi, United States of America
3814808	Christopher P._Brooks	Department of Biological Sciences, Mississippi State University, Starkville, Mississippi, United States of America
3814808	Karin E._Peterson	Laboratory of Persistent Viral Diseases, Rocky Mountain Laboratories, National Institute of Allergy and Infectious Diseases, National Institutes of Health, Hamilton, Montana, United States of America
3814808	Paul A._Beare	Laboratory of Intracellular Parasites, Rocky Mountain Laboratories, National Institute of Allergy and Infectious Diseases, National Institutes of Health, Hamilton, Montana, United States of America
3814808	Daniel E._Sturdevant	Research Technologies Branch, Rocky Mountain Laboratories, National Institute of Allergy and Infectious Diseases, National Institutes of Health, Hamilton, Montana, United States of America
3814808	Vijayaraj_Nagarajan	Bioinformatics and Computational Biosciences Branch, Office of Cyber Infrastructure and Computational Biology, National Institute of Allergy and Infectious Diseases, National Institute of Health, Bethesda, Maryland, United States of America
3814808	Sandra J._Raffel	Laboratory of Zoonotic Pathogens, Rocky Mountain Laboratories, National Institute of Allergy and Infectious Diseases, National Institutes of Health, Hamilton, Montana, United States of America
3814808	Tom G._Schwan	Laboratory of Zoonotic Pathogens, Rocky Mountain Laboratories, National Institute of Allergy and Infectious Diseases, National Institutes of Health, Hamilton, Montana, United States of America
3777926	Job E._Lopez	Department of Biological Sciences, Mississippi State University, Starkville, Mississippi, United States of America
3777926	Hannah K._Wilder	Department of Biological Sciences, Mississippi State University, Starkville, Mississippi, United States of America
3777926	William_Boyle	Department of Biological Sciences, Mississippi State University, Starkville, Mississippi, United States of America
3777926	L. Brock_Drumheller	Department of Biological Sciences, Mississippi State University, Starkville, Mississippi, United States of America
3777926	Justin A._Thornton	Department of Biological Sciences, Mississippi State University, Starkville, Mississippi, United States of America
3777926	Bridget_Willeford	Department of Laboratory Animal Resources and Care, College of Veterinary Medicine, Mississippi State University, Starkville, Mississippi, United States of America
3777926	Timothy W._Morgan	Department of Pathobiology and Population Medicine, College of Veterinary Medicine, Mississippi State University, Starkville, Mississippi, United States of America
3777926	Andrea_Varela-Stokes	Department of Basic Sciences, College of Veterinary Medicine, Mississippi State University, Starkville, Mississippi, United States of America
3774714	Petra G._Buettner	School of Public Health, Tropical Medicine and Rehabilitation Sciences, James Cook University, Townsville, Australia
3774714	David A._Westcott	CSIRO Ecosystem Sciences, Atherton, Queensland, Australia
3774714	Jennefer_Maclean	Tolga Bat Hospital, Atherton, Australia
3774714	Lawrence_Brown	School of Public Health, Tropical Medicine and Rehabilitation Sciences, James Cook University, Townsville, Australia
3774714	Adam_McKeown	CSIRO Ecosystem Sciences, Atherton, Queensland, Australia
3774714	Ashleigh_Johnson	Tolga Bat Hospital, Atherton, Australia
3774714	Karen_Wilson	School of Public Health, Tropical Medicine and Rehabilitation Sciences, James Cook University, Townsville, Australia
3774714	David_Blair	School of Marine and Tropical Biology, James Cook University, Townsville, Australia
3774714	Jonathan_Luly	School of Earth and Environmental Sciences, James Cook University, Townsville, Australia
3774714	Lee_Skerratt	School of Public Health, Tropical Medicine and Rehabilitation Sciences, James Cook University, Townsville, Australia
3774714	Reinhold_Muller	School of Public Health, Tropical Medicine and Rehabilitation Sciences, James Cook University, Townsville, Australia
3774714	Richard_Speare	School of Public Health, Tropical Medicine and Rehabilitation Sciences, James Cook University, Townsville, Australia
3635114	&#xD6;zlem_&#xD6;nder	Department of Biology, University of Pennsylvania, Philadelphia, Pennsylvania 19014-6019, USA
3635114	Wenguang_Shao	Bioengineering Graduate Program, Division of Biomedical Engineering, The Hong Kong University of Science and Technology, Clear Water Bay, Hong Kong, China
3635114	Brian D._Kemps	Department of Biology, University of Pennsylvania, Philadelphia, Pennsylvania 19014-6019, USA
3635114	Henry_Lam	Bioengineering Graduate Program, Division of Biomedical Engineering, The Hong Kong University of Science and Technology, Clear Water Bay, Hong Kong, China
3635114	Dustin_Brisson	Department of Biology, University of Pennsylvania, Philadelphia, Pennsylvania 19014-6019, USA
3481739	J_Rafinejad	Dept. of Medical Entomology and Vector Control, School of Public Health, Tehran University of Medical Sciences, Tehran, Iran
3481739	N_Choubdar	Dept. of Medical Entomology and Vector Control, School of Public Health, Tehran University of Medical Sciences, Tehran, Iran
3481739	MA_Oshaghi	Dept. of Medical Entomology and Vector Control, School of Public Health, Tehran University of Medical Sciences, Tehran, Iran
3481739	N_Piazak	Dept. of Parasitology, Pasteur Institute of Iran, Tehran, Iran
3481739	T_Satvat	Dept. of Medical Parasitology, School of Public Health, Tehran University of Medical Sciences, Tehran, Iran
3481739	F_Mohtarami	Dept. of Medical Entomology and Vector Control, School of Public Health, Tehran University of Medical Sciences, Tehran, Iran
3481739	A_Barmaki	Dept. of Medical Entomology and Vector Control, School of Public Health, Tehran University of Medical Sciences, Tehran, Iran
7119992	Zdenek_Hub&#xE1;lek	grid.418095.10000000110153316Institute of Vertebrate Biology, v.v.i., Academy of Sciences of the Czech Republic, 60365 Brno, Czech Republic 
7119992	Ivo_Rudolf	grid.418095.10000000110153316Institute of Vertebrate Biology, v.v.i., Academy of Sciences of the Czech Republic, 60365 Brno, Czech Republic 
3091747	Scott R_Cornman	USDA-ARS, Bee Research Laboratory, 10300 Baltimore Ave., Beltsville, MD 20705 USA
3091747	Michael C_Schatz	Center for Bioinformatics and Computational Biology, University of Maryland, College Park, MD 20742 USA
3091747	Spencer J_Johnston	Department of Entomology, Texas A&amp;M University, College Station, TX 77843 USA
3091747	Yan-Ping_Chen	USDA-ARS, Bee Research Laboratory, 10300 Baltimore Ave., Beltsville, MD 20705 USA
3091747	Jeff_Pettis	USDA-ARS, Bee Research Laboratory, 10300 Baltimore Ave., Beltsville, MD 20705 USA
3091747	Greg_Hunt	USDA-ARS, Bee Research Laboratory, 10300 Baltimore Ave., Beltsville, MD 20705 USA
3091747	Lanie_Bourgeois	USDA-ARS, Honey Bee Research Laboratory, 1157 Ben Hur Rd., Baton Rouge, LA 70820 USA
3091747	Chris_Elsik	Department of Biology, Georgetown University, 37th and O Streets, NW, Washington, DC 20057 USA
3091747	Denis_Anderson	CSIRO Entomology, Black Mountain Laboratories, Clunies Ross Street, Black Mountain ACT 2601, Australia
3091747	Christina M_Grozinger	Department of Entomology, Penn State University, University Park, PA 16802 USA
3091747	Jay D_Evans	USDA-ARS, Bee Research Laboratory, 10300 Baltimore Ave., Beltsville, MD 20705 USA
7151805	O._Bouchaud	M&#xE9;decin, Charg&#xE9;e de cours, &#xE0; l'Institut Tropical Suisse, B&#xE2;le
7151805	P.-H._Consigny	M&#xE9;decin, Charg&#xE9;e de cours, &#xE0; l'Institut Tropical Suisse, B&#xE2;le
7151805	M._Cot	M&#xE9;decin, Charg&#xE9;e de cours, &#xE0; l'Institut Tropical Suisse, B&#xE2;le
7151805	S._Odermatt-Biays	M&#xE9;decin, Charg&#xE9;e de cours, &#xE0; l'Institut Tropical Suisse, B&#xE2;le
7151805	Olivier_Bouchaud	M&#xE9;decin, Charg&#xE9;e de cours, &#xE0; l'Institut Tropical Suisse, B&#xE2;le
7151805	Sophie_Odermatt-Biays	M&#xE9;decin, Charg&#xE9;e de cours, &#xE0; l'Institut Tropical Suisse, B&#xE2;le
7151805	Michel_Cot	M&#xE9;decin, Charg&#xE9;e de cours, &#xE0; l'Institut Tropical Suisse, B&#xE2;le
7151805	Paul-Henri_Consigny	M&#xE9;decin, Charg&#xE9;e de cours, &#xE0; l'Institut Tropical Suisse, B&#xE2;le
7151805	Michel_Cot	M&#xE9;decin, Charg&#xE9;e de cours, &#xE0; l'Institut Tropical Suisse, B&#xE2;le
7151805	Olivier_Bouchaud	M&#xE9;decin, Charg&#xE9;e de cours, &#xE0; l'Institut Tropical Suisse, B&#xE2;le
7151805	Sophie_Odermatt-Biays	M&#xE9;decin, Charg&#xE9;e de cours, &#xE0; l'Institut Tropical Suisse, B&#xE2;le
7151805	Michel_Cot	M&#xE9;decin, Charg&#xE9;e de cours, &#xE0; l'Institut Tropical Suisse, B&#xE2;le
7151805	Olivier_Bouchaud	M&#xE9;decin, Charg&#xE9;e de cours, &#xE0; l'Institut Tropical Suisse, B&#xE2;le
7151805	Sophie_Odermatt-Biays	M&#xE9;decin, Charg&#xE9;e de cours, &#xE0; l'Institut Tropical Suisse, B&#xE2;le
7151805	Paul-Henri_Consigny	M&#xE9;decin, Charg&#xE9;e de cours, &#xE0; l'Institut Tropical Suisse, B&#xE2;le
7151805	Olivier_Bouchaud	M&#xE9;decin, Charg&#xE9;e de cours, &#xE0; l'Institut Tropical Suisse, B&#xE2;le
7151805	Sophie_Odermatt-Biays	M&#xE9;decin, Charg&#xE9;e de cours, &#xE0; l'Institut Tropical Suisse, B&#xE2;le
7151805	Michel_Cot	M&#xE9;decin, Charg&#xE9;e de cours, &#xE0; l'Institut Tropical Suisse, B&#xE2;le
7151805	Paul-Henri_Consigny	M&#xE9;decin, Charg&#xE9;e de cours, &#xE0; l'Institut Tropical Suisse, B&#xE2;le
7151805	Michel_Cot	M&#xE9;decin, Charg&#xE9;e de cours, &#xE0; l'Institut Tropical Suisse, B&#xE2;le
7151805	Paul-Henri_Consigny	M&#xE9;decin, Charg&#xE9;e de cours, &#xE0; l'Institut Tropical Suisse, B&#xE2;le
7151805	Paul-Henri_Consigny	M&#xE9;decin, Charg&#xE9;e de cours, &#xE0; l'Institut Tropical Suisse, B&#xE2;le
7151805	Sophie_Odermatt-Biays	M&#xE9;decin, Charg&#xE9;e de cours, &#xE0; l'Institut Tropical Suisse, B&#xE2;le
7151805	Olivier_Bouchaud	M&#xE9;decin, Charg&#xE9;e de cours, &#xE0; l'Institut Tropical Suisse, B&#xE2;le
7151805	Paul-Henri_Consigny	M&#xE9;decin, Charg&#xE9;e de cours, &#xE0; l'Institut Tropical Suisse, B&#xE2;le
7151805	Paul-Henri_Consigny	M&#xE9;decin, Charg&#xE9;e de cours, &#xE0; l'Institut Tropical Suisse, B&#xE2;le
7151805	Olivier_Bouchaud	M&#xE9;decin, Charg&#xE9;e de cours, &#xE0; l'Institut Tropical Suisse, B&#xE2;le
7151805	Olivier_Bouchaud	M&#xE9;decin, Charg&#xE9;e de cours, &#xE0; l'Institut Tropical Suisse, B&#xE2;le
7151805	Olivier_Bouchaud	M&#xE9;decin, Charg&#xE9;e de cours, &#xE0; l'Institut Tropical Suisse, B&#xE2;le
7151805	Michel_Cot	M&#xE9;decin, Charg&#xE9;e de cours, &#xE0; l'Institut Tropical Suisse, B&#xE2;le
7151805	Michel_Cot	M&#xE9;decin, Charg&#xE9;e de cours, &#xE0; l'Institut Tropical Suisse, B&#xE2;le
7151805	Paul-Henri_Consigny	M&#xE9;decin, Charg&#xE9;e de cours, &#xE0; l'Institut Tropical Suisse, B&#xE2;le
7151805	Olivier_Bouchaud	M&#xE9;decin, Charg&#xE9;e de cours, &#xE0; l'Institut Tropical Suisse, B&#xE2;le
7151805	Olivier_Bouchaud	M&#xE9;decin, Charg&#xE9;e de cours, &#xE0; l'Institut Tropical Suisse, B&#xE2;le
7151805	Olivier_Bouchaud	M&#xE9;decin, Charg&#xE9;e de cours, &#xE0; l'Institut Tropical Suisse, B&#xE2;le
7151805	Paul-Henri_Consigny	M&#xE9;decin, Charg&#xE9;e de cours, &#xE0; l'Institut Tropical Suisse, B&#xE2;le
7151805	Paul-Henri_Consigny	M&#xE9;decin, Charg&#xE9;e de cours, &#xE0; l'Institut Tropical Suisse, B&#xE2;le
7151805	Paul-Henri_Consigny	M&#xE9;decin, Charg&#xE9;e de cours, &#xE0; l'Institut Tropical Suisse, B&#xE2;le
7151805	Michel_Cot	M&#xE9;decin, Charg&#xE9;e de cours, &#xE0; l'Institut Tropical Suisse, B&#xE2;le
7151805	Michel_Cot	M&#xE9;decin, Charg&#xE9;e de cours, &#xE0; l'Institut Tropical Suisse, B&#xE2;le
7151805	Michel_Cot	M&#xE9;decin, Charg&#xE9;e de cours, &#xE0; l'Institut Tropical Suisse, B&#xE2;le
7151805	Olivier_Bouchaud	M&#xE9;decin, Charg&#xE9;e de cours, &#xE0; l'Institut Tropical Suisse, B&#xE2;le
7151805	Paul-Henri_Consigny	M&#xE9;decin, Charg&#xE9;e de cours, &#xE0; l'Institut Tropical Suisse, B&#xE2;le
7151805	Olivier_Bouchaud	M&#xE9;decin, Charg&#xE9;e de cours, &#xE0; l'Institut Tropical Suisse, B&#xE2;le
7151805	Sophie_Odermatt-Biays	M&#xE9;decin, Charg&#xE9;e de cours, &#xE0; l'Institut Tropical Suisse, B&#xE2;le
7151805	Sophie_Odermatt-Biays	M&#xE9;decin, Charg&#xE9;e de cours, &#xE0; l'Institut Tropical Suisse, B&#xE2;le
7151805	Paul-Henri_Consigny	M&#xE9;decin, Charg&#xE9;e de cours, &#xE0; l'Institut Tropical Suisse, B&#xE2;le
7151805	Paul-Henri_Consigny	M&#xE9;decin, Charg&#xE9;e de cours, &#xE0; l'Institut Tropical Suisse, B&#xE2;le
7151805	Paul-Henri_Consigny	M&#xE9;decin, Charg&#xE9;e de cours, &#xE0; l'Institut Tropical Suisse, B&#xE2;le
7151805	Olivier_Bouchaud	M&#xE9;decin, Charg&#xE9;e de cours, &#xE0; l'Institut Tropical Suisse, B&#xE2;le
7151805	Paul-Henri_Consigny	M&#xE9;decin, Charg&#xE9;e de cours, &#xE0; l'Institut Tropical Suisse, B&#xE2;le
7151805	Paul-Henri_Consigny	M&#xE9;decin, Charg&#xE9;e de cours, &#xE0; l'Institut Tropical Suisse, B&#xE2;le
7151805	Michel_Cot	M&#xE9;decin, Charg&#xE9;e de cours, &#xE0; l'Institut Tropical Suisse, B&#xE2;le
7151805	Michel_Cot	M&#xE9;decin, Charg&#xE9;e de cours, &#xE0; l'Institut Tropical Suisse, B&#xE2;le
7151805	Paul-Henri_Consigny	M&#xE9;decin, Charg&#xE9;e de cours, &#xE0; l'Institut Tropical Suisse, B&#xE2;le
7151805	Olivier_Bouchaud	M&#xE9;decin, Charg&#xE9;e de cours, &#xE0; l'Institut Tropical Suisse, B&#xE2;le
2570806	James S._Gill	Iowa State University, Ames, Iowa, USA
2570806	Amy J._Ullmann	Centers for Disease Control and Prevention, Fort Collins, Colorado, USA
2570806	Amanda D._Loftis	Centers for Disease Control and Prevention, Atlanta, Georgia, USA
2570806	Tom G._Schwan	Rocky Mountain Laboratories of National Institutes of Health, Hamilton, Montana, USA
2570806	Sandra J._Raffel	Rocky Mountain Laboratories of National Institutes of Health, Hamilton, Montana, USA
2570806	Merry E._Schrumpf	Rocky Mountain Laboratories of National Institutes of Health, Hamilton, Montana, USA
2570806	Joseph_Piesman	Centers for Disease Control and Prevention, Fort Collins, Colorado, USA
3320305	Jonas_Bunikis	University of California&#x2014;Irvine, Irvine, California, USA;
3320305	Jean_Tsao	Yale University School of Medicine, New Haven, Connecticut, USA;
3320305	Ulf_Garpmo	Kalmar County Hospital, Kalmar, Sweden
3320305	Johan_Berglund	Kalmar County Hospital, Kalmar, Sweden
3320305	Durland_Fish	Yale University School of Medicine, New Haven, Connecticut, USA;
3320305	Alan G._Barbour	University of California&#x2014;Irvine, Irvine, California, USA;
2732444	Tom G._Schwan	National Institutes of Health, Hamilton, Montana, USA
2732444	Joseph_Piesman	Centers for Disease Control and Prevention, Fort Collins, Colorado, USA
