pmcid	forename_lastname	affiliation
7481228	Thomas W._Allain	grid.15276.370000 0004 1936 8091School of Forest Resource and Conservation, University of Florida, Gainesville, FL 32611 USA 
7481228	Grant D._Stentiford	grid.14332.370000 0001 0746 0155International Centre of Excellence for Aquatic Animal Health, Centre for Environment, Fisheries and Aquatic Science (Cefas), Weymouth, Dorset, DT4 8UB UK 
7481228	David_Bass	grid.14332.370000 0001 0746 0155International Centre of Excellence for Aquatic Animal Health, Centre for Environment, Fisheries and Aquatic Science (Cefas), Weymouth, Dorset, DT4 8UB UK 
7481228	Donald C._Behringer	grid.15276.370000 0004 1936 8091School of Forest Resource and Conservation, University of Florida, Gainesville, FL 32611 USA 
7481228	Jamie_Bojko	grid.26597.3f0000 0001 2325 1783School of Health and Life Science, Teesside University, Middlesbrough, TS1 3BA UK 
7439470	Sailakshmi_Velamoor	Department of Microbiology and Immunology, University of Otago, Dunedin, New Zealand        
7439470	Allan_Mitchell	Otago Micro and Nano Imaging, Electron Microscopy, University of Otago, Dunedin, New Zealand        
7439470	Bruno M._Humbel	IMG, Okinawa Institute of Science and Technology, Okinawa, Japan        
7439470	WonMo_Kim	Department of Microbiology and Immunology, University of Otago, Dunedin, New Zealand        
7439470	Charlotte_Pushparajan	Department of Chemical and Process Engineering Department, University of Canterbury, Christchurch, New Zealand        
7439470	Gabriel_Visnovsky	Department of Chemical and Process Engineering Department, University of Canterbury, Christchurch, New Zealand        
7439470	Laura N._Burga	Department of Microbiology and Immunology, University of Otago, Dunedin, New Zealand        
7439470	Mihnea_Bostina	Department of Microbiology and Immunology, University of Otago, Dunedin, New Zealand        
7413517	Ya-Nan_Hao	        Biocontrol Engineering Laboratory of Crop Diseases and Pests of Gansu Province, College of Plant Protection, Gansu Agricultural University, Lanzhou, China      
7413517	Yuan-Xing_Sun	        Biocontrol Engineering Laboratory of Crop Diseases and Pests of Gansu Province, College of Plant Protection, Gansu Agricultural University, Lanzhou, China      
7413517	Chang-Zhong_Liu	        Biocontrol Engineering Laboratory of Crop Diseases and Pests of Gansu Province, College of Plant Protection, Gansu Agricultural University, Lanzhou, China      
7404779	Akinbode A._Adedeji	Department of Biosystems and Agricultural Engineering, University of Kentucky, Lexington, KY 40546, USA;  (M.L.)
7404779	Nader_Ekramirad	Department of Biosystems and Agricultural Engineering, University of Kentucky, Lexington, KY 40546, USA;  (M.L.)
7404779	Ahmed_Rady	Department of Biosystems and Agricultural Engineering, University of Kentucky, Lexington, KY 40546, USA;  (M.L.)
7404779	Ali_Hamidisepehr	Department of Biosystems and Agricultural Engineering, University of Kentucky, Lexington, KY 40546, USA;  (M.L.)
7404779	Kevin D._Donohue	Department of Electrical and Computer Engineering, University of Kentucky, Lexington, KY 40506, USA;  (C.A.P.)
7404779	Raul T._Villanueva	Department of Entomology, University of Kentucky, Princeton, KY 42445-0469, USA; 
7404779	Chadwick A._Parrish	Department of Electrical and Computer Engineering, University of Kentucky, Lexington, KY 40506, USA;  (C.A.P.)
7404779	Mengxing_Li	Department of Biosystems and Agricultural Engineering, University of Kentucky, Lexington, KY 40546, USA;  (M.L.)
7331153	Kelvin M._Kimenyi	grid.10604.330000 0001 2019 0495Centre for Biotechnology and Bioinformatics, University of Nairobi, P.O. Box 30197, Nairobi, 00100 Kenya 
7331153	Muna F._Abry	grid.10604.330000 0001 2019 0495Centre for Biotechnology and Bioinformatics, University of Nairobi, P.O. Box 30197, Nairobi, 00100 Kenya 
7331153	Winnie_Okeyo	grid.419326.b0000 0004 1794 5158International Centre of Insect Physiology and Ecology, P.O. Box 30772, Nairobi, 00100 Kenya 
7331153	Enock_Matovu	grid.11194.3c0000 0004 0620 0548Makerere University, P.O. Box 7062, Kampala, Uganda 
7331153	Daniel_Masiga	grid.419326.b0000 0004 1794 5158International Centre of Insect Physiology and Ecology, P.O. Box 30772, Nairobi, 00100 Kenya 
7331153	Benard W._Kulohoma	grid.10604.330000 0001 2019 0495Centre for Biotechnology and Bioinformatics, University of Nairobi, P.O. Box 30197, Nairobi, 00100 Kenya 
7290661	Zhijia_Huo	Research Center for Grassland Entomology, Inner Mongolia Agricultural University, Hohhot 010020, China; 
7290661	Yating_Liu	Department of Plant Protection, Institute of Vegetables and Flowers, Chinese Academy of Agricultural Sciences, Beijing 100081, China;  (Q.W.)
7290661	Jinjian_Yang	Department of Plant Protection, Institute of Vegetables and Flowers, Chinese Academy of Agricultural Sciences, Beijing 100081, China;  (Q.W.)
7290661	Wen_Xie	Department of Plant Protection, Institute of Vegetables and Flowers, Chinese Academy of Agricultural Sciences, Beijing 100081, China;  (Q.W.)
7290661	Shaoli_Wang	Department of Plant Protection, Institute of Vegetables and Flowers, Chinese Academy of Agricultural Sciences, Beijing 100081, China;  (Q.W.)
7290661	Qingjun_Wu	Department of Plant Protection, Institute of Vegetables and Flowers, Chinese Academy of Agricultural Sciences, Beijing 100081, China;  (Q.W.)
7290661	Xuguo_Zhou	Department of Entomology, University of Kentucky, Lexington, KY 40546-0091, USA; 
7290661	Baoping_Pang	Research Center for Grassland Entomology, Inner Mongolia Agricultural University, Hohhot 010020, China; 
7290661	Youjun_Zhang	Department of Plant Protection, Institute of Vegetables and Flowers, Chinese Academy of Agricultural Sciences, Beijing 100081, China;  (Q.W.)
7290520	Yusuf Olamide_Kewuyemi	School of Tourism and Hospitality, College of Business and Economics, University of Johannesburg, P. O. Box 524, Bunting Road Campus, Johannesburg, Gauteng, South Africa; 
7290520	Hema_Kesa	School of Tourism and Hospitality, College of Business and Economics, University of Johannesburg, P. O. Box 524, Bunting Road Campus, Johannesburg, Gauteng, South Africa; 
7290520	Chiemela Enyinnaya_Chinma	Department of Food Science and Technology, Federal University of Technology, P.M.B. 65, Minna, Niger State, Nigeria; 
7290520	Oluwafemi Ayodeji_Adebo	Department of Biotechnology and Food Technology, Faculty of Science, University of Johannesburg, P. O. Box 17011, Doornfontein Campus, Johannesburg, Gauteng, South Africa
7171081	Kitherian_Sahayaraj	Crop Protection Research Centre, Dept. of Zoology, St. Xavier&#x2019;s College, Palayamkottai-627 002, Tamil Nadu, India 
7171081	Subramanian_Kalidas	Crop Protection Research Centre, Dept. of Zoology, St. Xavier&#x2019;s College, Palayamkottai-627 002, Tamil Nadu, India 
7171081	Loko Y&#xEA;yinou Laura_Estelle	Ecole Nationale Sup&#xE9;rieure des Biosciences et Biotechnologies Appliqu&#xE9;es (ENSBBA), Universit&#xE9; Nationale des Sciences, Technologies, Ing&#xE9;nierie et Math&#xE9;matiques (UNSTIM), BP 14, Dassa, Benin 
7250505	Ruo-Lin_Cheng	Key Laboratory of Marine Genetic Resources, Third Institute of Oceanography, Ministry of Natural Resources, Xiamen, China
7250505	Xiao-Feng_Li	Key Laboratory of Marine Genetic Resources, Third Institute of Oceanography, Ministry of Natural Resources, Xiamen, China
7250505	Chuan-Xi_Zhang	Institute of Plant Virology, Ningbo University, China
7145396	Alberto_Scoma	Center for Microbial Ecology and Technology, University of Ghent, Ghent, Belgium
7145396	Way Cern_Khor	Center for Microbial Ecology and Technology, University of Ghent, Ghent, Belgium
7145396	Marta_Coma	Center for Microbial Ecology and Technology, University of Ghent, Ghent, Belgium
7145396	Robert_Heyer	Bioprocess Engineering, Otto von Guericke University of Magdeburg, Magdeburg, Germany
7145396	Ruben_Props	Center for Microbial Ecology and Technology, University of Ghent, Ghent, Belgium
7145396	Jonas_Schoelynck	Department of Biology, University of Antwerp, Antwerp, Belgium
7145396	Tim_Bouts	Pairi Daiza Foundation, Brugelette, Belgium
7145396	Dirk_Benndorf	Bioprocess Engineering, Otto von Guericke University of Magdeburg, Magdeburg, Germany
7145396	Desheng_Li	China Conservation and Research Centre for Giant Panda, Dujiangyan City, China
7145396	Hemin_Zhang	China Conservation and Research Centre for Giant Panda, Dujiangyan City, China
7145396	Korneel_Rabaey	Center for Microbial Ecology and Technology, University of Ghent, Ghent, Belgium
7150801	Sara_Ottati	Dipartimento di Scienze Agrarie, Forestali ed Alimentari, DISAFA, Universit&#xE0; degli Studi di Torino, Largo Paolo Braccini 2, I-10095 Grugliasco, Italy;  (D.B.)
7150801	Marco_Chiapello	Consiglio Nazionale delle Ricerche&#x2014;Istituto per la Protezione Sostenibile delle Piante (CNR-IPSP), Strada delle Cacce 73, I-10135 Torino, Italy;  (C.M.)
7150801	Luciana_Galetto	Consiglio Nazionale delle Ricerche&#x2014;Istituto per la Protezione Sostenibile delle Piante (CNR-IPSP), Strada delle Cacce 73, I-10135 Torino, Italy;  (C.M.)
7150801	Domenico_Bosco	Dipartimento di Scienze Agrarie, Forestali ed Alimentari, DISAFA, Universit&#xE0; degli Studi di Torino, Largo Paolo Braccini 2, I-10095 Grugliasco, Italy;  (D.B.)
7150801	Cristina_Marzach&#xEC;	Consiglio Nazionale delle Ricerche&#x2014;Istituto per la Protezione Sostenibile delle Piante (CNR-IPSP), Strada delle Cacce 73, I-10135 Torino, Italy;  (C.M.)
7150801	Simona_Abb&#xE0;	Consiglio Nazionale delle Ricerche&#x2014;Istituto per la Protezione Sostenibile delle Piante (CNR-IPSP), Strada delle Cacce 73, I-10135 Torino, Italy;  (C.M.)
7143028	Yigen_Chen	Department of Entomology and Nematology, University of California, Davis, CA 95618, USA
7143028	Brian H._Aukema	Department of Entomology, University of Minnesota, St. Paul, MN 55108, USA; 
7143028	Steven J._Seybold	USDA Forest Service Pacific Southwest Research Station, Davis, CA 95618, USA; 
7414434	Robert L._Harrison	1&#x200B;Invasive Insect Biocontrol and Behavior Laboratory, Beltsville Agricultural Research Center, USDA Agricultural Research Service, Beltsville, MD 20705, USA
7414434	Elisabeth A._Herniou	2&#x200B;Institut de Recherche sur la Biologie de l&#x2019;Insecte, UMR 7261 CNRS/Universit&#xE9; de Tours, Tours, 37200, France
7414434	Annie_B&#xE9;zier	2&#x200B;Institut de Recherche sur la Biologie de l&#x2019;Insecte, UMR 7261 CNRS/Universit&#xE9; de Tours, Tours, 37200, France
7414434	Johannes A._Jehle	3&#x200B;Julius K&#xFC;hn Institute, Federal Research Centre for Cultivated Plants, Institute for Biological Control, Darmstadt, 64287, Germany
7414434	John P._Burand	4&#x200B;Department of Microbiology, University of Massachusetts-Amherst, Amherst, MA 01003, USA
7414434	David A._Theilmann	5&#x200B;Summerland Research and Development Centre, Agriculture and Agri-Food Canada, Summerland, BC V0H 1Z0, Canada
7414434	Peter J._Krell	6&#x200B;Department of Molecular and Cellular Biology, University of Guelph, Guelph, Ontario N1G 2W1, Canada
7414434	Monique M._van Oers	7&#x200B;Laboratory of Virology, Wageningen University, Wageningen 6708 PB, The Netherlands
7414434	Madoka_Nakai	8&#x200B;Graduate School of Agriculture, Tokyo University of Agriculture and Technology, Tokyo 183-8509, Japan
6948120	Kumar_Arvind	Central University of Kerala, Kasaragod, 671320, Kerala, India
6948120	M.K._Rajesh	ICAR-Central Plantation Crops Research Institute, Kasaragod, 671124, Kerala, India
6948120	A._Josephrajkumar	ICAR-Central Plantation Crops Research Institute, Regional Station, Kayamkulam, 690533, India
6948120	Tony_Grace	Central University of Kerala, Kasaragod, 671320, Kerala, India
6902462	Matan_Shelomi	0000 0004 0546 0241grid.19188.39Department of Entomology, National Taiwan University, No 27 Lane 113 Sec 4 Roosevelt Rd, Taipei, 10617 Taiwan 
6902462	Shih-Shun_Lin	0000 0004 0546 0241grid.19188.39Institute of Biotechnology, National Taiwan University, Taipei, Taiwan 
6902462	Li-Yu_Liu	0000 0004 0546 0241grid.19188.39Department of Agronomy, National Taiwan University, Taipei, Taiwan 
6879665	De-Ping_Wei	Department of Entomology and Plant Pathology, Faculty of Agriculture, Chiang Mai University, Chiang Mai, 50200, Thailand
6879665	Dhanushka N._Wanasinghe	Key Laboratory for Plant Diversity and Biogeography of East Asia, Kunming Institute of Botany, Chinese Academy of Science, Kunming 650201, Yunnan, China
6879665	Kevin D._Hyde	Center of Excellence in Fungal Research, Mae Fah Luang University, Chiang Rai 57100, Thailand
6879665	Peter E._Mortimer	Key Laboratory for Plant Diversity and Biogeography of East Asia, Kunming Institute of Botany, Chinese Academy of Science, Kunming 650201, Yunnan, China
6879665	Jianchu_Xu	Key Laboratory for Plant Diversity and Biogeography of East Asia, Kunming Institute of Botany, Chinese Academy of Science, Kunming 650201, Yunnan, China
6879665	Yuan-Pin_Xiao	Center of Excellence in Fungal Research, Mae Fah Luang University, Chiang Rai 57100, Thailand
6879665	Chitrabhanu S._Bhunjun	Center of Excellence in Fungal Research, Mae Fah Luang University, Chiang Rai 57100, Thailand
6879665	Chaiwat_To-anun	Department of Entomology and Plant Pathology, Faculty of Agriculture, Chiang Mai University, Chiang Mai, 50200, Thailand
6728817	Tae-Kyung_Kim	Research Group of Food Processing, KoreaFood Research Institute, Wanju 55365,Korea
6728817	Hae In_Yong	Research Group of Food Processing, KoreaFood Research Institute, Wanju 55365,Korea
6728817	Young-Boong_Kim	Research Group of Food Processing, KoreaFood Research Institute, Wanju 55365,Korea
6728817	Hyun-Wook_Kim	Department of Animal Science &amp;Biotechnology, Gyeongnam National University of Science andTechnology, Jinju 52725, Korea
6728817	Yun-Sang_Choi	Research Group of Food Processing, KoreaFood Research Institute, Wanju 55365,Korea
6780318	Edidiong I._Inyang	Center for Biological Control, Florida A&amp;M University (FAMU), Tallahassee, FL 32307, USA
6780318	Raymond L._Hix	Center for Biological Control, Florida A&amp;M University (FAMU), Tallahassee, FL 32307, USA
6780318	Violeta_Tsolova	Center for Viticulture, FAMU, Tallahassee, FL 32307, USA
6780318	Barukh B._Rohde	Electrical and Computer Engineering Department, University of Florida, Gainesville, FL 32611, USA
6780318	Omotola_Dosunmu	Entomology and Nematology Department, University of Florida, Gainesville, FL 32611, USA
6780318	Richard W._Mankin	US Department of Agriculture, Agricultural Research Service, Center for Medical, Agricultural and Veterinary Entomology, Gainesville, FL 32608, USA
6626001	Corey C._Holt	International Centre of Excellence for Aquatic Animal Health Theme, Centre for Environment, Fisheries and Aquaculture Science (Cefas), Barrack Road, Weymouth, Dorset DT4 8UB United Kingdom 
6626001	Michelle_Stone	International Centre of Excellence for Aquatic Animal Health Theme, Centre for Environment, Fisheries and Aquaculture Science (Cefas), Barrack Road, Weymouth, Dorset DT4 8UB United Kingdom 
6626001	David_Bass	International Centre of Excellence for Aquatic Animal Health Theme, Centre for Environment, Fisheries and Aquaculture Science (Cefas), Barrack Road, Weymouth, Dorset DT4 8UB United Kingdom 
6626001	Kelly S._Bateman	International Centre of Excellence for Aquatic Animal Health Theme, Centre for Environment, Fisheries and Aquaculture Science (Cefas), Barrack Road, Weymouth, Dorset DT4 8UB United Kingdom 
6626001	Ronny_van Aerle	International Centre of Excellence for Aquatic Animal Health Theme, Centre for Environment, Fisheries and Aquaculture Science (Cefas), Barrack Road, Weymouth, Dorset DT4 8UB United Kingdom 
6626001	Carly L._Daniels	grid.499539.bThe National Lobster Hatchery, South Quay, Padstow, PL28 8BL United Kingdom 
6626001	Mark_van der Giezen	0000 0004 1936 8024grid.8391.3Biosciences, University of Exeter, Stocker Road, Exeter, EX4 4QD United Kingdom 
6626001	Stuart H._Ross	International Centre of Excellence for Aquatic Animal Health Theme, Centre for Environment, Fisheries and Aquaculture Science (Cefas), Barrack Road, Weymouth, Dorset DT4 8UB United Kingdom 
6626001	Chantelle_Hooper	International Centre of Excellence for Aquatic Animal Health Theme, Centre for Environment, Fisheries and Aquaculture Science (Cefas), Barrack Road, Weymouth, Dorset DT4 8UB United Kingdom 
6626001	Grant D._Stentiford	International Centre of Excellence for Aquatic Animal Health Theme, Centre for Environment, Fisheries and Aquaculture Science (Cefas), Barrack Road, Weymouth, Dorset DT4 8UB United Kingdom 
6686914	Darlon V._Lantican	Genetics Laboratory, Institute of Plant Breeding, College of Agriculture and Food Science, University of the Philippines Los Ba&#xF1;os, College, Laguna, Philippines 4031
6686914	Susan R._Strickler	Boyce Thompson Institute, Ithaca, New York 14853, and
6686914	Alma O._Canama	Genetics Laboratory, Institute of Plant Breeding, College of Agriculture and Food Science, University of the Philippines Los Ba&#xF1;os, College, Laguna, Philippines 4031
6686914	Roanne R._Gardoce	Genetics Laboratory, Institute of Plant Breeding, College of Agriculture and Food Science, University of the Philippines Los Ba&#xF1;os, College, Laguna, Philippines 4031
6686914	Lukas A._Mueller	Boyce Thompson Institute, Ithaca, New York 14853, and
6686914	Hayde F._Galvez	Genetics Laboratory, Institute of Plant Breeding, College of Agriculture and Food Science, University of the Philippines Los Ba&#xF1;os, College, Laguna, Philippines 4031
6540168	Angel_Cruz-Estrada	Unidad de Biotecnolog&#xED;a, Centro de Investigaci&#xF3;n Cient&#xED;fica de Yucat&#xE1;n, Colonia Chuburn&#xE1; de Hidalgo, M&#xE9;rida C.P. 97200, Yucat&#xE1;n, Mexico; 
6540168	Esa&#xFA;_Ruiz-S&#xE1;nchez	Tecnol&#xF3;gico Nacional de M&#xE9;xico, Instituto Tecnol&#xF3;gico de Conkal, Conkal C.P. 97345, Yucat&#xE1;n, Mexico;  (J.C.-a.)
6540168	Jairo_Crist&#xF3;bal-alejo	Tecnol&#xF3;gico Nacional de M&#xE9;xico, Instituto Tecnol&#xF3;gico de Conkal, Conkal C.P. 97345, Yucat&#xE1;n, Mexico;  (J.C.-a.)
6540168	Azucena_Gonz&#xE1;lez-Coloma	Instituto de Ciencias Agrarias-CSIC, 115 Dpdo-28006 Madrid, Spain;  (M.F.A.)
6540168	Mar&#xED;a Fe_Andr&#xE9;s	Instituto de Ciencias Agrarias-CSIC, 115 Dpdo-28006 Madrid, Spain;  (M.F.A.)
6540168	Marcela_Gamboa-Angulo	Unidad de Biotecnolog&#xED;a, Centro de Investigaci&#xF3;n Cient&#xED;fica de Yucat&#xE1;n, Colonia Chuburn&#xE1; de Hidalgo, M&#xE9;rida C.P. 97200, Yucat&#xE1;n, Mexico; 
6616882	M. Constanza_Mannino	Instituto de Investigaciones Bioqu&#xED;micas de La Plata (CONICET CCT La Plata-UNLP), Universidad Nacional de La Plata, calles 60 y 120, 1900 La Plata, Argentina;  (B.D.-C.)
6616882	Carla_Huarte-Bonnet	Instituto de Investigaciones Bioqu&#xED;micas de La Plata (CONICET CCT La Plata-UNLP), Universidad Nacional de La Plata, calles 60 y 120, 1900 La Plata, Argentina;  (B.D.-C.)
6616882	Bel&#xE9;n_Davyt-Colo	Instituto de Investigaciones Bioqu&#xED;micas de La Plata (CONICET CCT La Plata-UNLP), Universidad Nacional de La Plata, calles 60 y 120, 1900 La Plata, Argentina;  (B.D.-C.)
6616882	Nicol&#xE1;s_Pedrini	Instituto de Investigaciones Bioqu&#xED;micas de La Plata (CONICET CCT La Plata-UNLP), Universidad Nacional de La Plata, calles 60 y 120, 1900 La Plata, Argentina;  (B.D.-C.)
6447812	Zbigniew_Adamski	Department of Animal Physiology and Development, Institute of Experimental Biology, Faculty of Biology, Adam Mickiewicz University in Pozna&#x144;, Pozna&#x144;, Poland
6447812	Sabino A._Bufo	Department of Sciences, University of Basilicata, Potenza, Italy
6447812	Szymon_Chowa&#x144;ski	Department of Animal Physiology and Development, Institute of Experimental Biology, Faculty of Biology, Adam Mickiewicz University in Pozna&#x144;, Pozna&#x144;, Poland
6447812	Patrizia_Falabella	Department of Sciences, University of Basilicata, Potenza, Italy
6447812	Jan_Lubawy	Department of Animal Physiology and Development, Institute of Experimental Biology, Faculty of Biology, Adam Mickiewicz University in Pozna&#x144;, Pozna&#x144;, Poland
6447812	Pawe&#x142;_Marciniak	Department of Animal Physiology and Development, Institute of Experimental Biology, Faculty of Biology, Adam Mickiewicz University in Pozna&#x144;, Pozna&#x144;, Poland
6447812	Joanna_Pacholska-Bogalska	Department of Animal Physiology and Development, Institute of Experimental Biology, Faculty of Biology, Adam Mickiewicz University in Pozna&#x144;, Pozna&#x144;, Poland
6447812	Rosanna_Salvia	Department of Sciences, University of Basilicata, Potenza, Italy
6447812	Laura_Scrano	Department of European and Mediterranean Cultures, University of Basilicata, Matera, Italy
6447812	Ma&#x142;gorzata_S&#x142;oci&#x144;ska	Department of Animal Physiology and Development, Institute of Experimental Biology, Faculty of Biology, Adam Mickiewicz University in Pozna&#x144;, Pozna&#x144;, Poland
6447812	Marta_Spochacz	Department of Animal Physiology and Development, Institute of Experimental Biology, Faculty of Biology, Adam Mickiewicz University in Pozna&#x144;, Pozna&#x144;, Poland
6447812	Monika_Szymczak	Department of Animal Physiology and Development, Institute of Experimental Biology, Faculty of Biology, Adam Mickiewicz University in Pozna&#x144;, Pozna&#x144;, Poland
6447812	Arkadiusz_Urba&#x144;ski	Department of Animal Physiology and Development, Institute of Experimental Biology, Faculty of Biology, Adam Mickiewicz University in Pozna&#x144;, Pozna&#x144;, Poland
6447812	Karolina_Walkowiak-Nowicka	Department of Animal Physiology and Development, Institute of Experimental Biology, Faculty of Biology, Adam Mickiewicz University in Pozna&#x144;, Pozna&#x144;, Poland
6447812	Grzegorz_Rosi&#x144;ski	Department of Animal Physiology and Development, Institute of Experimental Biology, Faculty of Biology, Adam Mickiewicz University in Pozna&#x144;, Pozna&#x144;, Poland
6573480	Tom_Hill	Department of Molecular Biosciences, University of Kansas, Lawrence, KS
6573480	Boryana S_Koseva	K-INBRE Bioinformatics Core, University of Kansas, Lawrence, KS
6573480	Robert L_Unckless	Department of Molecular Biosciences, University of Kansas, Lawrence, KS
6299059	Aura_Paucar-Cabrera	Research Associate, University of Nebraska State Museum, W436 Nebraska Hall, Lincoln, NE 68588-0514, USAUniversity of Nebraska State MuseumLincolnUnited States of America
6299059	Matthew Robert_Moore	Department of Entomology and Nematology, University of Florida, 1881 Natural Drive Area, Steinmetz Hall, Gainesville, FL 32611-0620, USAUniversity of FloridaGainesvilleUnited States of America
6265681	Pavel V._Panteleev	M.M. Shemyakin &amp; Yu.A. Ovchinnikov Institute of Bioorganic Chemistry, the Russian Academy of Sciences, Miklukho-Maklaya str. 16/10, 117997 Moscow, Russia;  (T.V.O.)
6265681	Andrey V._Tsarev	M.M. Shemyakin &amp; Yu.A. Ovchinnikov Institute of Bioorganic Chemistry, the Russian Academy of Sciences, Miklukho-Maklaya str. 16/10, 117997 Moscow, Russia;  (T.V.O.)
6265681	Ilia A._Bolosov	M.M. Shemyakin &amp; Yu.A. Ovchinnikov Institute of Bioorganic Chemistry, the Russian Academy of Sciences, Miklukho-Maklaya str. 16/10, 117997 Moscow, Russia;  (T.V.O.)
6265681	Alexander S._Paramonov	M.M. Shemyakin &amp; Yu.A. Ovchinnikov Institute of Bioorganic Chemistry, the Russian Academy of Sciences, Miklukho-Maklaya str. 16/10, 117997 Moscow, Russia;  (T.V.O.)
6265681	Mariana B._Marggraf	M.M. Shemyakin &amp; Yu.A. Ovchinnikov Institute of Bioorganic Chemistry, the Russian Academy of Sciences, Miklukho-Maklaya str. 16/10, 117997 Moscow, Russia;  (T.V.O.)
6265681	Sergey V._Sychev	M.M. Shemyakin &amp; Yu.A. Ovchinnikov Institute of Bioorganic Chemistry, the Russian Academy of Sciences, Miklukho-Maklaya str. 16/10, 117997 Moscow, Russia;  (T.V.O.)
6265681	Zakhar O._Shenkarev	M.M. Shemyakin &amp; Yu.A. Ovchinnikov Institute of Bioorganic Chemistry, the Russian Academy of Sciences, Miklukho-Maklaya str. 16/10, 117997 Moscow, Russia;  (T.V.O.)
6265681	Tatiana V._Ovchinnikova	M.M. Shemyakin &amp; Yu.A. Ovchinnikov Institute of Bioorganic Chemistry, the Russian Academy of Sciences, Miklukho-Maklaya str. 16/10, 117997 Moscow, Russia;  (T.V.O.)
6315680	Megan_Manley	Department of Plant and Environmental Protection Sciences, University of Hawai&#x2BB;i at M&#x101;noa, Honolulu, HI 96822, USA;  (M.J.M.)
6315680	Michael J._Melzer	Department of Plant and Environmental Protection Sciences, University of Hawai&#x2BB;i at M&#x101;noa, Honolulu, HI 96822, USA;  (M.J.M.)
6315680	Helen_Spafford	Department of Plant and Environmental Protection Sciences, University of Hawai&#x2BB;i at M&#x101;noa, Honolulu, HI 96822, USA;  (M.J.M.)
6186892	Wei_Hong	Key Laboratory of Zoonosis of Liaoning Province, College of Animal Science and Veterinary Medicine, Shenyang Agricultural University, Shenyang, Liaoning Province 110866, People&#x2019;s Republic of China, 
6186892	Lipeng_Liu	Key Laboratory of Zoonosis of Liaoning Province, College of Animal Science and Veterinary Medicine, Shenyang Agricultural University, Shenyang, Liaoning Province 110866, People&#x2019;s Republic of China, 
6186892	Zehui_Zhang	Key Laboratory of Zoonosis of Liaoning Province, College of Animal Science and Veterinary Medicine, Shenyang Agricultural University, Shenyang, Liaoning Province 110866, People&#x2019;s Republic of China, 
6186892	Yining_Zhao	Key Laboratory of Zoonosis of Liaoning Province, College of Animal Science and Veterinary Medicine, Shenyang Agricultural University, Shenyang, Liaoning Province 110866, People&#x2019;s Republic of China, 
6186892	Dexian_Zhang	Key Laboratory of Zoonosis of Liaoning Province, College of Animal Science and Veterinary Medicine, Shenyang Agricultural University, Shenyang, Liaoning Province 110866, People&#x2019;s Republic of China, 
6186892	Mingchun_Liu	Key Laboratory of Zoonosis of Liaoning Province, College of Animal Science and Veterinary Medicine, Shenyang Agricultural University, Shenyang, Liaoning Province 110866, People&#x2019;s Republic of China, 
6131780	Wei_Hong	0000 0000 9886 8131grid.412557.0Key Laboratory of Zoonosis of Liaoning Province, College of Animal Science and Veterinary Medicine, Shenyang Agricultural University, Dongling Road 120, Shenyang, 110866 Liaoning People&#x2019;s Republic of China 
6131780	Lipeng_Liu	0000 0000 9886 8131grid.412557.0Key Laboratory of Zoonosis of Liaoning Province, College of Animal Science and Veterinary Medicine, Shenyang Agricultural University, Dongling Road 120, Shenyang, 110866 Liaoning People&#x2019;s Republic of China 
6131780	Yining_Zhao	0000 0000 9886 8131grid.412557.0Key Laboratory of Zoonosis of Liaoning Province, College of Animal Science and Veterinary Medicine, Shenyang Agricultural University, Dongling Road 120, Shenyang, 110866 Liaoning People&#x2019;s Republic of China 
6131780	Yinghui_Liu	0000 0000 9886 8131grid.412557.0Key Laboratory of Zoonosis of Liaoning Province, College of Animal Science and Veterinary Medicine, Shenyang Agricultural University, Dongling Road 120, Shenyang, 110866 Liaoning People&#x2019;s Republic of China 
6131780	Dexian_Zhang	0000 0000 9886 8131grid.412557.0Key Laboratory of Zoonosis of Liaoning Province, College of Animal Science and Veterinary Medicine, Shenyang Agricultural University, Dongling Road 120, Shenyang, 110866 Liaoning People&#x2019;s Republic of China 
6131780	Mingchun_Liu	0000 0000 9886 8131grid.412557.0Key Laboratory of Zoonosis of Liaoning Province, College of Animal Science and Veterinary Medicine, Shenyang Agricultural University, Dongling Road 120, Shenyang, 110866 Liaoning People&#x2019;s Republic of China 
6201830	Gabriel L_Hamer	Department of Entomology, Texas A&amp;M University, College Station, TX
6201830	Justin R_Bejcek	Department of Entomology, Texas A&amp;M University, College Station, TX
6201830	Edwin A_Valdez	Department of Entomology, Texas A&amp;M University, College Station, TX
6201830	Rachel_Curtis-Robles	Department of Veterinary Integrative Biosciences, Texas A&amp;M University, College Station, TX
6201830	Sarah A_Hamer	Department of Veterinary Integrative Biosciences, Texas A&amp;M University, College Station, TX
6123801	Peter J._Kennedy	0000 0004 1936 8024grid.8391.3Environment and Sustainability Institute, University of Exeter, Penryn Campus, Penryn, Cornwall TR10 9FE UK 
6123801	Scott M._Ford	0000 0004 1936 8024grid.8391.3Environment and Sustainability Institute, University of Exeter, Penryn Campus, Penryn, Cornwall TR10 9FE UK 
6123801	Juliette_Poidatz	0000 0004 0446 0776grid.464128.dINRA, UMR 1065 Sant&#xE9; et Agro&#xE9;cologie du Vignoble, 71 avenue Edouard Bourlaux, 33882 Villenave d&#x2019;Ornon Cedex, France 
6123801	Denis_Thi&#xE9;ry	0000 0004 0446 0776grid.464128.dINRA, UMR 1065 Sant&#xE9; et Agro&#xE9;cologie du Vignoble, 71 avenue Edouard Bourlaux, 33882 Villenave d&#x2019;Ornon Cedex, France 
6123801	Juliet L._Osborne	0000 0004 1936 8024grid.8391.3Environment and Sustainability Institute, University of Exeter, Penryn Campus, Penryn, Cornwall TR10 9FE UK 
6054256	Matthieu_Leobold	Institut de Recherche sur la Biologie de l&#x2019;Insecte, UMR 7261, CNRS - Universit&#xE9; de Tours, UFR des Sciences et Techniques, Parc de Grandmont, Tours, France
6054256	Annie_B&#xE9;zier	Institut de Recherche sur la Biologie de l&#x2019;Insecte, UMR 7261, CNRS - Universit&#xE9; de Tours, UFR des Sciences et Techniques, Parc de Grandmont, Tours, France
6054256	Apolline_Pichon	Diversity, Genomes and Interactions Microorganisms-Insect, UMR INRA 1333, Universit&#xE9; de Montpellier 2, Montpellier, France
6054256	Elisabeth A_Herniou	Institut de Recherche sur la Biologie de l&#x2019;Insecte, UMR 7261, CNRS - Universit&#xE9; de Tours, UFR des Sciences et Techniques, Parc de Grandmont, Tours, France
6054256	Anne-Nathalie_Volkoff	Diversity, Genomes and Interactions Microorganisms-Insect, UMR INRA 1333, Universit&#xE9; de Montpellier 2, Montpellier, France
6054256	Jean-Michel_Drezen	Institut de Recherche sur la Biologie de l&#x2019;Insecte, UMR 7261, CNRS - Universit&#xE9; de Tours, UFR des Sciences et Techniques, Parc de Grandmont, Tours, France
6009653	Atwa A_Atwa	Science, Technology and Innovation Unit, King Abdulaziz University, Jeddah, KSA
5986141	Nermin_Akduman	        Max Planck Institute for Developmental Biology, Department of Evolutionary Biology, Max-Planck-Ring 5, T&#xFC;bingen, Germany      
5986141	Christian_R&#xF6;delsperger	        Max Planck Institute for Developmental Biology, Department of Evolutionary Biology, Max-Planck-Ring 5, T&#xFC;bingen, Germany      
5986141	Ralf J._Sommer	        Max Planck Institute for Developmental Biology, Department of Evolutionary Biology, Max-Planck-Ring 5, T&#xFC;bingen, Germany      
6002114	William H._Palmer	Institute of Evolutionary Biology University of Edinburgh, Charlotte Auerbach Road, Edinburgh, United Kingdom
6002114	Nathan C._Medd	Institute of Evolutionary Biology University of Edinburgh, Charlotte Auerbach Road, Edinburgh, United Kingdom
6002114	Philippa M._Beard	The Roslin Institute and The Royal (Dick) School of Veterinary Studies, University of Edinburgh, Midlothian, United Kingdom
6002114	Darren J._Obbard	Institute of Evolutionary Biology University of Edinburgh, Charlotte Auerbach Road, Edinburgh, United Kingdom
5926521	Elvira E._Ziganshina	Department of Microbiology, Institute of Fundamental Medicine and Biology, Kazan (Volga Region) Federal University, Kazan 420008, Russia
5926521	Waleed S._Mohammed	Department of Microbiology, Institute of Fundamental Medicine and Biology, Kazan (Volga Region) Federal University, Kazan 420008, Russia
5926521	Elena I._Shagimardanova	Laboratory of Extreme Biology, Institute of Fundamental Medicine and Biology, Kazan (Volga Region) Federal University, Kazan 420021, Russia
5926521	Petr Y._Vankov	Department of Microbiology, Institute of Fundamental Medicine and Biology, Kazan (Volga Region) Federal University, Kazan 420008, Russia
5926521	Natalia E._Gogoleva	Laboratory of Extreme Biology, Institute of Fundamental Medicine and Biology, Kazan (Volga Region) Federal University, Kazan 420021, Russia
5926521	Ayrat M._Ziganshin	Department of Microbiology, Institute of Fundamental Medicine and Biology, Kazan (Volga Region) Federal University, Kazan 420008, Russia
5899202	Qingying_Lai	State Key Lab of Biocontrol, Sun Yat-sen University, Guangzhou, China
5899202	Wenbi_Wu	State Key Lab of Biocontrol, Sun Yat-sen University, Guangzhou, China
5899202	Ao_Li	State Key Lab of Biocontrol, Sun Yat-sen University, Guangzhou, China
5899202	Wei_Wang	State Key Lab of Biocontrol, Sun Yat-sen University, Guangzhou, China
5899202	Meijin_Yuan	State Key Lab of Biocontrol, Sun Yat-sen University, Guangzhou, China
5899202	Kai_Yang	State Key Lab of Biocontrol, Sun Yat-sen University, Guangzhou, China
5888908	Nathan C_Medd	Institute of Evolutionary Biology, University of Edinburgh, Ashworth Laboratories, Charlotte Auerbach Road, Edinburgh EH9 3FL, UK
5888908	Simon_Fellous	Centre de Biologie pour la Gestion des Populations, INRA, 755 avenue du Campus Agropolis, 34988, Montferrier-sur-Lez cedex, France
5888908	Fergal M_Waldron	Institute of Evolutionary Biology, University of Edinburgh, Ashworth Laboratories, Charlotte Auerbach Road, Edinburgh EH9 3FL, UK
5888908	Anne_Xu&#xE9;reb	Centre de Biologie pour la Gestion des Populations, INRA, 755 avenue du Campus Agropolis, 34988, Montferrier-sur-Lez cedex, France
5888908	Madoka_Nakai	Tokyo University of Agriculture and Technology, Saiwaicho, Fuchu, Tokyo 183-8509, Japan
5888908	Jerry V_Cross	NIAB EMR, New Road, East Malling, Kent, ME19 6BJ, UK
5888908	Darren J_Obbard	Institute of Evolutionary Biology, University of Edinburgh, Ashworth Laboratories, Charlotte Auerbach Road, Edinburgh EH9 3FL, UK
5817871	Karel_Schoonvaere	Laboratory of Molecular Entomology and Bee Pathology, Department of Biochemistry and Microbiology, Faculty of Sciences, Ghent University, Ghent, Belgium
5817871	Guy_Smagghe	Laboratory of Agrozoology, Department of Crop Protection, Faculty of Bioscience Engineering, Ghent University, Ghent, Belgium
5817871	Fr&#xE9;d&#xE9;ric_Francis	Functional and Evolutionary Entomology, Gembloux Agro-Bio Tech, University of Liege, Gembloux, Belgium
5817871	Dirk C._de Graaf	Laboratory of Molecular Entomology and Bee Pathology, Department of Biochemistry and Microbiology, Faculty of Sciences, Ghent University, Ghent, Belgium
6435467	Yange_Lang	State Key Laboratory of Virology, College of Life Sciences, Wuhan University, Wuhan 430072, China
6435467	Xiaohuan_Pi	College of Basic Medicine, Lanzhou University, Lanzhou 730000, China
6435467	Zhiyong_Di	State Key Laboratory of Virology, College of Life Sciences, Wuhan University, Wuhan 430072, China
6435467	Qian_Zhang	State Key Laboratory of Virology, College of Life Sciences, Wuhan University, Wuhan 430072, China
6435467	Huijuan_Wang	State Key Laboratory of Virology, College of Life Sciences, Wuhan University, Wuhan 430072, China
6435467	Bingzheng_Shen	State Key Laboratory of Virology, College of Life Sciences, Wuhan University, Wuhan 430072, China
6435467	Fangfang_Li	State Key Laboratory of Virology, College of Life Sciences, Wuhan University, Wuhan 430072, China
6435467	Gaomin_Liu	State Key Laboratory of Virology, College of Life Sciences, Wuhan University, Wuhan 430072, China
6435467	Yao_Yu	Key Laboratory of Synthetic Biology, Institute of Plant Physiology and Ecology, Shanghai Institute for Biological Sciences, Chinese Academy of Sciences, Shanghai 200031, China
6435467	Xuan_Li	Key Laboratory of Synthetic Biology, Institute of Plant Physiology and Ecology, Shanghai Institute for Biological Sciences, Chinese Academy of Sciences, Shanghai 200031, China
6435467	Yingliang_Wu	State Key Laboratory of Virology, College of Life Sciences, Wuhan University, Wuhan 430072, China
6435467	Wenxin_Li	State Key Laboratory of Virology, College of Life Sciences, Wuhan University, Wuhan 430072, China
6435467	Zhijian_Cao	State Key Laboratory of Virology, College of Life Sciences, Wuhan University, Wuhan 430072, China
5691223	Lei_Yang	0000 0004 1759 700Xgrid.13402.34State Key Laboratory of Rice Biology &amp; Ministry of Agriculture Key Lab of Molecular Biology of Crop Pathogens and Insects, Institute of Insect Sciences, Zhejiang University, Hangzhou, 310058 China 
5691223	Yaotian_Mei	0000 0004 1759 700Xgrid.13402.34State Key Laboratory of Rice Biology &amp; Ministry of Agriculture Key Lab of Molecular Biology of Crop Pathogens and Insects, Institute of Insect Sciences, Zhejiang University, Hangzhou, 310058 China 
5691223	Qi_Fang	0000 0004 1759 700Xgrid.13402.34State Key Laboratory of Rice Biology &amp; Ministry of Agriculture Key Lab of Molecular Biology of Crop Pathogens and Insects, Institute of Insect Sciences, Zhejiang University, Hangzhou, 310058 China 
5691223	Jiale_Wang	0000 0004 1759 700Xgrid.13402.34State Key Laboratory of Rice Biology &amp; Ministry of Agriculture Key Lab of Molecular Biology of Crop Pathogens and Insects, Institute of Insect Sciences, Zhejiang University, Hangzhou, 310058 China 
5691223	Zhichao_Yan	0000 0004 1759 700Xgrid.13402.34State Key Laboratory of Rice Biology &amp; Ministry of Agriculture Key Lab of Molecular Biology of Crop Pathogens and Insects, Institute of Insect Sciences, Zhejiang University, Hangzhou, 310058 China 
5691223	Qisheng_Song	0000 0001 2162 3504grid.134936.aDivision of Plant Sciences, College of Agriculture, Food and Natural Resources, University of Missouri, Columbia, Missouri USA 
5691223	Zhe_Lin	0000 0004 1792 6416grid.458458.0State Key Laboratory of Integrated Management of Pest Insects and Rodents, Institute of Zoology, Chinese Academy of Sciences, Beijing, 100101 China 
5691223	Gongyin_Ye	0000 0004 1759 700Xgrid.13402.34State Key Laboratory of Rice Biology &amp; Ministry of Agriculture Key Lab of Molecular Biology of Crop Pathogens and Insects, Institute of Insect Sciences, Zhejiang University, Hangzhou, 310058 China 
5673224	Joaquin_Alonso	Centro de Biotecnolog&#xED;a y Gen&#xF3;mica de Plantas, Universidad Polit&#xE9;cnica de Madrid (UPM)&#x2014;Instituto Nacional de Investigaci&#xF3;n y Tecnolog&#xED;a Agraria y Alimentaria (INIA), Campus Montegancedo UPM, Pozuelo de Alarc&#xF3;n (Madrid), Spain
5673224	Manuel_Martinez	Centro de Biotecnolog&#xED;a y Gen&#xF3;mica de Plantas, Universidad Polit&#xE9;cnica de Madrid (UPM)&#x2014;Instituto Nacional de Investigaci&#xF3;n y Tecnolog&#xED;a Agraria y Alimentaria (INIA), Campus Montegancedo UPM, Pozuelo de Alarc&#xF3;n (Madrid), Spain
5660496	Tom_Hill	University of Texas Southwestern Medical Center
5660496	Robert L._Unckless	University of Texas Southwestern Medical Center
5506212	Johannes_Koehbach	UNKNOWN
5427670	Claudio A._Valero&#x2010;Jim&#xE9;nez	                  1                Laboratory of Genetics        Wageningen University        Wageningen        The Netherlands      
5427670	Jan A. L._van Kan	                  3                Laboratory of Phytopathology        Wageningen University        Wageningen        The Netherlands      
5427670	Constantianus J. M._Koenraadt	                  2                Laboratory of Entomology        Wageningen University        Wageningen        The Netherlands      
5427670	Bas J._Zwaan	                  1                Laboratory of Genetics        Wageningen University        Wageningen        The Netherlands      
5427670	Sijmen E._Schoustra	                  1                Laboratory of Genetics        Wageningen University        Wageningen        The Netherlands      
5294582	Jinzhou_Xiao	College of Food Science and Technology, Shanghai Ocean University, Shanghai, China
5294582	Liyuan_Liu	College of Food Science and Technology, Shanghai Ocean University, Shanghai, China
5294582	Yiyun_Ke	College of Food Science and Technology, Shanghai Ocean University, Shanghai, China
5294582	Xiefei_Li	College of Food Science and Technology, Shanghai Ocean University, Shanghai, China
5294582	Yunfei_Liu	College of Food Science and Technology, Shanghai Ocean University, Shanghai, China
5294582	Yingjie_Pan	College of Food Science and Technology, Shanghai Ocean University, Shanghai, China
5294582	Shuling_Yan	College of Food Science and Technology, Shanghai Ocean University, Shanghai, China
5294582	Yongjie_Wang	College of Food Science and Technology, Shanghai Ocean University, Shanghai, China
5215317	Weibing_Dong	School of Life Science, Liaoning Normal University, Dalian 116081, China
5215317	Xiaoman_Mao	School of Life Science, Liaoning Normal University, Dalian 116081, China
5215317	Yue_Guan	School of Life Science, Liaoning Normal University, Dalian 116081, China
5215317	Yao_Kang	School of Life Science, Liaoning Normal University, Dalian 116081, China
5215317	Dejing_Shang	School of Life Science, Liaoning Normal University, Dalian 116081, China
5381508	David_Lepetit	Universit&#xE9; de Lyon, Universit&#xE9; Lyon 1, CNRS, Laboratoire de Biom&#xE9;trie et Biologie Evolutive UMR 5558, France
5381508	Benjamin_Gillet	Universit&#xE9; de Lyon, CNRS, Ecole Normale Sup&#xE9;rieure de Lyon, Universit&#xE9; Lyon 1, Institut de G&#xE9;nomique Fonctionnelle de Lyon UMR 5242, France
5381508	Sandrine_Hughes	Universit&#xE9; de Lyon, CNRS, Ecole Normale Sup&#xE9;rieure de Lyon, Universit&#xE9; Lyon 1, Institut de G&#xE9;nomique Fonctionnelle de Lyon UMR 5242, France
5381508	Ken_Kraaijeveld	Department of Ecological Science, Faculty of Earth and Life Sciences, Vrije Universiteit Amsterdam, De Boelelaan 1085, 1081 HV Amsterdam, The Netherlands
5381508	Julien_Varaldi	Universit&#xE9; de Lyon, Universit&#xE9; Lyon 1, CNRS, Laboratoire de Biom&#xE9;trie et Biologie Evolutive UMR 5558, France
5179009	Karel_Schoonvaere	Laboratory of Molecular Entomology and Bee Pathology, Department of Biochemistry and Microbiology, Faculty of Sciences, Ghent University, Ghent, Belgium
5179009	Lina_De Smet	Laboratory of Molecular Entomology and Bee Pathology, Department of Biochemistry and Microbiology, Faculty of Sciences, Ghent University, Ghent, Belgium
5179009	Guy_Smagghe	Laboratory of Agrozoology, Department of Crop Protection, Faculty of Bioscience Engineering, Ghent University, Ghent, Belgium
5179009	Andy_Vierstraete	Laboratory of Ageing Physiology and Molecular Evolution, Department of Biology, Ghent University, Ghent, Belgium
5179009	Bart P._Braeckman	Laboratory of Ageing Physiology and Molecular Evolution, Department of Biology, Ghent University, Ghent, Belgium
5179009	Dirk C._de Graaf	Laboratory of Molecular Entomology and Bee Pathology, Department of Biochemistry and Microbiology, Faculty of Sciences, Ghent University, Ghent, Belgium
5116183	D. Ellen K._Tarr	Department of Microbiology and Immunology, Arizona College of Osteopathic Medicine, Midwestern University, Glendale, AZ USA 
5080360	Geoff M._Gurr	State Key Laboratory of Ecological Pest Control for Fujian and Taiwan Crops, Fujain Agriculture and Forestry University        Fuzhou, China      
5080360	Anne C._Johnson	Graham Centre of Agricultural Innovation, Charles Sturt University        Orange, NSW, Australia      
5080360	Gavin J._Ash	Research and Innovation Division, Centre for Crop Health, Institute for Agriculture and the Environment, University of Southern Queensland        Toowoomba, QLD, Australia      
5080360	Bree A. L._Wilson	Research and Innovation Division, Centre for Crop Health, Institute for Agriculture and the Environment, University of Southern Queensland        Toowoomba, QLD, Australia      
5080360	Mark M._Ero	PNG Oil Palm Research Association        Kimbe, Papua New Guinea      
5080360	Carmel A._Pilotti	PNG Oil Palm Research Association        Kimbe, Papua New Guinea      
5080360	Charles F._Dewhurst	Formerly affiliated with the PNG Oil Palm Research Association        Kimbe, Papua New Guinea      
5080360	Minsheng S._You	State Key Laboratory of Ecological Pest Control for Fujian and Taiwan Crops, Fujain Agriculture and Forestry University        Fuzhou, China      
5057442	Viktor_Ulicsni	Department of Ecology, Faculty of Science and Informatics of the University of Szeged, K&#xF6;z&#xE9;p fasor 52, 6726 Szeged, Hungary 
5057442	Ingvar_Svanberg	Uppsala Centre for Russian and Eurasian Studies, Uppsala Univerisity, Box 514, 751 20 Uppsala, Sweden 
5057442	Zsolt_Moln&#xE1;r	MTA Centre for Ecological Research, Institute of Ecology and Botany, 2163 V&#xE1;cr&#xE1;t&#xF3;t, Hungary 
5015987	Alan_Soffan	King Saud University, Chair of Date Palm Research, Plant Protection Department, College of Food and Agricultural Sciences, Riyadh 11451, Saudi Arabia
5015987	Binu_Antony	King Saud University, Chair of Date Palm Research, Plant Protection Department, College of Food and Agricultural Sciences, Riyadh 11451, Saudi Arabia
5015987	Mahmoud_Abdelazim	King Saud University, Chair of Date Palm Research, Plant Protection Department, College of Food and Agricultural Sciences, Riyadh 11451, Saudi Arabia
5015987	Paraj_Shukla	King Saud University, Chair of Date Palm Research, Plant Protection Department, College of Food and Agricultural Sciences, Riyadh 11451, Saudi Arabia
5015987	Witjaksono_Witjaksono	Gadjah Mada University, Plant Protection Department, College of Agriculture, Yogyakarta 55281, Indonesia
5015987	Saleh A._Aldosari	King Saud University, Chair of Date Palm Research, Plant Protection Department, College of Food and Agricultural Sciences, Riyadh 11451, Saudi Arabia
5015987	Abdulrahman S._Aldawood	King Saud University, Plant Protection Department, College of Food and Agricultural Sciences, Riyadh 11451, Saudi Arabia
4996505	Mingyue_Lv	Department of Entomology, Key Lab for Biological Control of the Ministry of Agriculture, China Agricultural University, Beijing, P. R. China
4996505	Amr Ahmed_Mohamed	Department of Entomology, Faculty of Science, Cairo University, Giza, Egypt
4996505	Liwei_Zhang	Department of Entomology, Key Lab for Biological Control of the Ministry of Agriculture, China Agricultural University, Beijing, P. R. China
4996505	Pengfei_Zhang	Department of Entomology, Key Lab for Biological Control of the Ministry of Agriculture, China Agricultural University, Beijing, P. R. China
4996505	Long_Zhang	Department of Entomology, Key Lab for Biological Control of the Ministry of Agriculture, China Agricultural University, Beijing, P. R. China
4981718	Jaime_Iranzo	National Center for Biotechnology Information, National Library of Medicine, Bethesda, Maryland, USA        
4981718	Mart_Krupovic	Institut Pasteur, Unit&#xE9; Biologie Mol&#xE9;culaire du G&#xE8;ne chez les Extr&#xEA;mophiles, Paris, France        
4981718	Eugene V._Koonin	National Center for Biotechnology Information, National Library of Medicine, Bethesda, Maryland, USA        
4959699	Jingjiao_Song	State Key Laboratory of Virology, Wuhan Institute of Virology, Chinese Academy of Sciences, Wuhan 430071, P. R. China
4959699	Xi_Wang	State Key Laboratory of Virology, Wuhan Institute of Virology, Chinese Academy of Sciences, Wuhan 430071, P. R. China
4959699	Dianhai_Hou	State Key Laboratory of Virology, Wuhan Institute of Virology, Chinese Academy of Sciences, Wuhan 430071, P. R. China
4959699	Huachao_Huang	State Key Laboratory of Virology, Wuhan Institute of Virology, Chinese Academy of Sciences, Wuhan 430071, P. R. China
4959699	Xijia_Liu	State Key Laboratory of Virology, Wuhan Institute of Virology, Chinese Academy of Sciences, Wuhan 430071, P. R. China
4959699	Fei_Deng	State Key Laboratory of Virology, Wuhan Institute of Virology, Chinese Academy of Sciences, Wuhan 430071, P. R. China
4959699	Hualin_Wang	State Key Laboratory of Virology, Wuhan Institute of Virology, Chinese Academy of Sciences, Wuhan 430071, P. R. China
4959699	Basil M._Arif	Laboratory for Molecular Virology, Great Lakes Forestry Centre, Sault Ste. Marie, Ontario, Canada
4959699	Zhihong_Hu	State Key Laboratory of Virology, Wuhan Institute of Virology, Chinese Academy of Sciences, Wuhan 430071, P. R. China
4959699	Manli_Wang	State Key Laboratory of Virology, Wuhan Institute of Virology, Chinese Academy of Sciences, Wuhan 430071, P. R. China
4987105	Jan M._Meyer	Department for Evolutionary Biology, Max-Planck-Institute for Developmental Biology, T&#xFC;bingen, Germany
4987105	Gabriel V._Markov	Department for Evolutionary Biology, Max-Planck-Institute for Developmental Biology, T&#xFC;bingen, Germany
4987105	Praveen_Baskaran	Department for Evolutionary Biology, Max-Planck-Institute for Developmental Biology, T&#xFC;bingen, Germany
4987105	Matthias_Herrmann	Department for Evolutionary Biology, Max-Planck-Institute for Developmental Biology, T&#xFC;bingen, Germany
4987105	Ralf J._Sommer	Department for Evolutionary Biology, Max-Planck-Institute for Developmental Biology, T&#xFC;bingen, Germany
4987105	Christian_R&#xF6;delsperger	Department for Evolutionary Biology, Max-Planck-Institute for Developmental Biology, T&#xFC;bingen, Germany
4931429	Robert_Holdcraft	Marucci Center for Blueberry and Cranberry Research and Extension, Rutgers University, 125A Lake Oswego Road, Chatsworth, NJ 08019, USA; 
4931429	Cesar_Rodriguez-Saona	Marucci Center for Blueberry and Cranberry Research and Extension, Rutgers University, 125A Lake Oswego Road, Chatsworth, NJ 08019, USA; 
4931429	Lukasz L._Stelinski	Citrus Research and Education Center, University of Florida, 700 Experiment Station Road, Lake Alfred, FL 33850, USA; 
4802167	Adam_Frew	UNKNOWN
4802167	Kirk_Barnett	UNKNOWN
4802167	Uffe N._Nielsen	UNKNOWN
4802167	Markus_Riegler	UNKNOWN
4802167	Scott N._Johnson	UNKNOWN
4689450	Elden T._Holldorf	Cherokee Services Group LLC, contracted to U.S. Geological Survey, Yigo, Guam, United States of America
4689450	Shane R._Siers	Department of Fish, Wildlife, and Conservation Biology, Colorado State University, Fort Collins, Colorado, United States of America
4689450	Jonathan Q._Richmond	Western Ecological Research Center, U.S. Geological Survey, San Diego, California, United States of America
4689450	Page E._Klug	Fort Collins Science Center, U.S. Geological Survey, Fort Collins, Colorado, United States of America
4689450	Robert N._Reed	Fort Collins Science Center, U.S. Geological Survey, Fort Collins, Colorado, United States of America
4685094	Erik S._Schneider	Institute of Zoology, University of Graz        Graz, Austria      
4685094	Anke_Schmitz	Institute of Zoology, University of Bonn        Bonn, Germany      
4685094	Helmut_Schmitz	Institute of Zoology, University of Bonn        Bonn, Germany      
4681339	Apolline_Pichon	Microorganism and Insect Diversity, Genomes, and Interactions (DGIMI) Laboratory, UMR 1333 INRA, Universit&#xE9; de Montpellier, Place Eug&#xE8;ne Bataillon, CC101, Montpellier Cedex 34095, France.
4681339	Annie_B&#xE9;zier	Institut de Recherche sur la Biologie de l&#x2019;Insecte (IRBI), UMR 7261, CNRS-Universit&#xE9; Fran&#xE7;ois Rabelais de Tours, Parc de Grandmont, Tours 37200, France.
4681339	Serge_Urbach	Functional Proteomics Platform, BioCampus Montpellier, UMS CNRS 3426, INSERM US009, Institut de G&#xE9;nomique Fonctionnelle, UMR CNRS 5203, INSERM U661, Universit&#xE9; de Montpellier, Montpellier 34094, France.
4681339	Jean-Marc_Aury	Commissariat &#xE0; l&#x2019;Energie Atomique (CEA), Institut de G&#xE9;nomique (IG), Genoscope, 2 rue Gaston Cr&#xE9;mieux, BP5706, Evry 91057, France.
4681339	V&#xE9;ronique_Jouan	Microorganism and Insect Diversity, Genomes, and Interactions (DGIMI) Laboratory, UMR 1333 INRA, Universit&#xE9; de Montpellier, Place Eug&#xE8;ne Bataillon, CC101, Montpellier Cedex 34095, France.
4681339	Marc_Ravallec	Microorganism and Insect Diversity, Genomes, and Interactions (DGIMI) Laboratory, UMR 1333 INRA, Universit&#xE9; de Montpellier, Place Eug&#xE8;ne Bataillon, CC101, Montpellier Cedex 34095, France.
4681339	Julie_Guy	Commissariat &#xE0; l&#x2019;Energie Atomique (CEA), Institut de G&#xE9;nomique (IG), Genoscope, 2 rue Gaston Cr&#xE9;mieux, BP5706, Evry 91057, France.
4681339	Fran&#xE7;ois_Cousserans	Microorganism and Insect Diversity, Genomes, and Interactions (DGIMI) Laboratory, UMR 1333 INRA, Universit&#xE9; de Montpellier, Place Eug&#xE8;ne Bataillon, CC101, Montpellier Cedex 34095, France.
4681339	Julien_Th&#xE9;z&#xE9;	Institut de Recherche sur la Biologie de l&#x2019;Insecte (IRBI), UMR 7261, CNRS-Universit&#xE9; Fran&#xE7;ois Rabelais de Tours, Parc de Grandmont, Tours 37200, France.
4681339	J&#xE9;r&#xE9;my_Gauthier	Institut de Recherche sur la Biologie de l&#x2019;Insecte (IRBI), UMR 7261, CNRS-Universit&#xE9; Fran&#xE7;ois Rabelais de Tours, Parc de Grandmont, Tours 37200, France.
4681339	Edith_Demettre	Functional Proteomics Platform, BioCampus Montpellier, UMS CNRS 3426, INSERM US009, Institut de G&#xE9;nomique Fonctionnelle, UMR CNRS 5203, INSERM U661, Universit&#xE9; de Montpellier, Montpellier 34094, France.
4681339	Sandra_Schmieder	Institut Sophia Agrobiotech (ISA), UMR INRA 1355, CNRS 7254, Universit&#xE9; Nice Sophia Antipolis, 400 route des Chappes, Sophia Antipolis 06903, France.
4681339	Fran&#xE7;ois_Wurmser	PPF Analyse des syst&#xE8;mes biologiques, Universit&#xE9; Fran&#xE7;ois Rabelais de Tours, 3 Boulevard Tonnell&#xE9;, Tours 37000, France.
4681339	Vonick_Sibut	Institut de Recherche sur la Biologie de l&#x2019;Insecte (IRBI), UMR 7261, CNRS-Universit&#xE9; Fran&#xE7;ois Rabelais de Tours, Parc de Grandmont, Tours 37200, France.
4681339	Maryl&#xE8;ne_Poiri&#xE9;	Institut Sophia Agrobiotech (ISA), UMR INRA 1355, CNRS 7254, Universit&#xE9; Nice Sophia Antipolis, 400 route des Chappes, Sophia Antipolis 06903, France.
4681339	Dominique_Colinet	Institut Sophia Agrobiotech (ISA), UMR INRA 1355, CNRS 7254, Universit&#xE9; Nice Sophia Antipolis, 400 route des Chappes, Sophia Antipolis 06903, France.
4681339	Corinne_da Silva	Commissariat &#xE0; l&#x2019;Energie Atomique (CEA), Institut de G&#xE9;nomique (IG), Genoscope, 2 rue Gaston Cr&#xE9;mieux, BP5706, Evry 91057, France.
4681339	Arnaud_Couloux	Commissariat &#xE0; l&#x2019;Energie Atomique (CEA), Institut de G&#xE9;nomique (IG), Genoscope, 2 rue Gaston Cr&#xE9;mieux, BP5706, Evry 91057, France.
4681339	Val&#xE9;rie_Barbe	Commissariat &#xE0; l&#x2019;Energie Atomique (CEA), Institut de G&#xE9;nomique (IG), Genoscope, 2 rue Gaston Cr&#xE9;mieux, BP5706, Evry 91057, France.
4681339	Jean-Michel_Drezen	Institut de Recherche sur la Biologie de l&#x2019;Insecte (IRBI), UMR 7261, CNRS-Universit&#xE9; Fran&#xE7;ois Rabelais de Tours, Parc de Grandmont, Tours 37200, France.
4681339	Anne-Nathalie_Volkoff	Microorganism and Insect Diversity, Genomes, and Interactions (DGIMI) Laboratory, UMR 1333 INRA, Universit&#xE9; de Montpellier, Place Eug&#xE8;ne Bataillon, CC101, Montpellier Cedex 34095, France.
4610682	Wen-Jie_Wang	Hefei National Laboratory for Physical Sciences at Microscale and the Innovation Center for Cell Signaling Network, School of Life Sciences, University of Science and Technology of China, Hefei, Anhui, China
4610682	Wang_Cheng	Hefei National Laboratory for Physical Sciences at Microscale and the Innovation Center for Cell Signaling Network, School of Life Sciences, University of Science and Technology of China, Hefei, Anhui, China
4610682	Ming_Luo	Hefei National Laboratory for Physical Sciences at Microscale and the Innovation Center for Cell Signaling Network, School of Life Sciences, University of Science and Technology of China, Hefei, Anhui, China
4610682	Qingyu_Yan	State Key Laboratory of Biocontrol, Guangdong Key Laboratory of Pharmaceutical Functional Genes, School of Life Sciences, Sun Yat-sen University, Guangzhou, China
4610682	Hong-Mei_Yu	Hefei National Laboratory for Physical Sciences at Microscale and the Innovation Center for Cell Signaling Network, School of Life Sciences, University of Science and Technology of China, Hefei, Anhui, China
4610682	Qiong_Li	Hefei National Laboratory for Physical Sciences at Microscale and the Innovation Center for Cell Signaling Network, School of Life Sciences, University of Science and Technology of China, Hefei, Anhui, China
4610682	Dong-Dong_Cao	Hefei National Laboratory for Physical Sciences at Microscale and the Innovation Center for Cell Signaling Network, School of Life Sciences, University of Science and Technology of China, Hefei, Anhui, China
4610682	Shengfeng_Huang	State Key Laboratory of Biocontrol, Guangdong Key Laboratory of Pharmaceutical Functional Genes, School of Life Sciences, Sun Yat-sen University, Guangzhou, China
4610682	Anlong_Xu	State Key Laboratory of Biocontrol, Guangdong Key Laboratory of Pharmaceutical Functional Genes, School of Life Sciences, Sun Yat-sen University, Guangzhou, China
4610682	Roy A._Mariuzza	University of Maryland Institute for Bioscience and Biotechnology Research, W. M. Keck Laboratory for Structural Biology, Rockville, Maryland, United States of America
4610682	Yuxing_Chen	Hefei National Laboratory for Physical Sciences at Microscale and the Innovation Center for Cell Signaling Network, School of Life Sciences, University of Science and Technology of China, Hefei, Anhui, China
4610682	Cong-Zhao_Zhou	Hefei National Laboratory for Physical Sciences at Microscale and the Innovation Center for Cell Signaling Network, School of Life Sciences, University of Science and Technology of China, Hefei, Anhui, China
4549731	Cen_Qian	College of Life Science, Anhui Agricultural University, Hefei 230036, China; E-Mails:  (L.W.)
4549731	Qi_Fang	State Key Laboratory of Rice Biology, Key Laboratory of Agricultural Entomology, Institute of Insect Sciences, Zhejiang University, Hangzhou 310058, China; E-Mail: 
4549731	Lei_Wang	College of Life Science, Anhui Agricultural University, Hefei 230036, China; E-Mails:  (L.W.)
4549731	Gong-Yin_Ye	State Key Laboratory of Rice Biology, Key Laboratory of Agricultural Entomology, Institute of Insect Sciences, Zhejiang University, Hangzhou 310058, China; E-Mail: 
4501690	Claire L._Webster	Institute of Evolutionary Biology and Centre for Immunity Infection and Evolution, University of Edinburgh, Edinburgh, United Kingdom
4501690	Fergal M._Waldron	Institute of Evolutionary Biology and Centre for Immunity Infection and Evolution, University of Edinburgh, Edinburgh, United Kingdom
4501690	Shaun_Robertson	Institute of Evolutionary Biology and Centre for Immunity Infection and Evolution, University of Edinburgh, Edinburgh, United Kingdom
4501690	Daisy_Crowson	Institute of Evolutionary Biology and Centre for Immunity Infection and Evolution, University of Edinburgh, Edinburgh, United Kingdom
4501690	Giada_Ferrari	Institute of Evolutionary Biology and Centre for Immunity Infection and Evolution, University of Edinburgh, Edinburgh, United Kingdom
4501690	Juan F._Quintana	Institute of Immunity and Infection Research, and the Centre for Immunity Infection and Evolution, University of Edinburgh, Edinburgh, United Kingdom
4501690	Jean-Michel_Brouqui	Institute of Evolutionary Biology and Centre for Immunity Infection and Evolution, University of Edinburgh, Edinburgh, United Kingdom
4501690	Elizabeth H._Bayne	Institute of Cell Biology, University of Edinburgh, Edinburgh, United Kingdom
4501690	Ben_Longdon	Institute of Evolutionary Biology and Centre for Immunity Infection and Evolution, University of Edinburgh, Edinburgh, United Kingdom
4501690	Amy H._Buck	Institute of Immunity and Infection Research, and the Centre for Immunity Infection and Evolution, University of Edinburgh, Edinburgh, United Kingdom
4501690	Brian P._Lazzaro	Department of Entomology, Cornell University, Ithaca, New York, United States of America
4501690	Jewelna_Akorli	Department of Parasitology, Noguchi Memorial Institute for Medical Research, University of Ghana, Accra, Ghana
4501690	Penelope R._Haddrill	Institute of Evolutionary Biology and Centre for Immunity Infection and Evolution, University of Edinburgh, Edinburgh, United Kingdom
4501690	Darren J._Obbard	Institute of Evolutionary Biology and Centre for Immunity Infection and Evolution, University of Edinburgh, Edinburgh, United Kingdom
4415217	Wael S_El-Sayed	Biology Department, Faculty of Science, Taibah University, Almadinah Almunawarah, 344 Saudi Arabia 
4415217	Reda A_Ibrahim	Biology Department, Faculty of Science, Taibah University, Almadinah Almunawarah, 344 Saudi Arabia 
4535134	Seokhyun_Lee	Department of Agricultural Biology, National Academy of Agricultural Science, Rural Development Administration, Jeollabuk-do, Korea
4535134	Kwan-Ho_Park	Department of Agricultural Biology, National Academy of Agricultural Science, Rural Development Administration, Jeollabuk-do, Korea
4535134	Sung-Hee_Nam	Department of Agricultural Biology, National Academy of Agricultural Science, Rural Development Administration, Jeollabuk-do, Korea
4535134	Kyu-Won_Kwak	Department of Agricultural Biology, National Academy of Agricultural Science, Rural Development Administration, Jeollabuk-do, Korea
4535134	Ji-Young_Choi	Department of Agricultural Biology, National Academy of Agricultural Science, Rural Development Administration, Jeollabuk-do, Korea
4132918	Yi-Ting_Yang	Institute of Bioinformatics and Biosignal Transduction, College of Bioscience and Biotechnology, National Cheng Kung University, Tainan, Taiwan
4132918	Der-Yen_Lee	Technology Commons, College of Life Science, National Taiwan University, Taipei, Taiwan
4132918	Yongjie_Wang	Laboratory of Quality and Safety Risk Assessment for Aquatic Products on Storage &amp; Preservation (Shanghai), Ministry of Agriculture, Shanghai, China
4132918	Jer-Ming_Hu	Institute of Ecology and Evolutionary Biology, National Taiwan University, Taipei, Taiwan
4132918	Wen-Hsiung_Li	Biodiversity Research Center, Academia Sinica, Taipei, Taiwan
4132918	Jiann-Horng_Leu	Institute of Marine Biology, College of Life Sciences, National Taiwan Ocean University, Taipei, Taiwan
4132918	Geen-Dong_Chang	Institute of Biochemical Sciences, College of Life Science, National Taiwan University, Taipei, Taiwan
4132918	Huei-Mien_Ke	Biodiversity Research Center, Academia Sinica, Taipei, Taiwan
4132918	Shin-Ting_Kang	Institute of Bioinformatics and Biosignal Transduction, College of Bioscience and Biotechnology, National Cheng Kung University, Tainan, Taiwan
4132918	Shih-Shun_Lin	Institute of Biotechnology, National Taiwan University, Taipei, Taiwan
4132918	Guang-Hsiung_Kou	Department of Life Science, National Taiwan University, Taipei, Taiwan
4132918	Chu-Fang_Lo	Institute of Bioinformatics and Biosignal Transduction, College of Bioscience and Biotechnology, National Cheng Kung University, Tainan, Taiwan
4061559	Mart_Krupovic	Institut Pasteur, Unit&#xE9; Biologie Mol&#xE9;culaire du G&#xE8;ne chez les Extr&#xEA;mophiles, Department of Microbiology, Paris 75015, France
4061559	Eugene V._Koonin	National Center for Biotechnology Information, National Library of Medicine, National Institutes of Health, Bethesda, MD 20894, USA
3974432	Fabiano F._Albertoni	Departamento de Biologia Celular, Embriologia e Gen&#xE9;tica, Centro de Ci&#xEA;ncias Biol&#xF3;gicas, Universidade Federal de Santa Catarina, Campus Universit&#xE1;rio Trindade, 88.040-900, Florian&#xF3;polis, SC, Brazil
3974432	Frank-Thorsten_Krell	Department of Zoology, Denver Museum of Nature &amp; Science, 2001 Colorado Boulevard, Denver, Colorado 80205-5798, U.S.A.
3974432	Josefina_Steiner	Departamento de Biologia Celular, Embriologia e Gen&#xE9;tica, Centro de Ci&#xEA;ncias Biol&#xF3;gicas, Universidade Federal de Santa Catarina, Campus Universit&#xE1;rio Trindade, 88.040-900, Florian&#xF3;polis, SC, Brazil
3974432	Anne_Zillikens	Departamento de Biologia Celular, Embriologia e Gen&#xE9;tica, Centro de Ci&#xEA;ncias Biol&#xF3;gicas, Universidade Federal de Santa Catarina, Campus Universit&#xE1;rio Trindade, 88.040-900, Florian&#xF3;polis, SC, Brazil
3890646	Zi-Hong_Chen	Department of Resources and Environmental Sciences, Baoshan College, Baoshan, Yunnan 678000, China
3890646	Ling_Xu	Department of Resources and Environmental Sciences, Baoshan College, Baoshan, Yunnan 678000, China
3890646	Feng-lian_Yang	Institute of Insect Resources, College of Plant Science and Technology, Huazhong Agricultural University, Wuhan 430070, China
3890646	Guang-Hai_Ji	Key Laboratory of Agro-biodiversity and Pest Management of Education Ministry of China, Yunnan Agricultural University, Kunming, Yunnan 650201, China
3890646	Jing_Yang	Key Laboratory of Agro-biodiversity and Pest Management of Education Ministry of China, Yunnan Agricultural University, Kunming, Yunnan 650201, China
3890646	Jian-Yun_Wang	Department of Resources and Environmental Sciences, Baoshan College, Baoshan, Yunnan 678000, China
5634059	M&#x2019;hammed_Ehsine	1Institute of Arid Regions&#x2013;Kebili, BP 32, 4200 Kebili, Tunisia
5634059	Mohamed Sadok_Belkadhi	1Institute of Arid Regions&#x2013;Kebili, BP 32, 4200 Kebili, Tunisia
5634059	Mohammed_Chaieb	3Faculty of Science, University of Sfax, BP 802, 3018 Sfax, Tunisia
3733637	Cristina_Virto	Instituto de Agrobiotecnolog&#xED;a, CSIC-Gobierno de Navarra, Mutilva Baja, Navarra, Spain
3733637	Carlos A._Z&#xE1;rate	Instituto de Agrobiotecnolog&#xED;a, CSIC-Gobierno de Navarra, Mutilva Baja, Navarra, Spain
3733637	Miguel_L&#xF3;pez-Ferber	&#xC9;cole des Mines d'Al&#xE8;s, Al&#xE8;s, France
3733637	Rosa_Murillo	Instituto de Agrobiotecnolog&#xED;a, CSIC-Gobierno de Navarra, Mutilva Baja, Navarra, Spain
3733637	Primitivo_Caballero	Instituto de Agrobiotecnolog&#xED;a, CSIC-Gobierno de Navarra, Mutilva Baja, Navarra, Spain
3733637	Trevor_Williams	Instituto de Ecolog&#xED;a AC, Xalapa, Veracruz, Mexico
3712924	Jos&#xE9; R._Verd&#xFA;	I.U.I. Centro Iberoamericano de la Biodiversidad, Universidad de Alicante, San Vicente del Raspeig, Alicante, Spain
3712924	Jos&#xE9; L._Casas	I.U.I. Centro Iberoamericano de la Biodiversidad, Universidad de Alicante, San Vicente del Raspeig, Alicante, Spain
3712924	Vieyle_Cortez	I.U.I. Centro Iberoamericano de la Biodiversidad, Universidad de Alicante, San Vicente del Raspeig, Alicante, Spain
3712924	Bel&#xE9;n_Gallego	I.U.I. Centro Iberoamericano de la Biodiversidad, Universidad de Alicante, San Vicente del Raspeig, Alicante, Spain
3712924	Jorge M._Lobo	Museo Nacional de Ciencias Naturales-Consejo Superior de Investigaciones Cient&#xED;ficas, Department de Biodiversidad y Biolog&#xED;a Evolutiva, Madrid, Spain
4553466	Henry M._Kariithi	Laboratory of Virology, Wageningen University, Droevendaalsesteeg 1, Wageningen 6708 PB, The Netherlands; E-Mails:  (J.M.V.)
4553466	Monique M._van Oers	Laboratory of Virology, Wageningen University, Droevendaalsesteeg 1, Wageningen 6708 PB, The Netherlands; E-Mails:  (J.M.V.)
4553466	Just M._Vlak	Laboratory of Virology, Wageningen University, Droevendaalsesteeg 1, Wageningen 6708 PB, The Netherlands; E-Mails:  (J.M.V.)
4553466	Marc J. B._Vreysen	Insect Pest Control Laboratories, Joint FAO/IAEA Programme of Nuclear Techniques in Food and Agriculture, International Atomic Energy Agency, Wagrammer Strasse 5, P.O. Box 100, 1400 Vienna, Austria; E-Mails:  (A.M.M.A.-A.)
4553466	Andrew G._Parker	Insect Pest Control Laboratories, Joint FAO/IAEA Programme of Nuclear Techniques in Food and Agriculture, International Atomic Energy Agency, Wagrammer Strasse 5, P.O. Box 100, 1400 Vienna, Austria; E-Mails:  (A.M.M.A.-A.)
4553466	Adly M. M._Abd-Alla	Insect Pest Control Laboratories, Joint FAO/IAEA Programme of Nuclear Techniques in Food and Agriculture, International Atomic Energy Agency, Wagrammer Strasse 5, P.O. Box 100, 1400 Vienna, Austria; E-Mails:  (A.M.M.A.-A.)
3892504	Hyelim_Yeo	Department of Food Science &amp; Nutrition, Dong-A University, Busan 604-714, Korea
3892504	Kumju_Youn	Department of Food Science &amp; Nutrition, Dong-A University, Busan 604-714, Korea
3892504	Minji_Kim	Department of Food Science &amp; Nutrition, Dong-A University, Busan 604-714, Korea
3892504	Eun-Young_Yun	Department of Agricultural Biology, National Academy of Agricultural Science RDA, Gyeonggi 441-100, Korea
3892504	Jae-Sam_Hwang	Department of Agricultural Biology, National Academy of Agricultural Science RDA, Gyeonggi 441-100, Korea
3892504	Woo-Sik_Jeong	Department of Food &amp; Life Sciences, Inje University, Gyeongnam 621-749, Korea
3892504	Mira_Jun	Department of Food Science &amp; Nutrition, Dong-A University, Busan 604-714, Korea
3649998	Gaelen R._Burke	Department of Entomology, University of Georgia, Athens, Georgia, United States of America
3649998	Sarah A._Thomas	Department of Entomology, University of Georgia, Athens, Georgia, United States of America
3649998	Jai H._Eum	Department of Entomology, University of Georgia, Athens, Georgia, United States of America
3649998	Michael R._Strand	Department of Entomology, University of Georgia, Athens, Georgia, United States of America
3689568	Thomas E._Marler	Western Pacific Tropical Research Center; University of Guam; UOG Station; Mangilao, Guam USA
3689568	John H._Lawrence	United States Department of Agriculture; Natural Resources Conservation Service; Mongmong, Guam USA
7109890	N._Singh	Department of Entomology, University of Arkansas, Fayetteville, AR 72701.
7109890	D. T._Johnson	Department of Entomology, University of Arkansas, Fayetteville, AR 72701.
3637038	Mohammad Ali_Al-Deeb	1Biology Department, Faculty of Science, UAE University, P.O. Box 17551, Al-Ain, UAE; Tel: 0097137136527
3637038	Sabir Bin_Muzaffar	1Biology Department, Faculty of Science, UAE University, P.O. Box 17551, Al-Ain, UAE; Tel: 0097137136527
3637038	Eyas Mohammad_Sharif	2AI-Foah Date Farm, Al-Ain, UAE
3405142	Elisabeth J._Eilers	Freie Universit&#xE4;t Berlin, Department of Applied Zoology/Animal Ecology, Berlin, Germany
3405142	Giovanni_Talarico	Max-Planck-Institute for Chemical Ecology, Department of Evolutionary Neuroethology, Jena, Germany
3405142	Bill S._Hansson	Max-Planck-Institute for Chemical Ecology, Department of Evolutionary Neuroethology, Jena, Germany
3405142	Monika_Hilker	Freie Universit&#xE4;t Berlin, Department of Applied Zoology/Animal Ecology, Berlin, Germany
3405142	Andreas_Reinecke	Max-Planck-Institute for Chemical Ecology, Department of Evolutionary Neuroethology, Jena, Germany
3407864	Jenny S_Cory	Department of Biological Sciences, Simon Fraser University          Burnaby, BC, Canada        
3407864	Michelle T_Franklin	Department of Biological Sciences, Simon Fraser University          Burnaby, BC, Canada        
3280521	John P._Burand	Department of Plant, Soil and Insect Sciences, University of Massachusetts Amherst, Amherst, MA 01003, USA; Email: 
3280521	Woojin_Kim	Department of Plant, Soil and Insect Sciences, University of Massachusetts Amherst, Amherst, MA 01003, USA; Email: 
3280521	Claudio L._Afonso	Plum Island Animal Disease Center, Agricultural Research Service, U.S. Department of Agriculture, Greenport, NY 11944, USA; Email:  (D.L.R.)
3280521	Edan R._Tulman	Plum Island Animal Disease Center, Agricultural Research Service, U.S. Department of Agriculture, Greenport, NY 11944, USA; Email:  (D.L.R.)
3280521	Gerald F._Kutish	Plum Island Animal Disease Center, Agricultural Research Service, U.S. Department of Agriculture, Greenport, NY 11944, USA; Email:  (D.L.R.)
3280521	Zhiqiang_Lu	Plum Island Animal Disease Center, Agricultural Research Service, U.S. Department of Agriculture, Greenport, NY 11944, USA; Email:  (D.L.R.)
3280521	Daniel L._Rock	Plum Island Animal Disease Center, Agricultural Research Service, U.S. Department of Agriculture, Greenport, NY 11944, USA; Email:  (D.L.R.)
3203887	Robert L._Unckless	Department of Biology, University of Rochester, Rochester, New York, United States of America
3176207	Birgitta_Sund&#xE9;n	Div Clinical Microbiology, Department of Clinical and Experimental Medicine, Link&#xF6;ping University, SE-581 85 Link&#xF6;ping, Sweden
3176207	Marie_Larsson	Div Clinical Microbiology, Department of Clinical and Experimental Medicine, Link&#xF6;ping University, SE-581 85 Link&#xF6;ping, Sweden
3176207	Tina_Falkeborn	Div Clinical Microbiology, Department of Clinical and Experimental Medicine, Link&#xF6;ping University, SE-581 85 Link&#xF6;ping, Sweden
3176207	Jakob_Paues	Div Infectious Diseases, Department of Clinical and Experimental Medicine, Link&#xF6;ping University, SE-581 85 Link&#xF6;ping, Sweden
3176207	Urban_Forsum	Div Clinical Microbiology, Department of Clinical and Experimental Medicine, Link&#xF6;ping University, SE-581 85 Link&#xF6;ping, Sweden
3176207	Magnus_Lindh	Department of Infectious Diseases, Section for Clinical Virology, University of Gothenburg, SE- 413 46 Gothenburg, Sweden
3176207	Liselotte_Ydrenius	Div Clinical Microbiology, Department of Clinical and Experimental Medicine, Link&#xF6;ping University, SE-581 85 Link&#xF6;ping, Sweden
3176207	Britt_&#xC5;kerlind	Div Clinical Microbiology, Department of Clinical and Experimental Medicine, Link&#xF6;ping University, SE-581 85 Link&#xF6;ping, Sweden
3176207	Lena_Serrander	Div Clinical Microbiology, Department of Clinical and Experimental Medicine, Link&#xF6;ping University, SE-581 85 Link&#xF6;ping, Sweden
3216547	Yueh-Lung_Wu	Institute of Molecular Biology, Academia Sinica, Nankang, Taipei 105; Taiwan
3216547	Carol P._Wu	Institute of Molecular Biology, Academia Sinica, Nankang, Taipei 105; Taiwan
3216547	Catherine Y. Y._Liu	Institute of Molecular Biology, Academia Sinica, Nankang, Taipei 105; Taiwan
3216547	Paul Wei-Che_Hsu	Institute of Molecular Biology, Academia Sinica, Nankang, Taipei 105; Taiwan
3216547	Eric C._Wu	Institute of Molecular Biology, Academia Sinica, Nankang, Taipei 105; Taiwan
3216547	Yu-Chan_Chao	Institute of Molecular Biology, Academia Sinica, Nankang, Taipei 105; Taiwan
4116945	A. P._Ajay Kumar	Division of Insect Biochemistry and Physiology, Department of Zoology, University of Calicut, Kerala - 673 635, INDIA
4116945	M._Gokuldas	Division of Insect Biochemistry and Physiology, Department of Zoology, University of Calicut, Kerala - 673 635, INDIA
3281446	DA_Jenkins	1USDA-ARS, Tropical Agriculture Research Station, 2200 Ave. P.A. Campos, Ste. 201, Mayaguez, PR 00680.
3281446	WB_Hunter	2USDA-ARS, U.S. Horticultural Research Laboratory, 2001 South Rock Rd., Ft. Pierce, FL 34945.
3281446	R_Goenaga	1USDA-ARS, Tropical Agriculture Research Station, 2200 Ave. P.A. Campos, Ste. 201, Mayaguez, PR 00680.
3391914	Sergio R._S&#xE1;nchez-Pe&#xF1;a	1Departamento de Parasitolog&#xED;a Agr&#xED;cola, Universidad Aut&#xF3;noma Agraria Antonio Narro, Saltillo, Coahuila, M&#xE9;xico
3391914	Jorge San-Juan_Lara	1Departamento de Parasitolog&#xED;a Agr&#xED;cola, Universidad Aut&#xF3;noma Agraria Antonio Narro, Saltillo, Coahuila, M&#xE9;xico
3391914	Ra&#xFA;l F._Medina	2Department of Entomology, Texas A&amp;M University, College Station, TX 77843-2475, USA
2915626	Jae-Sam_Hwang	National Academy of Agricultural Science, RDA, Suwon 441-707, South Korea
2915626	Juneyoung_Lee	School of Life Sciences and Biotechnology, College of Natural Sciences, Kyungpook National University, Daegu 702-701, South Korea
2915626	Yeon-Ju_Kim	National Academy of Agricultural Science, RDA, Suwon 441-707, South Korea
2915626	Hea-Son_Bang	National Academy of Agricultural Science, RDA, Suwon 441-707, South Korea
2915626	Eun-Young_Yun	National Academy of Agricultural Science, RDA, Suwon 441-707, South Korea
2915626	Seong-Ryul_Kim	National Academy of Agricultural Science, RDA, Suwon 441-707, South Korea
2915626	Hwa-Jin_Suh	Department of Biotechnology, Daegu University, Kyungbuk 712-714, South Korea
2915626	Bo-Ram_Kang	National Academy of Agricultural Science, RDA, Suwon 441-707, South Korea
2915626	Sung-Hee_Nam	National Academy of Agricultural Science, RDA, Suwon 441-707, South Korea
2915626	Jae-Pil_Jeon	Center for Genome Science, Korea National Institute of Health, Seoul 122-701, South Korea
2915626	Iksoo_Kim	College of Agriculture and Life Sciences, Chonnam National University, Gwangju 500-757, South Korea
2915626	Dong Gun_Lee	School of Life Sciences and Biotechnology, College of Natural Sciences, Kyungpook National University, Daegu 702-701, South Korea
2779260	Mary R._Odom	Department of Microbiology, University of Alabama Birmingham, Birmingham, AL 35294-2170, United States
2779260	R._Curtis Hendrickson	Department of Microbiology, University of Alabama Birmingham, Birmingham, AL 35294-2170, United States
2779260	Elliot J._Lefkowitz	Department of Microbiology, University of Alabama Birmingham, Birmingham, AL 35294-2170, United States
3127391	Rasmi_Soltani	Biological Sciences and Plant Protection Department, Agronomics Sciences Institute of Chott Meriam 4042-Sousse, Tunisia
3127391	Ikbel_Chaieb	Biological Sciences and Plant Protection Department, Agronomics Sciences Institute of Chott Meriam 4042-Sousse, Tunisia
3127391	Med Habib Ben_Hamouda	Biological Sciences and Plant Protection Department, Agronomics Sciences Institute of Chott Meriam 4042-Sousse, Tunisia
3062492	Rasmi_Soltani	1Department of Biological Sciences and Plant Protection, Agronomics Sciences Institute of Chott Meriam 4042 Sousse, Tunisia
3062492	Chaieb_lkbel	1Department of Biological Sciences and Plant Protection, Agronomics Sciences Institute of Chott Meriam 4042 Sousse, Tunisia
3062492	Med_Habib Ben Hamouda	1Department of Biological Sciences and Plant Protection, Agronomics Sciences Institute of Chott Meriam 4042 Sousse, Tunisia
3061587	J. R._Faleiro	Plant Protection Laboratory, ICAR Research Complex for Goa, Ela, Old Goa- 403 402, India
3061587	J._Ashok Kumar	Plant Protection Laboratory, ICAR Research Complex for Goa, Ela, Old Goa- 403 402, India
2375007	Zhen_Zou	Department of Entomology and Plant Pathology, Oklahoma State University, Stillwater, OK 74078, USA
2375007	Jay D_Evans	USDA-ARS Bee Research Laboratory, Beltsville, MD 20705, USA
2375007	Zhiqiang_Lu	Department of Entomology and Plant Pathology, Oklahoma State University, Stillwater, OK 74078, USA
2375007	Picheng_Zhao	Department of Entomology and Plant Pathology, Oklahoma State University, Stillwater, OK 74078, USA
2375007	Michael_Williams	Ume&#xE5; Centre for Molecular Pathogenesis, Ume&#xE5; University, Ume&#xE5; S-901 87, Sweden
2375007	Niranji_Sumathipala	Department of Entomology and Plant Pathology, Oklahoma State University, Stillwater, OK 74078, USA
2375007	Charles_Hetru	Institut Biol Mol&#xE9;c Cell, CNRS, Strasbourg 67084, France
2375007	Dan_Hultmark	Ume&#xE5; Centre for Molecular Pathogenesis, Ume&#xE5; University, Ume&#xE5; S-901 87, Sweden
2375007	Haobo_Jiang	Department of Entomology and Plant Pathology, Oklahoma State University, Stillwater, OK 74078, USA
2104736	Gi-Ho_Sung	Department of Botany and Plant Pathology, Oregon State University, Corvallis, OR 97331&#x2013;2902, U.S.A.
2104736	Nigel L._Hywel-Jones	Mycology Laboratory, National Center for Genetic Engineering and Biotechnology, Science Park, Pathum Thani, Thailand
2104736	Jae-Mo_Sung	Department of Applied Biology and Entomopathogenic Fungal Culture Collection (EFCC), Kangwon National University, Chuncheon 200-701, Republic of Korea
2104736	J. Jennifer_Luangsa-ard	Phylogenetics Laboratory, National Center for Genetic Engineering and Biotechnology, Science Park, Pathum Thani, Thailand.
2104736	Bhushan_Shrestha	Department of Applied Biology and Entomopathogenic Fungal Culture Collection (EFCC), Kangwon National University, Chuncheon 200-701, Republic of Korea
2104736	Joseph W._Spatafora	Department of Botany and Plant Pathology, Oregon State University, Corvallis, OR 97331&#x2013;2902, U.S.A.
524676	W. B._Hunter	United States Department of Agriculture, Agricultural Research Service, Horticultural Research Laboratory, 2001 South Rock Rd., Fort Pierce, Florida 34945
524676	S. L._Lapointe	United States Department of Agriculture, Agricultural Research Service, Horticultural Research Laboratory, 2001 South Rock Rd., Fort Pierce, Florida 34945
524649	W. B._Hunter	USDA-ARS, U.S. Horticultural Research Laboratory, 2001 South Rock Rd., Ft. Pierce, FL 34945.
524649	S. L._Lapointe	USDA-ARS, U.S. Horticultural Research Laboratory, 2001 South Rock Rd., Ft. Pierce, FL 34945.
524649	X. H._Sinisterra	Citrus Research and Education Center, Institute of Food and Agricultural Sciences, University of Florida, 700 Experiment Station Rd., Lake Alfred, FL 33850.
524649	D. S._Achor	USDA-ARS, Western Cotton Research Laboratory, 4135 E. Broadway Rd., Phoenix, AZ 85040.
524649	C. J._Funk	USDA-ARS, Western Cotton Research Laboratory, 4135 E. Broadway Rd., Phoenix, AZ 85040.
