pmcid	forename_lastname	affiliation
7469204	Anna_Skourti	Laboratory of Agricultural Zoology and Entomology, Department of Crop Science, Agricultural University of Athens, 75 Iera Odos str., 11855 Athens, Attica, Greece;  (N.E.P.)
7469204	Nickolas G._Kavallieratos	Laboratory of Agricultural Zoology and Entomology, Department of Crop Science, Agricultural University of Athens, 75 Iera Odos str., 11855 Athens, Attica, Greece;  (N.E.P.)
7469204	Nikos E._Papanikolaou	Laboratory of Agricultural Zoology and Entomology, Department of Crop Science, Agricultural University of Athens, 75 Iera Odos str., 11855 Athens, Attica, Greece;  (N.E.P.)
7442752	Mahmoud S._Abdel-Dayem	King Saud University Museum of Arthropods (KSMA), Plant Protection Department, College of Food and Agricultural Sciences, King Saud University, Riyadh, 11451, Saudi ArabiaKing Saud University Museum of ArthropodsRiyadhSaudi Arabia
7442752	Usama M. Abu_El-Ghiet	Biology Department, Faculty of Science, Jazan University, Jazan, Saudi ArabiaJazan UniversityJazanSaudi Arabia
7442752	Tarek M._Elsheikh	Biology Department, Faculty of Science, Jazan University, Jazan, Saudi ArabiaJazan UniversityJazanSaudi Arabia
7442752	Ali A._Elgharbawy	Zoology Department, Faculty of Science, Al-Azhar University, Cairo, EgyptAl-Azhar UniversityCairoEgypt
7442752	Zarrag I.A._Al-Fifi	Biology Department, Faculty of Science, Jazan University, Jazan, Saudi ArabiaJazan UniversityJazanSaudi Arabia
7442752	Hathal M._Aldhafer	King Saud University Museum of Arthropods (KSMA), Plant Protection Department, College of Food and Agricultural Sciences, King Saud University, Riyadh, 11451, Saudi ArabiaKing Saud University Museum of ArthropodsRiyadhSaudi Arabia
7404779	Akinbode A._Adedeji	Department of Biosystems and Agricultural Engineering, University of Kentucky, Lexington, KY 40546, USA;  (M.L.)
7404779	Nader_Ekramirad	Department of Biosystems and Agricultural Engineering, University of Kentucky, Lexington, KY 40546, USA;  (M.L.)
7404779	Ahmed_Rady	Department of Biosystems and Agricultural Engineering, University of Kentucky, Lexington, KY 40546, USA;  (M.L.)
7404779	Ali_Hamidisepehr	Department of Biosystems and Agricultural Engineering, University of Kentucky, Lexington, KY 40546, USA;  (M.L.)
7404779	Kevin D._Donohue	Department of Electrical and Computer Engineering, University of Kentucky, Lexington, KY 40506, USA;  (C.A.P.)
7404779	Raul T._Villanueva	Department of Entomology, University of Kentucky, Princeton, KY 42445-0469, USA; 
7404779	Chadwick A._Parrish	Department of Electrical and Computer Engineering, University of Kentucky, Lexington, KY 40506, USA;  (C.A.P.)
7404779	Mengxing_Li	Department of Biosystems and Agricultural Engineering, University of Kentucky, Lexington, KY 40546, USA;  (M.L.)
7404982	Mikel_Dom&#xED;nguez-Arrizabalaga	Institute for Multidisciplinary Research in Applied Biology-IMAB, Universidad P&#xFA;blica de Navarra, 31192 Mutilva, Navarra, Spain;  (M.V.)
7404982	Maite_Villanueva	Institute for Multidisciplinary Research in Applied Biology-IMAB, Universidad P&#xFA;blica de Navarra, 31192 Mutilva, Navarra, Spain;  (M.V.)
7404982	Baltasar_Escriche	Departamento de Gen&#xE9;tica/ERI BioTecMed, Universitat de Val&#xE8;ncia, Burjassot, 46100 Val&#xE8;ncia, Spain; 
7404982	Carmen_Anc&#xED;n-Azpilicueta	Departamento de Ciencias, Universidad P&#xFA;blica de Navarra, 31006 Pamplona, Spain; 
7404982	Primitivo_Caballero	Institute for Multidisciplinary Research in Applied Biology-IMAB, Universidad P&#xFA;blica de Navarra, 31192 Mutilva, Navarra, Spain;  (M.V.)
7349354	Angelica_Plata-Rueda	Department of Entomology, Federal University of Vi&#xE7;osa, Vi&#xE7;osa, MG 36570-000, Brazil;  (J.C.Z.)
7349354	Gabriela Da Silva_Rolim	Department of Crop Science, Federal University of Vi&#xE7;osa, Vi&#xE7;osa, MG 36570-000, Brazil; 
7349354	Carlos Frederico_Wilcken	Department of Plant Protection, Paulista State University, Botucatu, SP 18603-970, Brazil; 
7349354	Jos&#xE9; Cola_Zanuncio	Department of Entomology, Federal University of Vi&#xE7;osa, Vi&#xE7;osa, MG 36570-000, Brazil;  (J.C.Z.)
7349354	Jos&#xE9; Eduardo_Serr&#xE3;o	Department of General Biology, Federal University of Vi&#xE7;osa, Vi&#xE7;osa, MG 36570-000, Brazil; 
7349354	Luis Carlos_Mart&#xED;nez	Department of General Biology, Federal University of Vi&#xE7;osa, Vi&#xE7;osa, MG 36570-000, Brazil; 
7348853	Darija_Lemic	Department for Agricultural Zoology, Faculty of Agriculture, University of Zagreb, 10000 Zagreb, Croatia;  (I.P.&#x17D;.)
7348853	Katarina M._Mikac	Centre for Sustainable Ecosystem Solutions, School of Earth, Atmospheric and Life Sciences, Faculty of Science, Medicine and Health, University of Wollongong, 2522 Wollongong, Australia; 
7348853	Matej_Genda	Department for Agricultural Zoology, Faculty of Agriculture, University of Zagreb, 10000 Zagreb, Croatia;  (I.P.&#x17D;.)
7348853	&#x17D;eljko_Juki&#x107;	Department of Field Crops, Forage and Grassland, Faculty of Agriculture, University of Zagreb, 10000 Zagreb, Croatia; 
7348853	Ivana_Paja&#x10D; &#x17D;ivkovi&#x107;	Department for Agricultural Zoology, Faculty of Agriculture, University of Zagreb, 10000 Zagreb, Croatia;  (I.P.&#x17D;.)
7353542	Asgar_Ebadollahi	Moghan College of Agriculture and Natural Resources, University of Mohaghegh Ardabili, Ardabil 56199-36514, Iran
7353542	William N._Setzer	Department of Chemistry, University of Alabama in Huntsville, Huntsville, AL 35899, USA
7287993	Mariano_C&#xE1;ceres	Centro de Investigaciones de Plagas e Insecticidas (UNIDEF&#x2013;CITEDEF, CONICET), San Juan Bautista de La Salle 4397, Villa Martelli 1603, Buenos Aires, Argentina;  (C.V.V.)
7287993	Eduardo_Guzm&#xE1;n	Departamento de Qu&#xED;mica F&#xED;sica, Facultad de Ciencias Qu&#xED;micas, Universidad Complutense de Madrid, Ciudad Universitaria s/n, 28040 Madrid, Spain;  (R.G.R.)
7287993	Agust&#xED;n_Alvarez-Costa	Departamento de Biodiversidad y Biolog&#xED;a Experimental, Facultad de Ciencias Exactas y Naturales, Universidad de Buenos Aires, Ciudad Universitaria, Ciudad Aut&#xF3;noma de Buenos Aires 1428, Argentina; 
7287993	Francisco_Ortega	Departamento de Qu&#xED;mica F&#xED;sica, Facultad de Ciencias Qu&#xED;micas, Universidad Complutense de Madrid, Ciudad Universitaria s/n, 28040 Madrid, Spain;  (R.G.R.)
7287993	Ram&#xF3;n_G. Rubio	Departamento de Qu&#xED;mica F&#xED;sica, Facultad de Ciencias Qu&#xED;micas, Universidad Complutense de Madrid, Ciudad Universitaria s/n, 28040 Madrid, Spain;  (R.G.R.)
7287993	Carlos_Coviella	Instituto de Ecolog&#xED;a y Desarrollo Sustentable (INEDES, CONICET-UNLu), Ruta 5 y Avenida Constituci&#xF3;n, Luj&#xE1;n 6700, Buenos Aires, Argentina; 
7287993	Pablo L._Santo Orihuela	Centro de Investigaciones de Plagas e Insecticidas (UNIDEF&#x2013;CITEDEF, CONICET), San Juan Bautista de La Salle 4397, Villa Martelli 1603, Buenos Aires, Argentina;  (C.V.V.)
7287993	Claudia V._Vassena	Centro de Investigaciones de Plagas e Insecticidas (UNIDEF&#x2013;CITEDEF, CONICET), San Juan Bautista de La Salle 4397, Villa Martelli 1603, Buenos Aires, Argentina;  (C.V.V.)
7287993	Alejandro_Lucia	Instituto de Ecolog&#xED;a y Desarrollo Sustentable (INEDES, CONICET-UNLu), Ruta 5 y Avenida Constituci&#xF3;n, Luj&#xE1;n 6700, Buenos Aires, Argentina; 
7291318	Maria C._Boukouvala	Laboratory of Agricultural Zoology and Entomology, Department of Crop Science, Agricultural University of Athens, 75 Iera Odos str., 11855 Athens, Attica, Greece
7291318	Nickolas G._Kavallieratos	Laboratory of Agricultural Zoology and Entomology, Department of Crop Science, Agricultural University of Athens, 75 Iera Odos str., 11855 Athens, Attica, Greece
7221655	Andrea_Menichetti	Department of Pharmacy, University of Pisa, via Bonanno 33, 56126 Pisa, Italy;  (S.D.P.)
7221655	Sebastiano_Di Pietro	Department of Pharmacy, University of Pisa, via Bonanno 33, 56126 Pisa, Italy;  (S.D.P.)
7221655	Valeria_Di Bussolo	Department of Chemistry and Industrial Chemistry, University of Pisa, via Moruzzi 3, 56124 Pisa, Italy; 
7221655	Lucilla_Favero	Department of Pharmacy, University of Pisa, via Bonanno 33, 56126 Pisa, Italy;  (S.D.P.)
7221655	Mauro_Pineschi	Department of Pharmacy, University of Pisa, via Bonanno 33, 56126 Pisa, Italy;  (S.D.P.)
7240364	Nickolas G._Kavallieratos	Laboratory of Agricultural Zoology and Entomology, Department of Crop Science, Agricultural University of Athens, 75 Iera Odos str., 11855 Athens, Attica, Greece;  (A.S.)
7240364	Goran_Andri&#x107;	Laboratory of Agricultural Zoology and Entomology, Department of Crop Science, Agricultural University of Athens, 75 Iera Odos str., 11855 Athens, Attica, Greece;  (A.S.)
7240364	Marijana_Pra&#x17E;i&#x107; Goli&#x107;	Laboratory of Agricultural Zoology and Entomology, Department of Crop Science, Agricultural University of Athens, 75 Iera Odos str., 11855 Athens, Attica, Greece;  (A.S.)
7240364	Erifili P._Nika	Laboratory of Agricultural Zoology and Entomology, Department of Crop Science, Agricultural University of Athens, 75 Iera Odos str., 11855 Athens, Attica, Greece;  (A.S.)
7240364	Anna_Skourti	Laboratory of Agricultural Zoology and Entomology, Department of Crop Science, Agricultural University of Athens, 75 Iera Odos str., 11855 Athens, Attica, Greece;  (A.S.)
7240364	Petar_Kljaji&#x107;	Institute of Pesticides and Environmental Protection, Banatska 31b, 11080 Belgrade, Serbia; 
7240364	Nikos E._Papanikolaou	Laboratory of Agricultural Zoology and Entomology, Department of Crop Science, Agricultural University of Athens, 75 Iera Odos str., 11855 Athens, Attica, Greece;  (A.S.)
7143226	Jun-Yu_Liang	School of Life Science, Northwest Normal University, Lanzhou 730070, Gansu, China;  (J.-L.W.)
7143226	Jie_Xu	School of Life Science, Northwest Normal University, Lanzhou 730070, Gansu, China;  (J.-L.W.)
7143226	Ying-Ying_Yang	School of Life Science, Northwest Normal University, Lanzhou 730070, Gansu, China;  (J.-L.W.)
7143226	Ya-Zhou_Shao	School of Life Science, Northwest Normal University, Lanzhou 730070, Gansu, China;  (J.-L.W.)
7143226	Feng_Zhou	School of Life Science, Northwest Normal University, Lanzhou 730070, Gansu, China;  (J.-L.W.)
7143226	Jun-Long_Wang	School of Life Science, Northwest Normal University, Lanzhou 730070, Gansu, China;  (J.-L.W.)
7076031	Isabel Moreira_da Silva	0000 0000 8338 6359grid.12799.34Departamento de Fitotecnia, Universidade Federal de Vi&#xE7;osa, 36570-900 Vi&#xE7;osa, Minas Gerais Brasil 
7076031	Jos&#xE9; Cola_Zanuncio	0000 0000 8338 6359grid.12799.34Departamento de Entomologia/BIOAGRO, Universidade Federal de Vi&#xE7;osa, 36570-900 Vi&#xE7;osa, Minas Gerais Brasil 
7076031	Bruno Pandelo_Br&#xFC;gger	0000 0000 8338 6359grid.12799.34Departamento de Entomologia/BIOAGRO, Universidade Federal de Vi&#xE7;osa, 36570-900 Vi&#xE7;osa, Minas Gerais Brasil 
7076031	Marcus Alvarenga_Soares	0000 0004 0643 9823grid.411287.9Programa de P&#xF3;s-Gradua&#xE7;&#xE3;o em Produ&#xE7;&#xE3;o Vegetal, Universidade Federal dos Vales Jequitinhonha e Mucuri, 39100-000 Diamantina, Minas Gerais Brasil 
7076031	Ant&#xF4;nio Jos&#xE9; Vinha_Zanuncio	0000 0000 8338 6359grid.12799.34Departamento de Engenharia Florestal, Universidade Federal de Vi&#xE7;osa, 36570-900 Vi&#xE7;osa, Minas Gerais Brasil 
7076031	Carlos Frederico_Wilcken	0000 0001 2188 478Xgrid.410543.7Departamento de Prote&#xE7;&#xE3;o Vegetal, Universidade Estadual Paulista, Botucatu, S&#xE3;o Paulo Brasil 
7076031	Wagner de Souza_Tavares	Asia Pacific Resources International Holdings Limited, Riau Andalan Pulp and Paper, Pangkalan Kerinci, Riau 28300 Indonesia 
7076031	Jos&#xE9; Eduardo_Serr&#xE3;o	0000 0000 8338 6359grid.12799.34Departamento de Biologia Geral, Universidade Federal de Vi&#xE7;osa, 36570-900 Vi&#xE7;osa, Minas Gerais Brasil 
7076031	Carlos Sigueyuki_Sediyama	0000 0000 8338 6359grid.12799.34Departamento de Fitotecnia, Universidade Federal de Vi&#xE7;osa, 36570-900 Vi&#xE7;osa, Minas Gerais Brasil 
7154898	Himashree_Bora	Department of Forestry, North Eastern Regional Institute of Science and Technology, Nirjuli 791109, India;  (M.K.)
7154898	Madhu_Kamle	Department of Forestry, North Eastern Regional Institute of Science and Technology, Nirjuli 791109, India;  (M.K.)
7154898	Dipendra Kumar_Mahato	School of Exercise and Nutrition Sciences, Deakin University, 221 Burwood Hwy, Burwood, VIC 3125, Australia; 
7154898	Pragya_Tiwari	Department of Biotechnology, Yeungnam University, Gyeongsan, Gyeongbuk 38541, Korea
7154898	Pradeep_Kumar	Department of Forestry, North Eastern Regional Institute of Science and Technology, Nirjuli 791109, India;  (M.K.)
7179150	Ghader_Ghasemi	Department of Horticultural Sciences, Faculty of Agriculture, Urmia University, Urmia 5756151818, Iran; 
7179150	Abolfazl_Alirezalu	Department of Horticultural Sciences, Faculty of Agriculture, Urmia University, Urmia 5756151818, Iran; 
7179150	Youbert_Ghosta	Department of Plant Protection, Faculty of Agriculture, Urmia University, Urmia 165-5715944931, Iran;  (S.A.S.)
7179150	Azadeh_Jarrahi	Department of Plant Protection, Faculty of Agriculture, Urmia University, Urmia 165-5715944931, Iran;  (S.A.S.)
7179150	Seyed Ali_Safavi	Department of Plant Protection, Faculty of Agriculture, Urmia University, Urmia 165-5715944931, Iran;  (S.A.S.)
7179150	Mahdi_Abbas-Mohammadi	Department of Phytochemistry, Medicinal Plants and Drugs Research Institute, Shahid Beheshti University, Tehran 1983969411, Iran; 
7179150	Francisco J._Barba	Nutrition and Food Science Area, Preventive Medicine and Public Health, Food Sciences, Toxicology and Forensic Medicine Department, Faculty of Pharmacy, Universitat de Val&#xE8;ncia, Avda. Vicent Andr&#xE9;s Estell&#xE9;s, s/n, 46100 Burjassot, Val&#xE8;ncia, Spain; 
7179150	Paulo E. S._Munekata	Centro Tecnol&#xF3;gico de la Carne de Galicia, r&#xFA;a Galicia n&#xB0; 4, Parque Tecnol&#xF3;gico de Galicia, 16 San Cibrao das Vi&#xF1;as, 32900 Ourense, Spain (R.D.)
7179150	Rub&#xE9;n_Dom&#xED;nguez	Centro Tecnol&#xF3;gico de la Carne de Galicia, r&#xFA;a Galicia n&#xB0; 4, Parque Tecnol&#xF3;gico de Galicia, 16 San Cibrao das Vi&#xF1;as, 32900 Ourense, Spain (R.D.)
7179150	Jos&#xE9; M._Lorenzo	Centro Tecnol&#xF3;gico de la Carne de Galicia, r&#xFA;a Galicia n&#xB0; 4, Parque Tecnol&#xF3;gico de Galicia, 16 San Cibrao das Vi&#xF1;as, 32900 Ourense, Spain (R.D.)
7143747	Christos G._Athanassiou	Laboratory of Entomology and Agricultural Zoology, Department of Agriculture, Crop Production and Rural Environment, University of Thessaly, Phytokou Str., Nea Ionia 38446, Magnissia, Greece
7143747	Frank H._Arthur	Center for Grain and Animal Health Research, Agricultural Research Service, United States Department of Agriculture (USDA), 1515 College Avenue, Manhattan, KS 66502, USA; 
7142774	Frank H._Arthur	USDA, Agricultural Research Service, Center for Grain and Animal Health Research, 1515 Manhattan, KS 66502, USA;  (W.R.M.III)
7142774	Christos G._Athanassiou	USDA, Agricultural Research Service, Center for Grain and Animal Health Research, 1515 Manhattan, KS 66502, USA;  (W.R.M.III)
7142774	W. Robert_Morrison	USDA, Agricultural Research Service, Center for Grain and Animal Health Research, 1515 Manhattan, KS 66502, USA;  (W.R.M.III)
7070424	Esztella_Balla	Department of Fluid Mechanics, Faculty of Mechanical Engineering, Budapest University of Technology and Economics, Bertalan Lajos utca 4-6, H-1111 Budapest, Hungary; 
7070424	Norbert_Fl&#xF3;ri&#xE1;n	Centre for Agricultural Research, Institute for Soil Sciences and Agricultural Chemistry, Herman Ott&#xF3; &#xFA;t 15, H-1022 Budapest, Hungary;  (T.N.)
7070424	Veronika_Gerg&#xF3;cs	Centre for Agricultural Research, Institute for Soil Sciences and Agricultural Chemistry, Herman Ott&#xF3; &#xFA;t 15, H-1022 Budapest, Hungary;  (T.N.)
7070424	Laura_Gr&#xE1;nicz	Centre for Agricultural Research, Institute for Soil Sciences and Agricultural Chemistry, Herman Ott&#xF3; &#xFA;t 15, H-1022 Budapest, Hungary;  (T.N.)
7070424	Franciska_T&#xF3;th	Centre for Agricultural Research, Institute for Soil Sciences and Agricultural Chemistry, Herman Ott&#xF3; &#xFA;t 15, H-1022 Budapest, Hungary;  (T.N.)
7070424	T&#xED;mea_N&#xE9;meth	Centre for Agricultural Research, Institute for Soil Sciences and Agricultural Chemistry, Herman Ott&#xF3; &#xFA;t 15, H-1022 Budapest, Hungary;  (T.N.)
7070424	Mikl&#xF3;s_Dombos	Centre for Agricultural Research, Institute for Soil Sciences and Agricultural Chemistry, Herman Ott&#xF3; &#xFA;t 15, H-1022 Budapest, Hungary;  (T.N.)
7073766	Wenchao_Ge	State Key Laboratory for Conservation and Utilization of Bio-Resources in Yunnan, College of Plant Protection, Yunnan Agricultural University, Kunming 650201, China;  (Z.L.)
7073766	Guangzu_Du	State Key Laboratory for Conservation and Utilization of Bio-Resources in Yunnan, College of Plant Protection, Yunnan Agricultural University, Kunming 650201, China;  (Z.L.)
7073766	Limin_Zhang	State Key Laboratory for Conservation and Utilization of Bio-Resources in Yunnan, College of Plant Protection, Yunnan Agricultural University, Kunming 650201, China;  (Z.L.)
7073766	Zhengyue_Li	State Key Laboratory for Conservation and Utilization of Bio-Resources in Yunnan, College of Plant Protection, Yunnan Agricultural University, Kunming 650201, China;  (Z.L.)
7073766	Guanli_Xiao	College of Agronomy and Biotechnology, Yunnan Agricultural University, Kunming 650201, China
7073766	Bin_Chen	State Key Laboratory for Conservation and Utilization of Bio-Resources in Yunnan, College of Plant Protection, Yunnan Agricultural University, Kunming 650201, China;  (Z.L.)
7076379	G. Mandela_Fern&#xE1;ndez-Grandon	Natural Resources Institute, University of Greenwich, Central Avenue, Chatham Maritime, Kent ME4 4TB, UK
7076379	Steven J._Harte	Natural Resources Institute, University of Greenwich, Central Avenue, Chatham Maritime, Kent ME4 4TB, UK
7076379	Jaspher_Ewany	Natural Resources Institute, University of Greenwich, Central Avenue, Chatham Maritime, Kent ME4 4TB, UK
7076379	Daniel_Bray	Natural Resources Institute, University of Greenwich, Central Avenue, Chatham Maritime, Kent ME4 4TB, UK
7076379	Philip C._Stevenson	Natural Resources Institute, University of Greenwich, Central Avenue, Chatham Maritime, Kent ME4 4TB, UK
7020479	Fuqiang_Zhao	College of Life Science and Bioengineering, Shenyang University, Shenyang 110044, Liaoning, China; 
7020479	Ping_Wang	National Center for Pharmaceutical Crops, Arthur Temple College of Forestry and Agriculture, Stephen F. Austin State University, Nacogdoches, TX 75962, USA (Z.S.)
7020479	Rima D._Lucardi	Southern Research Station, USDA Forest Service, 320 Green Street, Athens, GA 30602, USA; 
7020479	Zushang_Su	National Center for Pharmaceutical Crops, Arthur Temple College of Forestry and Agriculture, Stephen F. Austin State University, Nacogdoches, TX 75962, USA (Z.S.)
7020479	Shiyou_Li	National Center for Pharmaceutical Crops, Arthur Temple College of Forestry and Agriculture, Stephen F. Austin State University, Nacogdoches, TX 75962, USA (Z.S.)
6955951	Anamika_Sharma	Montana State University, Western Triangle Agricultural Research Center, 9546 Old Shelby Rd, P.O. Box 656, Conrad, MT 59425, USA;  (R.K.S.)
6955951	Ramandeep Kaur_Sandhi	Montana State University, Western Triangle Agricultural Research Center, 9546 Old Shelby Rd, P.O. Box 656, Conrad, MT 59425, USA;  (R.K.S.)
6955951	Gadi V. P._Reddy	USDA-ARS, Southern Insect Management Research Unit, 141 Experiment Station Road, P.O. Box 346, Stoneville, MS 38776, USA
6930496	Abid_Hussain	Laboratory of Bio-Control and Molecular Biology, Department of Arid Land Agriculture, College of Agricultural and Food Sciences, King Faisal University, Hofuf 31982, Al-Ahsa, Saudi Arabia; 
6930496	Ahmed Mohammed_AlJabr	Laboratory of Bio-Control and Molecular Biology, Department of Arid Land Agriculture, College of Agricultural and Food Sciences, King Faisal University, Hofuf 31982, Al-Ahsa, Saudi Arabia; 
6930496	Hassan_Al-Ayedh	Ministry of Environment, Water and Agriculture, Riyadh 11442, Saudi Arabia; 
6869320	Mureed_Husain	0000 0004 1773 5396grid.56302.32Economic Entomology Research Unit, Department of Plant Protection, College of Food and Agriculture Sciences, King Saud University, 2460, Riyadh, 11451 Kingdom of Saudi Arabia 
6869320	Muhammad_Tufail	grid.448869.fGhazi University, Dera Ghazi Khan, Punjab Pakistan 
6869320	Khalid_Mehmood	0000 0004 1773 5396grid.56302.32Economic Entomology Research Unit, Department of Plant Protection, College of Food and Agriculture Sciences, King Saud University, 2460, Riyadh, 11451 Kingdom of Saudi Arabia 
6869320	Khawaja Ghulam_Rasool	0000 0004 1773 5396grid.56302.32Economic Entomology Research Unit, Department of Plant Protection, College of Food and Agriculture Sciences, King Saud University, 2460, Riyadh, 11451 Kingdom of Saudi Arabia 
6869320	Abdulrahman Saad_Aldawood	0000 0004 1773 5396grid.56302.32Economic Entomology Research Unit, Department of Plant Protection, College of Food and Agriculture Sciences, King Saud University, 2460, Riyadh, 11451 Kingdom of Saudi Arabia 
6885263	Oladayo Amed_Idris	Medicinal Plants and Economic Development (MPED) Research Centre, Department of Botany, University of Fort Hare, Alice 5700, South Africa
6885263	Olubunmi Abosede_Wintola	Medicinal Plants and Economic Development (MPED) Research Centre, Department of Botany, University of Fort Hare, Alice 5700, South Africa
6885263	Anthony Jide_Afolayan	Medicinal Plants and Economic Development (MPED) Research Centre, Department of Botany, University of Fort Hare, Alice 5700, South Africa
6835372	Darija_Lemic	University of Zagreb, Faculty of Agriculture, Department for Agricultural Zoology, Sveto&#x161;imunska 25, 10000 Zagreb, Croatia;  (I.P.Z.)
6835372	Davor_Jembrek	University of Zagreb, Faculty of Agriculture, Department for Agricultural Zoology, Sveto&#x161;imunska 25, 10000 Zagreb, Croatia;  (I.P.Z.)
6835372	Renata_Ba&#x17E;ok	University of Zagreb, Faculty of Agriculture, Department for Agricultural Zoology, Sveto&#x161;imunska 25, 10000 Zagreb, Croatia;  (I.P.Z.)
6835372	Ivana_Paja&#x10D; &#x17D;ivkovi&#x107;	University of Zagreb, Faculty of Agriculture, Department for Agricultural Zoology, Sveto&#x161;imunska 25, 10000 Zagreb, Croatia;  (I.P.Z.)
6864215	Waleed S._Alwaneen	National Center for Agricultural Technology (NCAT), King Abdulaziz City for Science and Technology (KACST), P.O. Box 6086, Riyadh, Saudi Arabia
6864215	Mureed_Husain	Economic Entomology Research Unit, Department of Plant Protection, College of Food and Agriculture Sciences, King Saud University, P.O. Box 2460, Riyadh, Saudi Arabia
6864215	Khawaja G._Rasool	Economic Entomology Research Unit, Department of Plant Protection, College of Food and Agriculture Sciences, King Saud University, P.O. Box 2460, Riyadh, Saudi Arabia
6864215	Mohannad A._Alwatban	National Center for Agricultural Technology (NCAT), King Abdulaziz City for Science and Technology (KACST), P.O. Box 6086, Riyadh, Saudi Arabia
6864215	Shehzad_Salman	Economic Entomology Research Unit, Department of Plant Protection, College of Food and Agriculture Sciences, King Saud University, P.O. Box 2460, Riyadh, Saudi Arabia
6864215	Farid A._Shaheen	Department of Entomology, Pir Mehr Ali Shah Arid Agriculture University, P.O. Box 46300, Pakistan
6864215	Mona A._Alduailij	Computer Science Department, College of Computer and Information Sciences, Princess Nourah bint Abdulrahman University, P.O. Box 8957, Riyadh, Saudi Arabia
6864215	Abdulrahman S._Aldawood	Economic Entomology Research Unit, Department of Plant Protection, College of Food and Agriculture Sciences, King Saud University, P.O. Box 2460, Riyadh, Saudi Arabia
6854331	Emma_Berdan	1Department of Marine SciencesUniversity of GothenburgG&#xF6;teborgSweden
6854331	Swantje_Enge	2Institute for Chemistry and Biology of the Marine EnvironmentCarl&#x2010;von&#x2010;Ossietzky University OldenburgWilhelmshavenGermany
6854331	G&#xF6;ran M._Nylund	3Department of Marine Sciences &#x2013; Tj&#xE4;rn&#xF6;University of GothenburgStr&#xF6;mstadSweden
6854331	Maren_Wellenreuther	4Plant &amp; Food Research LimitedNelsonNew Zealand
6854331	Gerrit A._Martens	6Institute for ZoologyUniversity of HamburgHamburgGermany
6854331	Henrik_Pavia	3Department of Marine Sciences &#x2013; Tj&#xE4;rn&#xF6;University of GothenburgStr&#xF6;mstadSweden
6731771	Muhammad_Fiaz	Departamento de Entomologia, Universidade Federal de Vi&#xE7;osa, Vi&#xE7;osa, Minas Gerais, Brazil
6731771	Luis Carlos_Mart&#xED;nez	Departamento de Biologia Geral, Universidade Federal de Vi&#xE7;osa, Vi&#xE7;osa, Minas Gerais, Brazil
6731771	Angelica_Plata-Rueda	Departamento de Entomologia, Universidade Federal de Vi&#xE7;osa, Vi&#xE7;osa, Minas Gerais, Brazil
6731771	Wagner Gonzaga_Gon&#xE7;alves	Departamento de Biologia Geral, Universidade Federal de Vi&#xE7;osa, Vi&#xE7;osa, Minas Gerais, Brazil
6731771	Debora Linhares Lino_de Souza	Departamento de Biologia Geral, Universidade Federal de Vi&#xE7;osa, Vi&#xE7;osa, Minas Gerais, Brazil
6731771	Jamile Fernanda Silva_Cossolin	Departamento de Biologia Geral, Universidade Federal de Vi&#xE7;osa, Vi&#xE7;osa, Minas Gerais, Brazil
6731771	Paulo Eduardo Gomes Rodrigues_Carvalho	Departamento de Biologia Geral, Universidade Federal de Vi&#xE7;osa, Vi&#xE7;osa, Minas Gerais, Brazil
6731771	Gustavo Ferreira_Martins	Departamento de Biologia Geral, Universidade Federal de Vi&#xE7;osa, Vi&#xE7;osa, Minas Gerais, Brazil
6731771	Jos&#xE9; Eduardo_Serr&#xE3;o	Departamento de Biologia Geral, Universidade Federal de Vi&#xE7;osa, Vi&#xE7;osa, Minas Gerais, Brazil
6780930	Giacinto S._Germinara	Department of the Sciences of Agriculture, Food and Environment, University of Foggia, Via Napoli 25, 71100 Foggia (FG), Italy
6780930	Marco_Pistillo	Department of the Sciences of Agriculture, Food and Environment, University of Foggia, Via Napoli 25, 71100 Foggia (FG), Italy
6780930	Raffaele_Griffo	Plant Protection Service of Campania Region, Centro Direzionale, Isola A6, 80124 Naples, Italy
6780930	Antonio P._Garonna	Department of Agriculture, University of Naples Federico II, Via Universit&#xE0; 100, 80055 Portici, Italy
6780930	Antonella_Di Palma	Department of the Sciences of Agriculture, Food and Environment, University of Foggia, Via Napoli 25, 71100 Foggia (FG), Italy
6687883	Masatoshi_Hori	0000 0001 2248 6943grid.69566.3aGraduate School of Agricultural Science, Tohoku University, Sendai, Miyagi 980-8572 Japan 
6687883	Yoshimi_Aoki	0000 0001 2248 6943grid.69566.3aGraduate School of Agricultural Science, Tohoku University, Sendai, Miyagi 980-8572 Japan 
6687883	Kazutaka_Shinoda	Insect Pheromone &amp; Traps Division, Fuji Flavor Co., Ltd., Hamura, Tokyo 205-8503 Japan 
6687883	Mitsuo_Chiba	Insect Pheromone &amp; Traps Division, Fuji Flavor Co., Ltd., Hamura, Tokyo 205-8503 Japan 
6687883	Rikiya_Sasaki	Insect Pheromone &amp; Traps Division, Fuji Flavor Co., Ltd., Hamura, Tokyo 205-8503 Japan 
6671970	Lucas Henrique Figueiredo_Prates	0000 0000 8338 6359grid.12799.34Departamento de Engenharia Agr&#xED;cola, Universidade Federal de Vi&#xE7;osa, Vi&#xE7;osa, 36570900 Minas Gerais Brazil 
6671970	L&#xEA;da Rita D&#x2019;Antonino_Faroni	0000 0000 8338 6359grid.12799.34Departamento de Engenharia Agr&#xED;cola, Universidade Federal de Vi&#xE7;osa, Vi&#xE7;osa, 36570900 Minas Gerais Brazil 
6671970	Fernanda Fernandes_Heleno	Servi&#xE7;o Aut&#xF4;nomo de &#xC1;gua e Esgoto, SAAE, Senador Firmino, 36540000 Minas Gerais Brazil 
6671970	Maria Eliana Lopes Ribeiro_de Queiroz	0000 0000 8338 6359grid.12799.34Departamento de Qu&#xED;mica, Universidade Federal de Vi&#xE7;osa, Vi&#xE7;osa, 36570900 Minas Gerais Brazil 
6671970	Adalberto Hip&#xF3;lito_de Sousa	0000 0000 8338 6359grid.12799.34Departamento de Engenharia Agr&#xED;cola, Universidade Federal de Vi&#xE7;osa, Vi&#xE7;osa, 36570900 Minas Gerais Brazil 
6671970	Marcus Vin&#xED;cius de Assis_Silva	0000 0000 8338 6359grid.12799.34Departamento de Engenharia Agr&#xED;cola, Universidade Federal de Vi&#xE7;osa, Vi&#xE7;osa, 36570900 Minas Gerais Brazil 
6627951	Suttida_Suwannayod	Department of Parasitology, Faculty of Medicine, Chiang Mai University, Chiang Mai 50200, Thailand;  (P.S.)
6627951	Kabkaew L._Sukontason	Department of Parasitology, Faculty of Medicine, Chiang Mai University, Chiang Mai 50200, Thailand;  (P.S.)
6627951	Benjawan_Pitasawat	Department of Parasitology, Faculty of Medicine, Chiang Mai University, Chiang Mai 50200, Thailand;  (P.S.)
6627951	Anuluck_Junkum	Department of Parasitology, Faculty of Medicine, Chiang Mai University, Chiang Mai 50200, Thailand;  (P.S.)
6627951	Kwankamol_Limsopatham	Department of Parasitology, Faculty of Medicine, Chiang Mai University, Chiang Mai 50200, Thailand;  (P.S.)
6627951	Malcolm K._Jones	School of Veterinary Sciences, The University of Queensland, Gatton 4343, Australia; 
6627951	Pradya_Somboon	Department of Parasitology, Faculty of Medicine, Chiang Mai University, Chiang Mai 50200, Thailand;  (P.S.)
6627951	Ratana_Leksomboon	College of Medicine and Public Health, Ubon Ratchathani University, Ubon Ratchathani 34190, Thailand; 
6627951	Theeraphap_Chareonviriyaphap	Department of Entomology, Faculty of Agriculture, Kasetsart University, Bangkok 10900, Thailand; 
6627951	Apiwat_Tawatsin	Department of Medical Sciences, Ministry of Public Health, Nonthaburi 11000, Thailand;  (U.T.)
6627951	Usavadee_Thavara	Department of Medical Sciences, Ministry of Public Health, Nonthaburi 11000, Thailand;  (U.T.)
6627951	Kom_Sukontason	Department of Parasitology, Faculty of Medicine, Chiang Mai University, Chiang Mai 50200, Thailand;  (P.S.)
6627971	Maria Laene_Moreira de Carvalho	Department of Agriculture, Universidade Federal de Lavras-UFLA, P.O. Box 3037, Lavras 37200-000, Minas Gerais, Brazil;  (E.R.M.)
6627971	Eva_Rezende Leite	Department of Agriculture, Universidade Federal de Lavras-UFLA, P.O. Box 3037, Lavras 37200-000, Minas Gerais, Brazil;  (E.R.M.)
6627971	Geraldo Andrade_Carvalho	Department of Entomology, Universidade Federal de Lavras-UFLA, P.O. Box 3037, Lavras 37200-000, Minas Gerais, Brazil; 
6627971	Fabiano_Fran&#xE7;a-Silva	Department of Agriculture, Universidade Federal de Lavras-UFLA, P.O. Box 3037, Lavras 37200-000, Minas Gerais, Brazil;  (E.R.M.)
6627971	Dayliane_Bernardes de Andrade	Department of Agriculture, Universidade Federal de Lavras-UFLA, P.O. Box 3037, Lavras 37200-000, Minas Gerais, Brazil;  (E.R.M.)
6627971	Elizabeth Rosemeire_Marques	Department of Agriculture, Universidade Federal de Lavras-UFLA, P.O. Box 3037, Lavras 37200-000, Minas Gerais, Brazil;  (E.R.M.)
6572361	&#xC1;lvaro_Rodr&#xED;guez-Gonz&#xE1;lez	Grupo Universitario de Investigaci&#xF3;n en Ingenier&#xED;a y Agricultura Sostenible (GUIIAS), Instituto de Medio Ambiente Recursos Naturales y Biodiversidad. Universidad de Le&#xF3;n, Avenida de Portugal 41, 24071 Le&#xF3;n, Spain;  (P.A.C.)
6572361	Samuel_&#xC1;lvarez-Garc&#xED;a	Grupo Universitario de Investigaci&#xF3;n en Ingenier&#xED;a y Agricultura Sostenible (GUIIAS), Instituto de Medio Ambiente Recursos Naturales y Biodiversidad. Universidad de Le&#xF3;n, Avenida de Portugal 41, 24071 Le&#xF3;n, Spain;  (P.A.C.)
6572361	&#xD3;scar_Gonz&#xE1;lez-L&#xF3;pez	Grupo Universitario de Investigaci&#xF3;n en Ingenier&#xED;a y Agricultura Sostenible (GUIIAS), Instituto de Medio Ambiente Recursos Naturales y Biodiversidad. Universidad de Le&#xF3;n, Avenida de Portugal 41, 24071 Le&#xF3;n, Spain;  (P.A.C.)
6572361	Franceli_Da Silva	Universidad Federal de Reconcavo de Bahia, Rui Barbosa 710, CEP 44380-000 Cruz das Almas, Brazil; 
6572361	Pedro A._Casquero	Grupo Universitario de Investigaci&#xF3;n en Ingenier&#xED;a y Agricultura Sostenible (GUIIAS), Instituto de Medio Ambiente Recursos Naturales y Biodiversidad. Universidad de Le&#xF3;n, Avenida de Portugal 41, 24071 Le&#xF3;n, Spain;  (P.A.C.)
6571962	Vaclav_Stejskal	Crop Research Institute, Drnovska 507/73, CZ-16106 Prague 6-Ruzyne, Czech Republic;  (R.A.)
6571962	Tomas_Vendl	Crop Research Institute, Drnovska 507/73, CZ-16106 Prague 6-Ruzyne, Czech Republic;  (R.A.)
6571962	Zhihong_Li	Key Laboratory of Ministry of Agriculture for Monitoring and Green Management of Crop Pests, Department of Entomology, College of Plant Protection, China Agricultural University, Beijing 100193, China; 
6571962	Radek_Aulicky	Crop Research Institute, Drnovska 507/73, CZ-16106 Prague 6-Ruzyne, Czech Republic;  (R.A.)
6502792	Yu_Cao	0000 0004 1762 5410grid.464322.5Guizhou Provincial Key Laboratory for Rare Animal and Economic Insect of the Mountainous Region, Department of Biology and Engineering of Environment, Guiyang University, Guiyang, Guizhou 550005 P.R. China 
6502792	Giovanni_Benelli	0000 0004 1757 3729grid.5395.aDepartment of Agriculture, Food and Environment, University of Pisa, via del Borghetto 80, 56124 Pisa, Italy 
6502792	Giacinto Salvatore_Germinara	0000000121049995grid.10796.39Department of the Sciences of Agriculture, Food and Environment, University of Foggia, Via Napoli 25, Foggia, 71122 Italy 
6502792	Filippo_Maggi	0000 0000 9745 6549grid.5602.1School of Pharmacy, University of Camerino, Via Sant&#x2019;Agostino 1, 62032 Camerino, Italy 
6502792	Yuanjie_Zhang	0000 0004 1762 5410grid.464322.5Guizhou Provincial Key Laboratory for Rare Animal and Economic Insect of the Mountainous Region, Department of Biology and Engineering of Environment, Guiyang University, Guiyang, Guizhou 550005 P.R. China 
6502792	Shuangli_Luo	0000 0004 1762 5410grid.464322.5Guizhou Provincial Key Laboratory for Rare Animal and Economic Insect of the Mountainous Region, Department of Biology and Engineering of Environment, Guiyang University, Guiyang, Guizhou 550005 P.R. China 
6502792	Hong_Yang	0000 0004 1762 5410grid.464322.5Guizhou Provincial Key Laboratory for Rare Animal and Economic Insect of the Mountainous Region, Department of Biology and Engineering of Environment, Guiyang University, Guiyang, Guizhou 550005 P.R. China 
6502792	Can_Li	0000 0004 1762 5410grid.464322.5Guizhou Provincial Key Laboratory for Rare Animal and Economic Insect of the Mountainous Region, Department of Biology and Engineering of Environment, Guiyang University, Guiyang, Guizhou 550005 P.R. China 
6478721	Saad M._Alzahrani	0000 0000 9320 7537grid.1003.2The University of Queensland, School of Biological Sciences, St Lucia, QLD 4072 Australia 
6478721	Paul R._Ebert	0000 0000 9320 7537grid.1003.2The University of Queensland, School of Biological Sciences, St Lucia, QLD 4072 Australia 
6523765	Erika Carla_Pierattini	Department of Agriculture, Food and Environment, University of Pisa, via del Borghetto 80, 56124 Pisa, Italy;  (B.C.)
6523765	Stefano_Bedini	Department of Agriculture, Food and Environment, University of Pisa, via del Borghetto 80, 56124 Pisa, Italy;  (B.C.)
6523765	Francesca_Venturi	Department of Agriculture, Food and Environment, University of Pisa, via del Borghetto 80, 56124 Pisa, Italy;  (B.C.)
6523765	Roberta_Ascrizzi	Department of Pharmacy, University of Pisa, Via Bonanno 6, 56126 Pisa, Italy;  (G.F.)
6523765	Guido_Flamini	Department of Pharmacy, University of Pisa, Via Bonanno 6, 56126 Pisa, Italy;  (G.F.)
6523765	Rossella_Bocchino	Department of Agriculture, Food and Environment, University of Pisa, via del Borghetto 80, 56124 Pisa, Italy;  (B.C.)
6523765	Jessica_Girardi	Department of Agriculture, Food and Environment, University of Pisa, via del Borghetto 80, 56124 Pisa, Italy;  (B.C.)
6523765	Paolo_Giannotti	Department of Agriculture, Food and Environment, University of Pisa, via del Borghetto 80, 56124 Pisa, Italy;  (B.C.)
6523765	Giuseppe_Ferroni	Department of Agriculture, Food and Environment, University of Pisa, via del Borghetto 80, 56124 Pisa, Italy;  (B.C.)
6523765	Barbara_Conti	Department of Agriculture, Food and Environment, University of Pisa, via del Borghetto 80, 56124 Pisa, Italy;  (B.C.)
6523411	Anastasia_Njoroge	Department of Entomology, Purdue University, West Lafayette, IN 47907, USA; 
6523411	Hippolyte_Affognon	Conseil Quest et Centre Africain pour la Recherche et le D&#xE9;veloppement Agricoles (CORAF), 7 Avenue Bourguiba, Dakar, BP 48, Dakar RP, Senegal; 
6523411	Uwe_Richter	Faculty of Agricultural Engineering, University of Kassel, D-37213 Witzenhausen, Germany;  (O.H.)
6523411	Oliver_Hensel	Faculty of Agricultural Engineering, University of Kassel, D-37213 Witzenhausen, Germany;  (O.H.)
6523411	Barukh_Rohde	Department of Electrical and Computer Engineering, University of Florida, Gainesville, FL 32611, USA; 
6523411	Davie_Chen	US Department of Agriculture, Agricultural Research Service, Center for Medical, Agricultural and Veterinary Entomology, Gainesville, FL 32608, USA; 
6523411	Richard_Mankin	US Department of Agriculture, Agricultural Research Service, Center for Medical, Agricultural and Veterinary Entomology, Gainesville, FL 32608, USA; 
6523121	Fuji_Jian	Department of Biosystems Engineering, University of Manitoba, Winnipeg, MB R3T 5V6, Canada; 
6523208	Alison R._Gerken	USDA, Agricultural Research Service, Center for Grain and Animal Health Research, 1515 College Ave, Manhattan, KS 66502, USA; 
6523208	James F._Campbell	USDA, Agricultural Research Service, Center for Grain and Animal Health Research, 1515 College Ave, Manhattan, KS 66502, USA; 
6468839	William R._Morrison	USDA, Agricultural Research Service, Center for Grain and Animal Health Research, 1515 College Ave., Manhattan, KS 66502, USA;  (F.H.A.)
6468839	Alexander_Bruce	USDA, Agricultural Research Service, Center for Grain and Animal Health Research, 1515 College Ave., Manhattan, KS 66502, USA;  (F.H.A.)
6468839	Rachel V._Wilkins	Department of Entomology, Kansas State University, 123 Waters Hall, Manhattan, KS 66506, USA; 
6468839	Chloe E._Albin	Department of Engineering, Kansas State University, 1046 Rathbone Hall, Manhattan, KS 66506, USA; 
6468839	Frank H._Arthur	USDA, Agricultural Research Service, Center for Grain and Animal Health Research, 1515 College Ave., Manhattan, KS 66502, USA;  (F.H.A.)
6422892	Yu_Cao	UNKNOWN
6422892	Kangkang_Xu	UNKNOWN
6422892	Xiaoye_Zhu	UNKNOWN
6422892	Yu_Bai	UNKNOWN
6422892	Wenjia_Yang	UNKNOWN
6422892	Can_Li	UNKNOWN
6529913	K_Kharel	Department of Entomology, Purdue University, West Lafayette, IN
6529913	L J_Mason	Department of Entomology, Purdue University, West Lafayette, IN
6529913	L L_Murdock	Department of Entomology, Purdue University, West Lafayette, IN
6529913	D_Baributsa	Department of Entomology, Purdue University, West Lafayette, IN
6978627	Juan_Chen	The Key Laboratory of Aquatic Biodiversity and Conservation of Chinese Academy of Sciences, Institute of Hydrobiology, Chinese Academy of Sciences, Wuhan, China
6978627	Liandong_Yang	The Key Laboratory of Aquatic Biodiversity and Conservation of Chinese Academy of Sciences, Institute of Hydrobiology, Chinese Academy of Sciences, Wuhan, China
6978627	Renyi_Zhang	Key Laboratory of Adaptation and Evolution of Plateau Biota, Northwest Institute of Plateau Biology, Chinese Academy of Sciences, Xining, China
6978627	Severin_Uebbing	Department of Genetics, Yale University School of Medicine, New Haven, CT
6978627	Cunfang_Zhang	Key Laboratory of Adaptation and Evolution of Plateau Biota, Northwest Institute of Plateau Biology, Chinese Academy of Sciences, Xining, China
6978627	Haifeng_Jiang	The Key Laboratory of Aquatic Biodiversity and Conservation of Chinese Academy of Sciences, Institute of Hydrobiology, Chinese Academy of Sciences, Wuhan, China
6978627	Yi_Lei	The Key Laboratory of Aquatic Biodiversity and Conservation of Chinese Academy of Sciences, Institute of Hydrobiology, Chinese Academy of Sciences, Wuhan, China
6978627	Wenqi_Lv	The Key Laboratory of Aquatic Biodiversity and Conservation of Chinese Academy of Sciences, Institute of Hydrobiology, Chinese Academy of Sciences, Wuhan, China
6978627	Fei_Tian	Key Laboratory of Adaptation and Evolution of Plateau Biota, Northwest Institute of Plateau Biology, Chinese Academy of Sciences, Xining, China
6978627	Kai_Zhao	Key Laboratory of Adaptation and Evolution of Plateau Biota, Northwest Institute of Plateau Biology, Chinese Academy of Sciences, Xining, China
6978627	Shunping_He	The Key Laboratory of Aquatic Biodiversity and Conservation of Chinese Academy of Sciences, Institute of Hydrobiology, Chinese Academy of Sciences, Wuhan, China
6287052	Gang_Wu	Key Laboratory of Biopesticide and Chemical Biology (Ministry of Education), Fujian Agriculture and Forestry University, Fuzhou, China
6287052	Yu_Wang	Key Laboratory of Biopesticide and Chemical Biology (Ministry of Education), Fujian Agriculture and Forestry University, Fuzhou, China
6287052	Jing Nan_Wang	Key Laboratory of Biopesticide and Chemical Biology (Ministry of Education), Fujian Agriculture and Forestry University, Fuzhou, China
6287052	Xue Zhun_Chen	Key Laboratory of Biopesticide and Chemical Biology (Ministry of Education), Fujian Agriculture and Forestry University, Fuzhou, China
6287052	Qi Xing_Hu	Key Laboratory of Biopesticide and Chemical Biology (Ministry of Education), Fujian Agriculture and Forestry University, Fuzhou, China
6287052	Yan Fan_Yang	Key Laboratory of Biopesticide and Chemical Biology (Ministry of Education), Fujian Agriculture and Forestry University, Fuzhou, China
6287052	Qi Qing_Liu	Key Laboratory of Biopesticide and Chemical Biology (Ministry of Education), Fujian Agriculture and Forestry University, Fuzhou, China
6251160	Tobias_Engl	0000 0004 0491 7131grid.418160.aInsect Symbiosis Research Group, Max Planck Institute for Chemical Ecology, Jena, Germany 
6251160	Veronika_Michalkova	0000000419368710grid.47100.32Department of Epidemiology of Microbial Diseases, Yale School of Public Health, New Haven, CT USA 
6251160	Brian L._Weiss	0000000419368710grid.47100.32Department of Epidemiology of Microbial Diseases, Yale School of Public Health, New Haven, CT USA 
6251160	G&#xFC;ler D._Uzel	0000 0004 0403 8399grid.420221.7Insect Pest Control Laboratory, Joint FAO/IAEA Division of Nuclear Techniques in Food &amp; Agriculture, Vienna, Austria 
6251160	Peter_Takac	0000 0004 4665 5790grid.425138.9Institute of Zoology, Slovak Academy of Sciences, Bratislava, Slovakia 
6251160	Wolfgang J._Miller	0000 0000 9259 8492grid.22937.3dLaboratories of Genome Dynamics, Department Cell and Developmental Biology, Medical University of Vienna, Vienna, Austria 
6251160	Adly M. M._Abd-Alla	0000 0004 0403 8399grid.420221.7Insect Pest Control Laboratory, Joint FAO/IAEA Division of Nuclear Techniques in Food &amp; Agriculture, Vienna, Austria 
6251160	Serap_Aksoy	0000000419368710grid.47100.32Department of Epidemiology of Microbial Diseases, Yale School of Public Health, New Haven, CT USA 
6251160	Martin_Kaltenpoth	0000 0004 0491 7131grid.418160.aInsect Symbiosis Research Group, Max Planck Institute for Chemical Ecology, Jena, Germany 
6313929	Massimiliano_Renna	Department of Agricultural and Environmental Science, University of Bari Aldo Moro, via Amendola 165/A, 70126 Bari, Italy; ; Tel.: +39-080-544-3098
6176531	Jean-Luc_Da Lage	UMR 9191 &#xC9;volution, G&#xE9;nomes, Comportement, &#xC9;cologie,CNRS, IRD, Universit&#xE9; Paris-Sud, Universit&#xE9; Paris-Saclay, Gif-sur-Yvette,France
6077890	Antoine_Sanon	Laboratoire d&#x2019;Entomologie Fondamentale et Appliqu&#xE9;e, Universit&#xE9; Ouaga I Pr Joseph Ki-Zerbo, Ouagadougou, Burkina Faso
6077890	Ilboudo_Zakaria	Laboratoire d&#x2019;Entomologie Fondamentale et Appliqu&#xE9;e, Universit&#xE9; Ouaga I Pr Joseph Ki-Zerbo, Ouagadougou, Burkina Faso
6077890	Dabire-Binso_Cl&#xE9;mentine L	Laboratoire d&#x2019;Entomologie Agricole de Kamboins&#xE9;, Institut de l&#x2019;Environnement et de Recherches Agricoles (INERA), Ouagadougou, Burkina Faso
6077890	Ba Malick_Niango	Laboratoire d&#x2019;Entomologie Agricole de Kamboins&#xE9;, Institut de l&#x2019;Environnement et de Recherches Agricoles (INERA), Ouagadougou, Burkina Faso
6077890	N&#xE9;bi&#xE9; Roger Charles_Honora	Institut de Recherche en Sciences Appliqu&#xE9;es et Technologie (IRSAT), Ouagadougou, Burkina Faso
5917025	Halil_Bisgin	0000 0000 9134 5741grid.48950.30Department of Computer Science, Engineering and Physics, University of Michigan-Flint, Flint, MI USA 
5917025	Tanmay_Bera	0000 0001 2243 3366grid.417587.8Division of Bioinformatics and Biostatistics, National Center for Toxicological Research, US Food and Drug Administration, Jefferson, AR USA 
5917025	Hongjian_Ding	0000 0001 2243 3366grid.417587.8Food Chemistry Laboratory-1, Arkansas Laboratory, Office of Regulatory Affairs, US Food and Drug Administration, Jefferson, AR USA 
5917025	Howard G._Semey	0000 0001 2243 3366grid.417587.8Food Chemistry Laboratory-1, Arkansas Laboratory, Office of Regulatory Affairs, US Food and Drug Administration, Jefferson, AR USA 
5917025	Leihong_Wu	0000 0001 2243 3366grid.417587.8Division of Bioinformatics and Biostatistics, National Center for Toxicological Research, US Food and Drug Administration, Jefferson, AR USA 
5917025	Zhichao_Liu	0000 0001 2243 3366grid.417587.8Division of Bioinformatics and Biostatistics, National Center for Toxicological Research, US Food and Drug Administration, Jefferson, AR USA 
5917025	Amy E._Barnes	0000 0001 2243 3366grid.417587.8Food Chemistry Laboratory-1, Arkansas Laboratory, Office of Regulatory Affairs, US Food and Drug Administration, Jefferson, AR USA 
5917025	Darryl A._Langley	0000 0001 2243 3366grid.417587.8Food Chemistry Laboratory-1, Arkansas Laboratory, Office of Regulatory Affairs, US Food and Drug Administration, Jefferson, AR USA 
5917025	Monica_Pava-Ripoll	0000 0001 2243 3366grid.417587.8Office for Food Safety, Center for Food Safety and Applied Nutrition, US Food and Drug Administration, College Park, MD USA 
5917025	Himansu J._Vyas	0000 0001 2243 3366grid.417587.8Food Chemistry Laboratory-1, Arkansas Laboratory, Office of Regulatory Affairs, US Food and Drug Administration, Jefferson, AR USA 
5917025	Weida_Tong	0000 0001 2243 3366grid.417587.8Division of Bioinformatics and Biostatistics, National Center for Toxicological Research, US Food and Drug Administration, Jefferson, AR USA 
5917025	Joshua_Xu	0000 0001 2243 3366grid.417587.8Division of Bioinformatics and Biostatistics, National Center for Toxicological Research, US Food and Drug Administration, Jefferson, AR USA 
5846457	&#x141;ukasz_Kajtoch	Institute of Systematics and Evolution of Animals Polish Academy of Sciences, Krakow, Poland
5846457	Nela_Kot&#xE1;skov&#xE1;	Faculty of Science, University of Ostrava, Ostrava, Czech Republic
7110055	Frederico_Hickmann	Department of Plant Protection, Federal University of Santa Maria (UFSM), Santa Maria, Rio Grande do Sul, Brazil
7110055	Alexssandro F_de Morais	Department of Plant Protection, Federal University of Santa Maria (UFSM), Santa Maria, Rio Grande do Sul, Brazil
7110055	Eduarda S_Bronzatto	Department of Plant Protection, Federal University of Santa Maria (UFSM), Santa Maria, Rio Grande do Sul, Brazil
7110055	Tiago_Giacomelli	Department of Plant Protection, Federal University of Santa Maria (UFSM), Santa Maria, Rio Grande do Sul, Brazil
7110055	Jerson V C_Guedes	Department of Plant Protection, Federal University of Santa Maria (UFSM), Santa Maria, Rio Grande do Sul, Brazil
7110055	Oderlei_Bernardi	Department of Plant Protection, Federal University of Santa Maria (UFSM), Santa Maria, Rio Grande do Sul, Brazil
5834628	Arno_Thielens	0000 0001 2069 7798grid.5342.0Department of Information Technology, Ghent University - imec, Ghent, B-9052 Belgium 
5834628	Duncan_Bell	0000 0004 0628 6070grid.449668.1Department of Science and Technology, Faculty of Health and Science, University of Suffolk, Ipswitch, IP30AQ United Kingdom 
5834628	David B._Mortimore	Newbourne Solutions Ltd, Newbourne, Woodbridge IP12 4NR United Kingdom 
5834628	Mark K._Greco	0000 0004 0368 0777grid.1037.5Charles Sturt University, Medical Imaging, SDHS, Faculty of Science, Wagga Wagga, NSW 2678 Australia 
5834628	Luc_Martens	0000 0001 2069 7798grid.5342.0Department of Information Technology, Ghent University - imec, Ghent, B-9052 Belgium 
5834628	Wout_Joseph	0000 0001 2069 7798grid.5342.0Department of Information Technology, Ghent University - imec, Ghent, B-9052 Belgium 
5794852	Giulia_Giunti	Department of Agriculture, University &#x201C;Mediterranea&#x201D; of Reggio Calabria, Loc. Feo di Vito, 89122 Reggio, Calabria Italy 
5794852	Vincenzo_Palmeri	Department of Agriculture, University &#x201C;Mediterranea&#x201D; of Reggio Calabria, Loc. Feo di Vito, 89122 Reggio, Calabria Italy 
5794852	Giuseppe Massimo_Algeri	Department of Agriculture, University &#x201C;Mediterranea&#x201D; of Reggio Calabria, Loc. Feo di Vito, 89122 Reggio, Calabria Italy 
5794852	Orlando_Campolo	Department of Agriculture, University &#x201C;Mediterranea&#x201D; of Reggio Calabria, Loc. Feo di Vito, 89122 Reggio, Calabria Italy 
5681968	Nickolas G._Kavallieratos	Laboratory of Agricultural Zoology and Entomology, Department of Crop Science, Agricultural University of Athens, Athens, Greece
5681968	Christos G._Athanassiou	Laboratory of Entomology and Agricultural Zoology, Department of Agriculture, Crop Production and Rural Environment, University of Thessaly, Volos, Greece
5681968	Raul N. C._Guedes	Departamento de Entomologia, Universidade Federal de Vi&#xE7;osa, Vi&#xE7;osa, Brazil
5681968	Johanna D._Drempela	Laboratory of Agricultural Zoology and Entomology, Department of Crop Science, Agricultural University of Athens, Athens, Greece
5681968	Maria C._Boukouvala	Laboratory of Agricultural Zoology and Entomology, Department of Crop Science, Agricultural University of Athens, Athens, Greece
5624869	Kabrambam D._Singh	0000 0001 0683 2228grid.454780.aInsect Resources Laboratory, Animal Resources Programme, Institute of Bioresources and Sustainable Development, Department of Biotechnology, Govt. of India, Takyelpat, Imphal-795001, Manipur, India 
5624869	Rajendra K._Labala	0000 0001 0683 2228grid.454780.aDistributed Information Sub-Centre, Institute of Bioresources and Sustainable Development, Department of Biotechnology, Govt. of India, Takyelpat, Imphal-795001, Manipur, India 
5624869	Thiyam B._Devi	0000 0001 0683 2228grid.454780.aInsect Resources Laboratory, Animal Resources Programme, Institute of Bioresources and Sustainable Development, Department of Biotechnology, Govt. of India, Takyelpat, Imphal-795001, Manipur, India 
5624869	Ningthoujam I._Singh	0000 0001 0683 2228grid.454780.aInsect Resources Laboratory, Animal Resources Programme, Institute of Bioresources and Sustainable Development, Department of Biotechnology, Govt. of India, Takyelpat, Imphal-795001, Manipur, India 
5624869	Heisnam D._Chanu	0000 0001 0683 2228grid.454780.aInsect Resources Laboratory, Animal Resources Programme, Institute of Bioresources and Sustainable Development, Department of Biotechnology, Govt. of India, Takyelpat, Imphal-795001, Manipur, India 
5624869	Sonia_Sougrakpam	0000 0001 0683 2228grid.454780.aInsect Resources Laboratory, Animal Resources Programme, Institute of Bioresources and Sustainable Development, Department of Biotechnology, Govt. of India, Takyelpat, Imphal-795001, Manipur, India 
5624869	Bunindro S._Nameirakpam	0000 0001 0683 2228grid.454780.aInsect Resources Laboratory, Animal Resources Programme, Institute of Bioresources and Sustainable Development, Department of Biotechnology, Govt. of India, Takyelpat, Imphal-795001, Manipur, India 
5624869	Dinabandhu_Sahoo	0000 0001 0683 2228grid.454780.aMicrobial Resources Programme, Institute of Bioresources and Sustainable Development, Department of Biotechnology, Govt. of India, Takyelpat, Imphal-795001, Manipur, India 
5624869	Yallappa_Rajashekar	0000 0001 0683 2228grid.454780.aInsect Resources Laboratory, Animal Resources Programme, Institute of Bioresources and Sustainable Development, Department of Biotechnology, Govt. of India, Takyelpat, Imphal-795001, Manipur, India 
5615201	Bin_Hirota	National Institute of Advanced Industrial Science and Technology (AIST), Tsukuba, Japan        
5615201	Genta_Okude	National Institute of Advanced Industrial Science and Technology (AIST), Tsukuba, Japan        
5615201	Hisashi_Anbutsu	National Institute of Advanced Industrial Science and Technology (AIST), Tsukuba, Japan        
5615201	Ryo_Futahashi	National Institute of Advanced Industrial Science and Technology (AIST), Tsukuba, Japan        
5615201	Minoru_Moriyama	National Institute of Advanced Industrial Science and Technology (AIST), Tsukuba, Japan        
5615201	Xian-Ying_Meng	National Institute of Advanced Industrial Science and Technology (AIST), Tsukuba, Japan        
5615201	Naruo_Nikoh	Department of Liberal Arts, the Open University of Japan, Chiba, Japan        
5615201	Ryuichi_Koga	National Institute of Advanced Industrial Science and Technology (AIST), Tsukuba, Japan        
5615201	Takema_Fukatsu	National Institute of Advanced Industrial Science and Technology (AIST), Tsukuba, Japan        
5622403	Abhay K._Pandey	Bacteriology &amp; Natural Pesticide Laboratory, Department of Botany, DDU Gorakhpur University Gorakhpur, Uttar Pradesh 273009, India; 
5622403	Pooja_Singh	Bacteriology &amp; Natural Pesticide Laboratory, Department of Botany, DDU Gorakhpur University Gorakhpur, Uttar Pradesh 273009, India; 
5563036	Genta_Okude	0000 0001 2230 7538grid.208504.bNational Institute of Advanced Industrial Science and Technology (AIST), Tsukuba, 305-8566 Japan 
5563036	Ryuichi_Koga	0000 0001 2230 7538grid.208504.bNational Institute of Advanced Industrial Science and Technology (AIST), Tsukuba, 305-8566 Japan 
5563036	Toshinari_Hayashi	0000 0001 2230 7538grid.208504.bNational Institute of Advanced Industrial Science and Technology (AIST), Tsukuba, 305-8566 Japan 
5563036	Yudai_Nishide	0000 0001 2230 7538grid.208504.bNational Institute of Advanced Industrial Science and Technology (AIST), Tsukuba, 305-8566 Japan 
5563036	Xian-Ying_Meng	0000 0001 2230 7538grid.208504.bNational Institute of Advanced Industrial Science and Technology (AIST), Tsukuba, 305-8566 Japan 
5563036	Naruo_Nikoh	0000 0000 8667 6925grid.412875.dDepartment of Liberal Arts, The Open University of Japan, Chiba, 261-8586 Japan 
5563036	Akihiro_Miyanoshita	0000 0001 2222 0432grid.416835.dFood Research Institute, National Agriculture and Food Research Organization (NARO), Tsukuba, 305-8642 Japan 
5563036	Takema_Fukatsu	0000 0001 2230 7538grid.208504.bNational Institute of Advanced Industrial Science and Technology (AIST), Tsukuba, 305-8566 Japan 
5539111	Pei-An_Tang	0000 0000 8848 7239grid.440844.8Collaborative Innovation Center for Modern Grain Circulation and Safety, College of Food Science and Engineering, Nanjing University of Finance and Economics, Nanjing, Jiangsu 210023 China 
5539111	Jin-Yan_Duan	0000 0000 8848 7239grid.440844.8Collaborative Innovation Center for Modern Grain Circulation and Safety, College of Food Science and Engineering, Nanjing University of Finance and Economics, Nanjing, Jiangsu 210023 China 
5539111	Hai-Jing_Wu	0000 0000 8848 7239grid.440844.8Collaborative Innovation Center for Modern Grain Circulation and Safety, College of Food Science and Engineering, Nanjing University of Finance and Economics, Nanjing, Jiangsu 210023 China 
5539111	Xing-Rong_Ju	0000 0000 8848 7239grid.440844.8Collaborative Innovation Center for Modern Grain Circulation and Safety, College of Food Science and Engineering, Nanjing University of Finance and Economics, Nanjing, Jiangsu 210023 China 
5539111	Ming-Long_Yuan	0000 0000 8571 0482grid.32566.34State Key Laboratory of Grassland Agro-Ecosystems, College of Pastoral Agricultural Science and Technology, Lanzhou University, Lanzhou, Gansu 730020 China 
5465827	Abbas_Delazar	Drug Applied Research Center, Tabriz University of Medical Sciences, Tabriz, I.R. Iran      
5465827	Hossein_Nazemiyeh	Faculty of Pharmacy, Tabriz University of Medical Sciences, Tabriz, I.R. Iran      
5465827	Fariba Heshmati_Afshar	Drug Applied Research Center, Tabriz University of Medical Sciences, Tabriz, I.R. Iran      
5465827	Niloofar_Barghi	Drug Applied Research Center, Tabriz University of Medical Sciences, Tabriz, I.R. Iran      
5465827	Solmaz_Esnaashari	Biotechnology Research Center, Tabriz University of Medical Sciences, Tabriz, I.R. Iran      
5465827	Parina_Asgharian	Drug Applied Research Center, Tabriz University of Medical Sciences, Tabriz, I.R. Iran      
5476180	D._Baributsa	Department of Entomology, Purdue University, West Lafayette, IN, 47907, USA
5476180	I.B._Baoua	Universit&#xE9; de Maradi, BP 465, Maradi, Niger
5476180	O.N._Bakoye	Institut National de la Recherche Agronomique du Niger (INRAN), BP 240, Maradi, Niger
5476180	L._Amadou	Institut National de la Recherche Agronomique du Niger (INRAN), BP 240, Maradi, Niger
5476180	L.L._Murdock	Department of Entomology, Purdue University, West Lafayette, IN, 47907, USA
5492056	Xinyi_E	Department of Grain Science and Industry, Kansas State University, Manhattan, KS 66506, USA;  (B.L.)
5492056	Bhadriraju_Subramanyam	Department of Grain Science and Industry, Kansas State University, Manhattan, KS 66506, USA;  (B.L.)
5492056	Beibei_Li	Department of Grain Science and Industry, Kansas State University, Manhattan, KS 66506, USA;  (B.L.)
5338809	Christos G._Athanassiou	Laboratory of Entomology and Agricultural Zoology, Department of Agriculture Crop Production and Rural Development, University of Thessaly, Nea Ionia, Magnissia, Greece      
5338809	Nickolas G._Kavallieratos	United States Department of Agriculture (USDA), Agricultural Research Service (ARS), Center for Grain and Animal Health Research (CGAHR), Manhattan Kansas, United States of America      
5338809	James F._Campbell	United States Department of Agriculture (USDA), Agricultural Research Service (ARS), Center for Grain and Animal Health Research (CGAHR), Manhattan Kansas, United States of America      
5388312	Christos G._Athanassiou	Laboratory of Entomology and Agricultural Zoology, Department of Agriculture Crop Production and Rural Environment, University of Thessaly, Phytokou str., 38446 Volos, Magnesia, Greece
5388312	Nickolas G._Kavallieratos	Laboratory of Agricultural Zoology and Entomology, Department of Crop Science, Agricultural University of Athens, 75 Iera Odos str., 11855 Athens, Attica, Greece
5388312	Christos I._Rumbos	Laboratory of Entomology and Agricultural Zoology, Department of Agriculture Crop Production and Rural Environment, University of Thessaly, Phytokou str., 38446 Volos, Magnesia, Greece
5388312	Demetrius C._Kontodimas	Laboratory of Agricultural Entomology, Department of Entomology and Agricultural Zoology, Benaki Phytopathological Institute, 8 Stefanou Delta str., 14561 Kifissia, Attica, Greece
6155702	Mijat_Bo&#x17E;ovi&#x107;	Rome Center for Molecular Design, Department of Drug Chemistry and Technology, Sapienza University, P.le Aldo Moro 5, 00185 Rome, Italy; 
6155702	Rino_Ragno	Rome Center for Molecular Design, Department of Drug Chemistry and Technology, Sapienza University, P.le Aldo Moro 5, 00185 Rome, Italy; 
5307756	Stefano_Bedini	0000 0004 1757 3729grid.5395.aDepartment of Agriculture, Food and Environment, University of Pisa, Via del Borghetto 80, 56124 Pisa, Italy 
5307756	Guido_Flamini	0000 0004 1757 3729grid.5395.aDepartment of Pharmacy, University of Pisa, Via Bonanno 6, 56126 Pisa, Italy 
5307756	Francesca_Cosci	0000 0004 1757 3729grid.5395.aDepartment of Agriculture, Food and Environment, University of Pisa, Via del Borghetto 80, 56124 Pisa, Italy 
5307756	Roberta_Ascrizzi	0000 0004 1757 3729grid.5395.aDepartment of Pharmacy, University of Pisa, Via Bonanno 6, 56126 Pisa, Italy 
5307756	Maria Cristina_Echeverria	grid.440859.4Universidad Tecnica del Norte, v 17 de Julio 5-21, Ibarra, Ecuador 
5307756	Lucia_Guidi	0000 0004 1757 3729grid.5395.aDepartment of Agriculture, Food and Environment, University of Pisa, Via del Borghetto 80, 56124 Pisa, Italy 
5307756	Marco_Landi	0000 0004 1757 3729grid.5395.aDepartment of Agriculture, Food and Environment, University of Pisa, Via del Borghetto 80, 56124 Pisa, Italy 
5307756	Andrea_Lucchi	0000 0004 1757 3729grid.5395.aDepartment of Agriculture, Food and Environment, University of Pisa, Via del Borghetto 80, 56124 Pisa, Italy 
5307756	Barbara_Conti	0000 0004 1757 3729grid.5395.aDepartment of Agriculture, Food and Environment, University of Pisa, Via del Borghetto 80, 56124 Pisa, Italy 
6155707	Ahmed Mohammed_AlJabr	Laboratory of Bio-Control and Molecular Biology, Department of Arid Land Agriculture, College of Agricultural and Food Sciences, King Faisal University, Hofuf 31982, Al-Ahsa, Saudi Arabia;  (M.R.-H.)
6155707	Abid_Hussain	Laboratory of Bio-Control and Molecular Biology, Department of Arid Land Agriculture, College of Agricultural and Food Sciences, King Faisal University, Hofuf 31982, Al-Ahsa, Saudi Arabia;  (M.R.-H.)
6155707	Muhammad_Rizwan-ul-Haq	Laboratory of Bio-Control and Molecular Biology, Department of Arid Land Agriculture, College of Agricultural and Food Sciences, King Faisal University, Hofuf 31982, Al-Ahsa, Saudi Arabia;  (M.R.-H.)
6155707	Hassan_Al-Ayedh	Life Science and Environment Research Institute, King Abdulaziz City for Science and Technology, P.O. Box 6086, Riyadh 11442, Saudi Arabia; 
5414455	Runchana_Rungruangmaitree	Mahidol University International College, Mahidol University, Salaya Campus, Nakhon Pathom, Thailand
5414455	Wannee_Jiraungkoorskul	Department of Pathobiology, Faculty of Science, Mahidol University, Bangkok, Thailand
6273930	Luiz Claudio Almeida_Barbosa	Departament of Chemistry, ICEx, Universidade Federal de Minas Gerais, Av. Presidente Ant&#xF4;nio Carlos, 6627, Campus Pampulha, Belo Horizonte, MG 31270-901, Brazil; 
6273930	Claudinei Andrade_Filomeno	Departament of Chemistry, Universidade Federal de Vi&#xE7;osa, Av. P.H. Rolfs, S/N, Vi&#xE7;osa, MG 36570-900, Brazil; 
6273930	Robson Ricardo_Teixeira	Departament of Chemistry, Universidade Federal de Vi&#xE7;osa, Av. P.H. Rolfs, S/N, Vi&#xE7;osa, MG 36570-900, Brazil; 
5110965	Amir_Dekel	Department of Entomology, The Hebrew University of Jerusalem, Rehovot 76100, Israel
5110965	Ronald J._Pitts	Department of Biological Sciences, Vanderbilt University, Nashville, Tennessee, USA
5110965	Esther_Yakir	Department of Entomology, The Hebrew University of Jerusalem, Rehovot 76100, Israel
5110965	Jonathan D._Bohbot	Department of Entomology, The Hebrew University of Jerusalem, Rehovot 76100, Israel
5133837	Shanshan_Guo	Beijing Key Laboratory of Traditional Chinese Medicine Protection and Utilization, Beijing Normal University, Beijing 100875, China;  (Z.D.)
5133837	Zhufeng_Geng	Beijing Key Laboratory of Traditional Chinese Medicine Protection and Utilization, Beijing Normal University, Beijing 100875, China;  (Z.D.)
5133837	Wenjuan_Zhang	Beijing Key Laboratory of Traditional Chinese Medicine Protection and Utilization, Beijing Normal University, Beijing 100875, China;  (Z.D.)
5133837	Junyu_Liang	Beijing Key Laboratory of Traditional Chinese Medicine Protection and Utilization, Beijing Normal University, Beijing 100875, China;  (Z.D.)
5133837	Chengfang_Wang	Beijing Key Laboratory of Traditional Chinese Medicine Protection and Utilization, Beijing Normal University, Beijing 100875, China;  (Z.D.)
5133837	Zhiwei_Deng	Beijing Key Laboratory of Traditional Chinese Medicine Protection and Utilization, Beijing Normal University, Beijing 100875, China;  (Z.D.)
5133837	Shushan_Du	Beijing Key Laboratory of Traditional Chinese Medicine Protection and Utilization, Beijing Normal University, Beijing 100875, China;  (Z.D.)
5066058	Salaheldin A._Abdelsalam	Department of Biological Sciences, Faculty of Science, King Faisal University, Hofouf, Saudi Arabia ()
5066058	Abdullah M._Alzahrani	Department of Biological Sciences, Faculty of Science, King Faisal University, Hofouf, Saudi Arabia ()
5066058	Omar M._Elmenshawy	Department of Biological Sciences, Faculty of Science, King Faisal University, Hofouf, Saudi Arabia ()
5066058	Ashraf M._Abdel-Moneim	Department of Biological Sciences, Faculty of Science, King Faisal University, Hofouf, Saudi Arabia ()
5039557	Md. Mahbub_Hasan	Department of Entomology, Kansas State University, 123W. Waters Hall, Manhattan, KS 66506, USA;  (M.J.A.)
5039557	Michael J._Aikins	Department of Entomology, Kansas State University, 123W. Waters Hall, Manhattan, KS 66506, USA;  (M.J.A.)
5039557	Wes_Schilling	Department of Food Science, Nutrition and Health Promotion, Mississippi State University, Starkville, MS 39762, USA; 
5039557	Thomas W._Phillips	Department of Entomology, Kansas State University, 123W. Waters Hall, Manhattan, KS 66506, USA;  (M.J.A.)
5039555	Clare_Storm	Exosect Ltd., Leylands Business Park, Colden Common, Winchester SO21 1TH, UK;  (A.D.)
5039555	Freya_Scoates	Exosect Ltd., Leylands Business Park, Colden Common, Winchester SO21 1TH, UK;  (A.D.)
5039555	Adam_Nunn	Exosect Ltd., Leylands Business Park, Colden Common, Winchester SO21 1TH, UK;  (A.D.)
5039555	Olivier_Potin	Agrauxine, 18 Route De Mauvieres, Loches 37600, France; 
5039555	Aoife_Dillon	Exosect Ltd., Leylands Business Park, Colden Common, Winchester SO21 1TH, UK;  (A.D.)
5026046	Muhammad Waqar_Hassan	Department of Entomology, University College of Agriculture and Environmental Sciences, The Islamia University of Bahawalpur-63100, Pakistan
5026046	UNKNOWN_Gulraize	Department of Entomology, University College of Agriculture and Environmental Sciences, The Islamia University of Bahawalpur-63100, Pakistan
5026046	Usman_Ali	Department of Entomology, University College of Agriculture and Environmental Sciences, The Islamia University of Bahawalpur-63100, Pakistan
5026046	Fazal_Ur Rehman	Department of Entomology, University College of Agriculture and Environmental Sciences, The Islamia University of Bahawalpur-63100, Pakistan
5026046	Hafsa_Najeeb	Department of Entomology, University College of Agriculture and Environmental Sciences, The Islamia University of Bahawalpur-63100, Pakistan
5026046	Maryam_Sohail	Department of Entomology, University College of Agriculture and Environmental Sciences, The Islamia University of Bahawalpur-63100, Pakistan
5026046	Bakhtawar_Irsa	Department of Entomology, University College of Agriculture and Environmental Sciences, The Islamia University of Bahawalpur-63100, Pakistan
5026046	Zubaria_Muzaffar	Department of Entomology, University College of Agriculture and Environmental Sciences, The Islamia University of Bahawalpur-63100, Pakistan
5026046	Muhammad Shafiq_Chaudhry	Department of Life Sciences, The Islamia University of Bahawalpur-63100, Pakistan
4979188	Zhenglong_Wang	Genetic Engineering Research Center, School of Life Sciences, Chongqing University, Chongqing, 400045 People&#x2019;s Republic of China 
4979188	Kai_Jin	Genetic Engineering Research Center, School of Life Sciences, Chongqing University, Chongqing, 400045 People&#x2019;s Republic of China 
4979188	Yuxian_Xia	Genetic Engineering Research Center, School of Life Sciences, Chongqing University, Chongqing, 400045 People&#x2019;s Republic of China 
4920424	Su Inn_Park	Department of Computer Science, Texas A&amp;M University, College Station, Texas, United States of America
4920424	Halil_Bisgin	Division of Bioinformatics and Biostatistics, National Center for Toxicological Research, U.S. Food and Drug Administration, Jefferson, Arkansas, United States of America
4920424	Hongjian_Ding	Arkansas Regional Laboratories, Office for Regulatory Affairs, U.S. Food and Drug Administration, Jefferson, Arkansas, United States of America
4920424	Howard G._Semey	Arkansas Regional Laboratories, Office for Regulatory Affairs, U.S. Food and Drug Administration, Jefferson, Arkansas, United States of America
4920424	Darryl A._Langley	Arkansas Regional Laboratories, Office for Regulatory Affairs, U.S. Food and Drug Administration, Jefferson, Arkansas, United States of America
4920424	Weida_Tong	Division of Bioinformatics and Biostatistics, National Center for Toxicological Research, U.S. Food and Drug Administration, Jefferson, Arkansas, United States of America
4920424	Joshua_Xu	Division of Bioinformatics and Biostatistics, National Center for Toxicological Research, U.S. Food and Drug Administration, Jefferson, Arkansas, United States of America
6273892	Giovanna_Bosica	Department of Chemistry, University of Malta, Msida MSD 2080, Malta; 
6273892	Roderick_Abdilla	Department of Chemistry, University of Malta, Msida MSD 2080, Malta; 
4916069	Jianhua_L&#xFC;	Province Key Laboratory of Transformation and Utilization of Cereal Resource, School of Food Science and Technology, Henan University of Technology, Lianhua Street, Zhengzhou High-Tech Development Zone, Zhengzhou, 450001 Henan China 
4916069	Shuli_Liu	Province Key Laboratory of Transformation and Utilization of Cereal Resource, School of Food Science and Technology, Henan University of Technology, Lianhua Street, Zhengzhou High-Tech Development Zone, Zhengzhou, 450001 Henan China 
4911947	Bert_Willaert	Hansbeke, Belgium
4911947	Robin_Suyesh	Systematics Lab, Department of Environmental Studies, University of Delhi, Delhi, India
4911947	Sonali_Garg	Systematics Lab, Department of Environmental Studies, University of Delhi, Delhi, India
4911947	Varad B._Giri	Research Collections, National Centre for Biological Sciences, Bangalore, Karnataka, India
4911947	Mark A._Bee	Department of Ecology, Evolution, and Behavior, University of Minnesota&#x2013;Twin Cities Campus, St. Paul, Minnesota, USA
4911947	S.D._Biju	Systematics Lab, Department of Environmental Studies, University of Delhi, Delhi, India
4844891	Rajgovind_Soni	School of Sciences, Suresh Gyan Vihar University, Jaipur, Rajasthan 302017, India
4844891	Gaurav_Sharma	School of Sciences, Suresh Gyan Vihar University, Jaipur, Rajasthan 302017, India
4844891	Nakuleshwar Dut_Jasuja	School of Sciences, Suresh Gyan Vihar University, Jaipur, Rajasthan 302017, India
4829933	Reginald P._Webster	24 Mill Stream Drive, Charters Settlement, NB, Canada E3C 1X1      
6273776	Sung-Woong_Kim	Department of Forest Sciences, College of Agriculture and Life Sciences, Seoul National University, Seoul 08826, Korea;  (H.-R.L.)
6273776	Hyo-Rim_Lee	Department of Forest Sciences, College of Agriculture and Life Sciences, Seoul National University, Seoul 08826, Korea;  (H.-R.L.)
6273776	Myeong-Jin_Jang	Division of Forest Insect Pests and Diseases, Korea Forest Research Institute, Seoul 02455, Korea;  (C.-S.J.)
6273776	Chan-Sik_Jung	Division of Forest Insect Pests and Diseases, Korea Forest Research Institute, Seoul 02455, Korea;  (C.-S.J.)
6273776	Il-Kwon_Park	Department of Forest Sciences, College of Agriculture and Life Sciences, Seoul National University, Seoul 08826, Korea;  (H.-R.L.)
4750303	Katharina S._Kreppel	LUCINDA group, Institute of Infection and Global Health, Department of Epidemiology and Population Health, University of Liverpool, Leahurst Campus, Neston, CH64 7TE UK 
4750303	Sandra_Telfer	School of Biological Sciences, University of Aberdeen, Tillydrone Avenue, AB24 2TZ Aberdeen, Scotland UK 
4750303	Minoarisoa_Rajerison	Unit&#xE9; Peste - Institut Pasteur de Madagascar, BP 1274, Antananarivo, 101 Madagascar 
4750303	Andy_Morse	Department of Geography and Planning, School of Environmental Sciences, University of Liverpool, Liverpool, Merseyside L69 3GP UK 
4750303	Matthew_Baylis	LUCINDA group, Institute of Infection and Global Health, Department of Epidemiology and Population Health, University of Liverpool, Leahurst Campus, Neston, CH64 7TE UK 
4687113	Tapio_Eeva	Department of Biology, University of Turku, FI-20014 Turku, Finland 
4687113	Tommi_Andersson	Kevo Subarctic Research Institute, University of Turku, FI-20014 Turku, Finland 
4687113	&#xC5;sa M. M._Berglund	Department of Ecology and Environmental Science, Ume&#xE5; University, Ume&#xE5;, Sweden 
4687113	Jon E._Brommer	Department of Biology, University of Turku, FI-20014 Turku, Finland 
4687113	Raimo_Hyv&#xF6;nen	Varnankatu 2 D, FI-20320 Turku, Finland 
4687113	Tero_Klemola	Department of Biology, University of Turku, FI-20014 Turku, Finland 
4687113	Toni_Laaksonen	Department of Biology, University of Turku, FI-20014 Turku, Finland 
4687113	Olli_Loukola	Department of Biology, University of Oulu, FI-90014 Oulu, Finland 
4687113	Chiara_Morosinotto	Department of Biology, University of Turku, FI-20014 Turku, Finland 
4687113	Kalle_Rainio	Department of Biology, University of Turku, FI-20014 Turku, Finland 
4687113	P&#xE4;ivi M._Sirki&#xE4;	Department of Biology, University of Turku, FI-20014 Turku, Finland 
4687113	Eero J._Vesterinen	Department of Biology, University of Turku, FI-20014 Turku, Finland 
6332138	Yan_Wu	Technical Center of China Tobacco Guangxi Industrial Co., Ltd., Nanning 530001, Guangxi, China;  (P.-J.W.)
6332138	Wen-Juan_Zhang	Beijing Key Laboratory of Traditional Chinese Medicine Protection and Utilization, Beijing Normal University, No. 19 Xinjiekouwai Street, Beijing 100875, China;  (Y.W.)
6332138	Dong-Ye_Huang	Technical Center of China Tobacco Guangxi Industrial Co., Ltd., Nanning 530001, Guangxi, China;  (P.-J.W.)
6332138	Ying_Wang	Beijing Key Laboratory of Traditional Chinese Medicine Protection and Utilization, Beijing Normal University, No. 19 Xinjiekouwai Street, Beijing 100875, China;  (Y.W.)
6332138	Jian-Yu_Wei	Technical Center of China Tobacco Guangxi Industrial Co., Ltd., Nanning 530001, Guangxi, China;  (P.-J.W.)
6332138	Zhi-Hua_Li	Technical Center of China Tobacco Guangxi Industrial Co., Ltd., Nanning 530001, Guangxi, China;  (P.-J.W.)
6332138	Jian-Sheng_Sun	Technical Center of China Tobacco Guangxi Industrial Co., Ltd., Nanning 530001, Guangxi, China;  (P.-J.W.)
6332138	Jia-Feng_Bai	Technical Center of China Tobacco Guangxi Industrial Co., Ltd., Nanning 530001, Guangxi, China;  (P.-J.W.)
6332138	Zhao-Fu_Tian	Technical Center of China Tobacco Guangxi Industrial Co., Ltd., Nanning 530001, Guangxi, China;  (P.-J.W.)
6332138	Ping-Juan_Wang	Technical Center of China Tobacco Guangxi Industrial Co., Ltd., Nanning 530001, Guangxi, China;  (P.-J.W.)
6332138	Shu-Shan_Du	Beijing Key Laboratory of Traditional Chinese Medicine Protection and Utilization, Beijing Normal University, No. 19 Xinjiekouwai Street, Beijing 100875, China;  (Y.W.)
4641671	Paraskevi_Agrafioti	Department of Agriculture Crop Production and Rural Environment, University of Thessaly, Volos, Greece
4641671	Christos G._Athanassiou	Department of Agriculture Crop Production and Rural Environment, University of Thessaly, Volos, Greece
4641671	Thomas N._Vassilakos	Department of Agriculture Crop Production and Rural Environment, University of Thessaly, Volos, Greece
4641671	George_Vlontzos	Department of Agriculture Crop Production and Rural Environment, University of Thessaly, Volos, Greece
4641671	Frank H._Arthur	USDA-ARS, Center for Grain and Animal Health Research, Manhattan, Kansas, United States of America
4604623	Avigdor_Beiles	Institute of Evolution, University of Haifa, Haifa, 31905 Israel 
4604623	Shmuel_Raz	Department of Computational Biology, University of Haifa, Haifa, 31905 Israel 
4604623	Yuval_Ben-Abu	Projects and Physics Section, Sapir Academic College, D.N. Hof Ashkelon, 79165 Israel 
4604623	Eviatar_Nevo	Institute of Evolution, University of Haifa, Haifa, 31905 Israel 
4672206	M._Husain	Economic Entomology Research Unit, Department of Plant Protection, College of Food and Agriculture Sciences, King Saud University, Riyadh, Saudi Arabia, P.O. Box 2460, Riyadh 11451
4672206	Khawaja G._Rasool	Economic Entomology Research Unit, Department of Plant Protection, College of Food and Agriculture Sciences, King Saud University, Riyadh, Saudi Arabia, P.O. Box 2460, Riyadh 11451
4672206	Muhammad_Tufail	Economic Entomology Research Unit, Department of Plant Protection, College of Food and Agriculture Sciences, King Saud University, Riyadh, Saudi Arabia, P.O. Box 2460, Riyadh 11451
4672206	Abdullah M. A._Alhamdan	Director of Chair of Dates Industry &amp; Technology, College of Food and Agriculture Sciences, King Saud University, Riyadh, Saudi Arabia, P.O. Box 2460, Riyadh 11451
4672206	Khalid_Mehmood	Economic Entomology Research Unit, Department of Plant Protection, College of Food and Agriculture Sciences, King Saud University, Riyadh, Saudi Arabia, P.O. Box 2460, Riyadh 11451
4672206	Abdulrahman S._Aldawood	Economic Entomology Research Unit, Department of Plant Protection, College of Food and Agriculture Sciences, King Saud University, Riyadh, Saudi Arabia, P.O. Box 2460, Riyadh 11451
4546268	Jianhua_L&#xFC;	School of Food Science and Technology, Henan University of Technology, Lianhua Street, Zhengzhou High-Tech Development Zone, Zhengzhou, 450001, Henan, China
4546268	Dan_Ma	School of Food Science and Technology, Henan University of Technology, Lianhua Street, Zhengzhou High-Tech Development Zone, Zhengzhou, 450001, Henan, China
4672209	Xuegui_Wang	Sichuan Agricultural University, Biorational Pesticide Research Lab, 611130, Chengdu, Republic of China
4672209	Qiang_Hao	Sichuan Agricultural University, Biorational Pesticide Research Lab, 611130, Chengdu, Republic of China
4672209	Yiqu_Chen	Sichuan Agricultural University, Biorational Pesticide Research Lab, 611130, Chengdu, Republic of China
4672209	Surong_Jiang	Sichuan Agricultural University, Biorational Pesticide Research Lab, 611130, Chengdu, Republic of China
4672209	Qunfang_Yang	Sichuan Agricultural University, Biorational Pesticide Research Lab, 611130, Chengdu, Republic of China
4672209	Qing_Li	Sichuan Agricultural University, Biorational Pesticide Research Lab, 611130, Chengdu, Republic of China
4488368	Trinh T. X._Nguyen	Department of Biology, Western University, London, ON, Canada
4488368	Amanda J._Moehring	Department of Biology, Western University, London, ON, Canada
4553151	Bel&#xE9;n_Cotes	Department of Plant Protection Biology, Integrated Plant Protection, Swedish University of Agricultural Sciences, P.O. Box 102, V&#xE4;xtskyddsv&#xE4;gen 3, Alnarp, SE-230 53 Sweden 
4553151	Linda-Marie_R&#xE4;nnb&#xE4;ck	Department of Plant Protection Biology, Integrated Plant Protection, Swedish University of Agricultural Sciences, P.O. Box 102, V&#xE4;xtskyddsv&#xE4;gen 3, Alnarp, SE-230 53 Sweden 
4553151	Maria_Bj&#xF6;rkman	Plant Health and Plant Protection Division, Norwegian Institute for Agricultural and Environmental Research (Bioforsk), H&#xF8;gskoleveien 7, &#xC5;s, 1430 Norway 
4553151	Hans Ragnar_Norli	Plant Health and Plant Protection Division, Norwegian Institute for Agricultural and Environmental Research (Bioforsk), H&#xF8;gskoleveien 7, &#xC5;s, 1430 Norway 
4553151	Nicolai V._Meyling	Department of Plant and Environmental Sciences, University of Copenhagen, Thorvaldsensvej 40, Frederiksberg C, 1871 Denmark 
4553151	Birgitta_R&#xE4;mert	Department of Plant Protection Biology, Integrated Plant Protection, Swedish University of Agricultural Sciences, P.O. Box 102, V&#xE4;xtskyddsv&#xE4;gen 3, Alnarp, SE-230 53 Sweden 
4553151	Peter_Anderson	Department of Plant Protection Biology, Chemical Ecology, Swedish University of Agricultural Sciences, P.O. Box 102, V&#xE4;xtskyddsv&#xE4;gen 3, Alnarp, SE-230 53 Sweden 
6272692	Yan_Wu	Technical Center of China Tobacco Guangxi Industrial Co., Ltd, Nanning 530001, Guangxi, China; E-Mails:  (J.-F.B.)
6272692	Wen-Juan_Zhang	Beijing Key Laboratory of Traditional Chinese Medicine Protection and Utilization, Beijing Normal University, No.19 Xinjiekouwai Street, Beijing 100875, China; E-Mails:  (K.Y.)
6272692	Ping-Juan_Wang	Technical Center of China Tobacco Guangxi Industrial Co., Ltd, Nanning 530001, Guangxi, China; E-Mails:  (J.-F.B.)
6272692	Kai_Yang	Beijing Key Laboratory of Traditional Chinese Medicine Protection and Utilization, Beijing Normal University, No.19 Xinjiekouwai Street, Beijing 100875, China; E-Mails:  (K.Y.)
6272692	Dong-Ye_Huang	Technical Center of China Tobacco Guangxi Industrial Co., Ltd, Nanning 530001, Guangxi, China; E-Mails:  (J.-F.B.)
6272692	Jian-Yu_Wei	Technical Center of China Tobacco Guangxi Industrial Co., Ltd, Nanning 530001, Guangxi, China; E-Mails:  (J.-F.B.)
6272692	Zhao-Fu_Tian	Technical Center of China Tobacco Guangxi Industrial Co., Ltd, Nanning 530001, Guangxi, China; E-Mails:  (J.-F.B.)
6272692	Jia-Feng_Bai	Technical Center of China Tobacco Guangxi Industrial Co., Ltd, Nanning 530001, Guangxi, China; E-Mails:  (J.-F.B.)
6272692	Shu-Shan_Du	Beijing Key Laboratory of Traditional Chinese Medicine Protection and Utilization, Beijing Normal University, No.19 Xinjiekouwai Street, Beijing 100875, China; E-Mails:  (K.Y.)
4308891	Subhashree_Subramanyam	Department of Agronomy, Purdue University, West Lafayette, IN 47907 USA 
4308891	Nagesh_Sardesai	Department of Agronomy, Purdue University, West Lafayette, IN 47907 USA 
4308891	Subhash C_Minocha	Department of Biological Sciences, University of New Hampshire, Durham, NH 03824 USA 
4308891	Cheng_Zheng	Department of Statistics, Purdue University, West Lafayette, IN 47907 USA 
4308891	Richard H_Shukle	Department of Entomology, Purdue University, West Lafayette, IN 47907 USA 
4308891	Christie E_Williams	Department of Agronomy, Purdue University, West Lafayette, IN 47907 USA 
4212871	E. Abou-Fakhr_Hammad	Department of Agricultural Sciences, Faculty of Agricultural &amp; Food Sciences, American University of Beirut, Beirut, Lebanon
4212871	A._Zeaiter	Al Ryum Contracting Company, Doha, Qatar
4212871	N._Saliba	Department of Chemistry, Faculty of Arts &amp; Sciences, American University of Beirut, Beirut, Lebanon
4212871	S._Talhouk	Department of Landscape Design &amp; Ecosystem Management, Faculty of Agricultural &amp; Food Sciences, American University of Beirut, Beirut, Lebanon
4109859	Lisa L._Ellis	Department of Entomology, Texas A&amp;M University, College Station, Texas, United States of America      
4109859	Wen_Huang	Department of Biological Sciences, North Carolina State University, Raleigh, North Carolina, United States of America      
4109859	Andrew M._Quinn	Department of Entomology, Texas A&amp;M University, College Station, Texas, United States of America      
4109859	Astha_Ahuja	Baylor Human Genome Sequencing Center, Houston, Texas, United States of America      
4109859	Ben_Alfrejd	Department of Entomology, Texas A&amp;M University, College Station, Texas, United States of America      
4109859	Francisco E._Gomez	Department of Soil and Crop Science, Texas A&amp;M University, College Station, Texas, United States of America      
4109859	Carl E._Hjelmen	Department of Entomology, Texas A&amp;M University, College Station, Texas, United States of America      
4109859	Kristi L._Moore	Department of Entomology, Texas A&amp;M University, College Station, Texas, United States of America      
4109859	Trudy F. C._Mackay	Department of Biological Sciences, North Carolina State University, Raleigh, North Carolina, United States of America      
4109859	J. Spencer_Johnston	Department of Entomology, Texas A&amp;M University, College Station, Texas, United States of America      
4109859	Aaron M._Tarone	Department of Entomology, Texas A&amp;M University, College Station, Texas, United States of America      
4023238	Takahiro_Yoshida	Entomological Laboratory, Graduate School of Bioresource and Bioenvironmental Sciences, Kyushu University, Fukuoka, 812&#x2013;8581 Japan
4023238	Toshiya_Hirowatari	Entomological Laboratory, Faculty of Agriculture, Kyushu University, Fukuoka, 812&#x2013;8581 Japan
4032471	Sylwia_Zieli&#x144;ska	Department of Pharmaceutical Biology and Botany, Medical University of Wroclaw, Borowska 211, 50-556 Wroclaw, Poland 
4032471	Adam_Matkowski	Department of Pharmaceutical Biology and Botany, Medical University of Wroclaw, Borowska 211, 50-556 Wroclaw, Poland 
5634022	Chuan-shan_Zou	School of Forestry, Northeast Forestry University, Harbin 150040, P.R. China
5634022	Chuan-wang_Cao	School of Forestry, Northeast Forestry University, Harbin 150040, P.R. China
5634022	Guo-cai_Zhang	School of Forestry, Northeast Forestry University, Harbin 150040, P.R. China
5634022	Zhi-ying_Wang	School of Forestry, Northeast Forestry University, Harbin 150040, P.R. China
4207510	Xuegui_Wang	Sichuan Agricultural University, Biorational Pesticide Research Lab, 611130, Chengdu, China
4207510	Qian_Li	Sichuan Agricultural University, Biorational Pesticide Research Lab, 611130, Chengdu, China
4207510	Litao_Shen	Sichuan Agricultural University, College of Resources and Environment, 611130, Chengdu, China
4207510	Jizhi_Yang	Sichuan Agricultural University, Biorational Pesticide Research Lab, 611130, Chengdu, China
4207510	Huabao_Cheng	Sichuan Agricultural University, Biorational Pesticide Research Lab, 611130, Chengdu, China
4207510	Surong_Jiang	Sichuan Agricultural University, Biorational Pesticide Research Lab, 611130, Chengdu, China
4207510	Chunxian_Jiang	Sichuan Agricultural University, Biorational Pesticide Research Lab, 611130, Chengdu, China
4207510	Haijian_Wang	Sichuan Agricultural University, Biorational Pesticide Research Lab, 611130, Chengdu, China
3867170	Mostafa R._Sharaf	Plant Protection Department, College of Food and Agriculture Sciences, King Saud University, Riyadh 11451, PO Box 2460, Kingdom of Saudi Arabia
3867170	Abdulrahman S._Aldawood	Plant Protection Department, College of Food and Agriculture Sciences, King Saud University, Riyadh 11451, PO Box 2460, Kingdom of Saudi Arabia
3849015	Rajeswaran_Jagadeesan	School of Biological Sciences, University of Queensland, St. Lucia, QLD, 4072, Australia
3849015	Amelia_Fotheringham	School of Biological Sciences, University of Queensland, St. Lucia, QLD, 4072, Australia
3849015	Paul R_Ebert	School of Biological Sciences, University of Queensland, St. Lucia, QLD, 4072, Australia
3849015	David I_Schlipalius	School of Biological Sciences, University of Queensland, St. Lucia, QLD, 4072, Australia
3751199	Atsuki_Hiyama	The BCPH Unit of Molecular Physiology, Department of Chemistry, Biology and Marine Science, Faculty of Science, University of the Ryukyus, 1 Senbaru, Nishihara, Okinawa 903-0213, Japan
3751199	Chiyo_Nohara	The BCPH Unit of Molecular Physiology, Department of Chemistry, Biology and Marine Science, Faculty of Science, University of the Ryukyus, 1 Senbaru, Nishihara, Okinawa 903-0213, Japan
3751199	Wataru_Taira	The BCPH Unit of Molecular Physiology, Department of Chemistry, Biology and Marine Science, Faculty of Science, University of the Ryukyus, 1 Senbaru, Nishihara, Okinawa 903-0213, Japan
3751199	Seira_Kinjo	The BCPH Unit of Molecular Physiology, Department of Chemistry, Biology and Marine Science, Faculty of Science, University of the Ryukyus, 1 Senbaru, Nishihara, Okinawa 903-0213, Japan
3751199	Masaki_Iwata	The BCPH Unit of Molecular Physiology, Department of Chemistry, Biology and Marine Science, Faculty of Science, University of the Ryukyus, 1 Senbaru, Nishihara, Okinawa 903-0213, Japan
3751199	Joji M_Otaki	The BCPH Unit of Molecular Physiology, Department of Chemistry, Biology and Marine Science, Faculty of Science, University of the Ryukyus, 1 Senbaru, Nishihara, Okinawa 903-0213, Japan
4745510	Ipsita_Das	Department of Electrical Engineering, Indian Institute of Technology, Bombay, Powai, Mumbai 400076, India
4745510	Girish_Kumar	Department of Electrical Engineering, Indian Institute of Technology, Bombay, Powai, Mumbai 400076, India
4745510	Narendra G._Shah	Centre for Technology Alternatives for Rural Areas, Indian Institute of Technology, Bombay, Powai, Mumbai 400076, India
3677392	Magdi S._El-Hawagry	Basic Sciences Department, Community College, Al-Baha University, Al-Baha, Saudi Arabia, PO Box 1598, Project: Survey and Classification of Agricultural and Medical Insects in Al-Baha Province
3677392	Mohammed W._Khalil	Basic Sciences Department, Community College, Al-Baha University, Al-Baha, Saudi Arabia, PO Box 1598, Project: Survey and Classification of Agricultural and Medical Insects in Al-Baha Province
3677392	Mostafa R._Sharaf	Plant Protection Department, College of Food and Agriculture Sciences, King Saud University, Riyadh 11451, PO Box 2460, Kingdom of Saudi Arabia
3677392	UNKNOWN_Hassan&#xA0;H.&#xA0;Fadl	Plant Protection Department, College of Food and Agriculture Sciences, King Saud University, Riyadh 11451, PO Box 2460, Kingdom of Saudi Arabia
3677392	Abdulrahman S._Aldawood	Plant Protection Department, College of Food and Agriculture Sciences, King Saud University, Riyadh 11451, PO Box 2460, Kingdom of Saudi Arabia
3569590	Ahmad R_Norhisham	Department of Forest Management, Faculty of Forestry, Universiti Putra Malaysia (UPM), 43400 Serdang, Malaysia 
3569590	Faizah_Abood	Department of Forest Management, Faculty of Forestry, Universiti Putra Malaysia (UPM), 43400 Serdang, Malaysia 
3569590	Muhamad_Rita	Department of Plant Protection, Faculty of Agriculture, Universiti Putra Malaysia, (UPM), 43400 Serdang, Malaysia 
3569590	Khalid Rehman_Hakeem	Faculty of Forestry, Universiti Putra Malaysia, 43400 UPM Serdang, Selangor Malaysia 
7109890	N._Singh	Department of Entomology, University of Arkansas, Fayetteville, AR 72701.
7109890	D. T._Johnson	Department of Entomology, University of Arkansas, Fayetteville, AR 72701.
3420361	Brad S._Coates	Corn Insects and Crop Genetics Research Unit, ARS, USDA, Ames, IA 50011, USA
3420361	Analiza P._Alves	Department of Entomology, University of Nebraska, Lincoln, NE 68583, USA
3420361	Haichuan_Wang	Department of Entomology, University of Nebraska, Lincoln, NE 68583, USA
3420361	Kimberly K. O._Walden	University of Illinois, Champaign-Urbana, IL 61801, USA
3420361	B. Wade_French	North Central Agricultural Research Laboratory, Brookings, ARS, USDA, SD 57006, USA
3420361	Nicholas J._Miller	Department of Entomology, University of Nebraska, Lincoln, NE 68583, USA
3420361	Craig A._Abel	Corn Insects and Crop Genetics Research Unit, ARS, USDA, Ames, IA 50011, USA
3420361	Hugh M._Robertson	University of Illinois, Champaign-Urbana, IL 61801, USA
3420361	Thomas W._Sappington	Corn Insects and Crop Genetics Research Unit, ARS, USDA, Ames, IA 50011, USA
3420361	Blair D._Siegfried	Department of Entomology, University of Nebraska, Lincoln, NE 68583, USA
6268661	Guy P._Kamatou	Department of Pharmaceutical Sciences, Faculty of Science, Tshwane University of Technology, Private Bag X680, Pretoria 0001, South Africa; Email:  (I.V.)
6268661	Ilze_Vermaak	Department of Pharmaceutical Sciences, Faculty of Science, Tshwane University of Technology, Private Bag X680, Pretoria 0001, South Africa; Email:  (I.V.)
6268661	Alvaro M._Viljoen	Department of Pharmaceutical Sciences, Faculty of Science, Tshwane University of Technology, Private Bag X680, Pretoria 0001, South Africa; Email:  (I.V.)
3346752	Aly S._Derbalah	Pesticides Department, Faculty of Agriculture, Kafr El-Sheikh University, Kafr El-Sheikh 33516, Egypt
3327715	Shmuel_Raz	Department of Evolutionary and Environmental Biology, Institute of Evolution, University of Haifa, Haifa, Israel
3327715	John H._Graham	Department of Biology, Berry College, Mount Berry, Georgia, United States of America
3327715	Ayelet_Cohen	Department of Evolutionary and Environmental Biology, Institute of Evolution, University of Haifa, Haifa, Israel
3327715	Benjamin L._de Bivort	Rowland Institute at Harvard, Harvard University, Cambridge, Massachusetts, United States of America
3327715	Isabella_Grishkan	Department of Evolutionary and Environmental Biology, Institute of Evolution, University of Haifa, Haifa, Israel
3327715	Eviatar_Nevo	Department of Evolutionary and Environmental Biology, Institute of Evolution, University of Haifa, Haifa, Israel
3337059	Reginald P._Webster	Natural Resources Canada, Canadian Forest Service, Atlantic Forestry Centre, 1350 Regent St., P.O. Box 4000, Fredericton, NB, Canada E3B 5P7
3337059	Jon D._Sweeney	Natural Resources Canada, Canadian Forest Service, Atlantic Forestry Centre, 1350 Regent St., P.O. Box 4000, Fredericton, NB, Canada E3B 5P7
3337059	Ian_deMerchant	Natural Resources Canada, Canadian Forest Service, Atlantic Forestry Centre, 1350 Regent St., P.O. Box 4000, Fredericton, NB, Canada E3B 5P7
3317989	Byju N._Govindan	UNKNOWN
3317989	Robert K._Swihart	Department of Forestry and Natural Resources, Purdue University, West Lafayette, Indiana, United States of America
3283673	Rajeswaran_Jagadeesan	School of Biological Sciences, University of Queensland, St. Lucia, Australia
3283673	Patrick J._Collins	Department of Employment, Economic Development and Innovation, Ecosciences Precinct, Agri-Science Queensland, Brisbane, Australia
3283673	Gregory J._Daglish	Department of Employment, Economic Development and Innovation, Ecosciences Precinct, Agri-Science Queensland, Brisbane, Australia
3283673	Paul R._Ebert	School of Biological Sciences, University of Queensland, St. Lucia, Australia
3283673	David I._Schlipalius	Department of Employment, Economic Development and Innovation, Ecosciences Precinct, Agri-Science Queensland, Brisbane, Australia
3244425	Gloriana_Chaverri	Center for Ecology and Conservation Biology, Department of Biology, Boston University, Boston, Massachusetts, United States of America
3244425	Thomas H._Kunz	Center for Ecology and Conservation Biology, Department of Biology, Boston University, Boston, Massachusetts, United States of America
3768717	Li_Gao	<institution>State Key Laboratory for Biology of Plant Disease and Insect Pests, Institute of Plant Protection, Chinese Academy of Agricultural Sciences</institution>, <addr-line>Beijing 100193, P. R.</addr-line>, <country>China</country>
3432197	Bhadriraju_Subramanyam	Department of Grain Science and Industry, Kansas State University, Manhattan, KS 66506 USA 
3432197	Michelle_Hartzer	Department of Grain Science and Industry, Kansas State University, Manhattan, KS 66506 USA 
3432197	Dhana Raj_Boina	Department of Grain Science and Industry, Kansas State University, Manhattan, KS 66506 USA 
3398438	Frank H._Arthur	USDA-ARS-Center for Grain and Animal Health Research, 1515 College Avenue, Manhattan, Kansas, USA
3398438	Emily A._Fontenot	USDA-ARS-Center for Grain and Animal Health Research, 1515 College Avenue, Manhattan, Kansas, USA
3398438	James F._Campbell	USDA-ARS-Center for Grain and Animal Health Research, 1515 College Avenue, Manhattan, Kansas, USA
3215934	Pilar_Foronda	Institute of Tropical Diseases and Public Health of the Canary Islands, Avda. Astrof&#xED;sico Fco. S&#xE1;nchez s/n, 38203 Tenerife, Canary Islands, Spain
3215934	Mercedes_L&#xF3;pez-Gonz&#xE1;lez	Institute of Tropical Diseases and Public Health of the Canary Islands, Avda. Astrof&#xED;sico Fco. S&#xE1;nchez s/n, 38203 Tenerife, Canary Islands, Spain
3215934	Mariano_Hern&#xE1;ndez	Institute of Tropical Diseases and Public Health of the Canary Islands, Avda. Astrof&#xED;sico Fco. S&#xE1;nchez s/n, 38203 Tenerife, Canary Islands, Spain
3215934	Voitto_Haukisalmi	Vantaa Research Unit, Finnish Forest Research Institute, PO Box 18, FI-01301 Vantaa, Finland
3215934	Carlos_Feliu	Laboratory of Parasitology, Faculty of Pharmacy, University of Barcelona, Avda. Diagonal s/n, 08028 Barcelona, Spain
3180453	Steven C._Cook	Department of Entomology, Texas A&amp;M University, College Station, Texas, United States of America
3180453	Micky D._Eubanks	Department of Entomology, Texas A&amp;M University, College Station, Texas, United States of America
3180453	Roger E._Gold	Department of Entomology, Texas A&amp;M University, College Station, Texas, United States of America
3180453	Spencer T._Behmer	Department of Entomology, Texas A&amp;M University, College Station, Texas, United States of America
3312420	Vytautas_Tamutis	Kaunas T. Ivanauskas Zoological Museum, Laisv&#x117;s al. 106, LT-44253 Kaunas, Lithuania
3312420	Brigita_Tamut&#x117;	Kaunas T. Ivanauskas Zoological Museum, Laisv&#x117;s al. 106, LT-44253 Kaunas, Lithuania
3312420	Romas_Ferenca	Kaunas T. Ivanauskas Zoological Museum, Laisv&#x117;s al. 106, LT-44253 Kaunas, Lithuania
3084197	Jeremy A._Lynch	Institute for Developmental Biology,University of Cologne, Cologne, Germany      
3084197	Orhan_&#xD6;z&#xFC;ak	Institute for Developmental Biology,University of Cologne, Cologne, Germany      
3084197	Abderrahman_Khila	Department of Biology, McGill University,Montreal, Canada      
3084197	Ehab_Abouheif	Department of Biology, McGill University,Montreal, Canada      
3084197	Claude_Desplan	Center for Developmental Genetics, Departmentof Biology, New York University, New York, New York, United States ofAmerica      
3084197	Siegfried_Roth	Institute for Developmental Biology,University of Cologne, Cologne, Germany      
3023764	Lucas J_Cunningham	Department of Zoology, The Natural History Museum, Cromwell Road, London, SW7 5BD, UK
3023764	Peter D_Olson	Department of Zoology, The Natural History Museum, Cromwell Road, London, SW7 5BD, UK
2845059	David_Dreyer	Department of Biology, Animal Physiology, Philipps-University Marburg        Marburg, Germany      
2845059	Holger_Vitt	Department of Biology, Animal Physiology, Philipps-University Marburg        Marburg, Germany      
2845059	Stefan_Dippel	Department of Biology, Animal Physiology, Philipps-University Marburg        Marburg, Germany      
2845059	Brigitte_Goetz	Department of Biology, Animal Physiology, Philipps-University Marburg        Marburg, Germany      
2845059	Basil_el Jundi	Department of Biology, Animal Physiology, Philipps-University Marburg        Marburg, Germany      
2845059	Martin_Kollmann	Department of Biology, Animal Physiology, Philipps-University Marburg        Marburg, Germany      
2845059	Wolf_Huetteroth	Department of Biology, Animal Physiology, Philipps-University Marburg        Marburg, Germany      
2845059	Joachim_Schachtner	Department of Biology, Animal Physiology, Philipps-University Marburg        Marburg, Germany      
2737144	Jonathan D._Bohbot	United States Department of Agriculture, Agricultural Research Service, Henry A. Wallace Beltsville Agricultural Research Center, Plant Sciences Institute, Invasive Insect Biocontrol and Behavior Laboratory, Beltsville, Maryland, United States of America
2737144	Joseph C._Dickens	United States Department of Agriculture, Agricultural Research Service, Henry A. Wallace Beltsville Agricultural Research Center, Plant Sciences Institute, Invasive Insect Biocontrol and Behavior Laboratory, Beltsville, Maryland, United States of America
2121604	Mohatmed_Abdel-latief	Department of Applied Zoology, Animal Ecology, Institute of Biology, Freie Universit&#xE4;t Berlin, Berlin, Germany
2990299	Fuji_Jian	Department of Biosystems Engineering, University of Manitoba, Winnipeg, MB, R3T 5V6. Canada			
2990299	Digvir S._Jayas	Department of Biosystems Engineering, University of Manitoba, Winnipeg, MB, R3T 5V6. Canada			
2990299	Noel D. G._White	Agriculture and Agri-Food Canada, Cereal Research Centre, 195 Dafoe Road, Winnipeg, MB, Canada. R3T 2M9			
548686	N_Chandrasekhar	Human Molecular Genetics Lab, Rajiv Gandhi Centre for Biotechnology, Poojapura, Trivandrum, Kerala- 695012, India
548686	TV_Sajeev	Division of Entomology, Kerala Forest Research Institute, Peechi, Kerala- 680653, India
548686	VV_Sudheendrakumar	Division of Entomology, Kerala Forest Research Institute, Peechi, Kerala- 680653, India
548686	Moinak_Banerjee	Human Molecular Genetics Lab, Rajiv Gandhi Centre for Biotechnology, Poojapura, Trivandrum, Kerala- 695012, India
