pmcid	forename_lastname	affiliation
7469204	Anna_Skourti	Laboratory of Agricultural Zoology and Entomology, Department of Crop Science, Agricultural University of Athens, 75 Iera Odos str., 11855 Athens, Attica, Greece;  (N.E.P.)
7469204	Nickolas G._Kavallieratos	Laboratory of Agricultural Zoology and Entomology, Department of Crop Science, Agricultural University of Athens, 75 Iera Odos str., 11855 Athens, Attica, Greece;  (N.E.P.)
7469204	Nikos E._Papanikolaou	Laboratory of Agricultural Zoology and Entomology, Department of Crop Science, Agricultural University of Athens, 75 Iera Odos str., 11855 Athens, Attica, Greece;  (N.E.P.)
7469149	Jacob D._Langsi	Faculty of Sciences, University of Ngaoundere, Ngaoundere P. O. Box 454, Cameroon;  (H.M.)
7469149	Elias N._Nukenine	Faculty of Sciences, University of Ngaoundere, Ngaoundere P. O. Box 454, Cameroon;  (H.M.)
7469149	Kary M._Oumarou	National School of Veterinary Medicine and Sciences (ESMV), Ngaoundere P. O. Box 454, Cameroon; 
7469149	Hamadou_Moktar	Faculty of Sciences, University of Ngaoundere, Ngaoundere P. O. Box 454, Cameroon;  (H.M.)
7469149	Charles N._Fokunang	Faculty of Medicine and Biomedical Sciences, University of Yaound&#xE9; 1, Yaounde P. O. Box 33032, Cameroon; 
7469149	George N._Mbata	Agriculture Research Station, Fort Valley State University, 1005 State University Drive, Fort Valley, GA 31030, USA
7469259	Dieudonne_Baributsa	Department of Entomology, Purdue University, West Lafayette, IN 47907, USA; 
7469259	Ousmane Nouhou_Bakoye	Department of Science and Techniques of Plant Production, Dan Dicko Dankoulodo University of Maradi, Maradi BP 465, Niger;  (B.I.)
7469259	Baoua_Ibrahim	Department of Science and Techniques of Plant Production, Dan Dicko Dankoulodo University of Maradi, Maradi BP 465, Niger;  (B.I.)
7469259	Larry L._Murdock	Department of Entomology, Purdue University, West Lafayette, IN 47907, USA; 
7464821	Mohammad Reza_Youssefi	Department of Veterinary Parasitology, Babol-Branch, Islamic Azad University, Babol 19585/466, Iran; 
7464821	Ali_Nikpay	Faculty of Veterinary Medicine, Amol University of Special Modern Technologies, Amol 4618649767, Iran; 
7464821	Niloufar_Hassanpour	Faculty of Veterinary Medicine, Babol-Branch, Islamic Azad University, Babol 19585/466, Iran;  (P.S.T.)
7464821	Aida_Mirzapour	Faculty of Veterinary Medicine, Babol-Branch, Islamic Azad University, Babol 19585/466, Iran;  (P.S.T.)
7464821	Parisa Saleh_Tabari	Faculty of Veterinary Medicine, Babol-Branch, Islamic Azad University, Babol 19585/466, Iran;  (P.S.T.)
7464821	Roman_Pavela	Crop Research Institute, Drnovska 507, Ruzyne, 161 06 Prague 6, Czech Republic; 
7464821	Filippo_Maggi	School of Pharmacy, University of Camerino, via Sant&#x2019;Agostino 1, 62032 Camerino, Italy; 
7464821	Riccardo_Petrelli	School of Pharmacy, University of Camerino, via Sant&#x2019;Agostino 1, 62032 Camerino, Italy; 
7464977	Spiridon_Mantzoukas	Department of Pharmacy, School of Health Sciences, University of Patras, 26504 Patras, Greece;  (A.M.)
7464977	Georgia_Korbou	Department of Pharmacy, School of Health Sciences, University of Patras, 26504 Patras, Greece;  (A.M.)
7464977	Alexandra_Magita	Department of Pharmacy, School of Health Sciences, University of Patras, 26504 Patras, Greece;  (A.M.)
7464977	Panagiotis_A. Eliopoulos	Department of Agrotechnology, University of Thessaly, 45100 Larissa, Greece; 
7464977	Konstantinos_Poulas	Department of Pharmacy, School of Health Sciences, University of Patras, 26504 Patras, Greece;  (A.M.)
7343657	Kayode David_Ileke	Department of Biology, School of Science, Federal University of Technology, PMB 704, Akure, Ondo State, Nigeria
7343657	Joy Ejemen_Idoko	Department of Crop, Soil and Pest Management, School of Agriculture and Agricultural Technology, Federal University of Technology, PMB 704, Akure, Ondo State, Nigeria
7343657	Durojaye Olanrewaju_Ojo	Department of Zoology and Environmental Biology, Faculty of Science, Ekiti State University, Ado Ekiti, Ekiti State, Nigeria
7343657	Bukola Christianah_Adesina	Department of Environmental Science and Resource Management, School of Science and Technology, National Open University, Abuja, Nigeria
7391540	Ting&#x2010;bang_Yang	1Key Laboratory of Southwest China Wildlife Resources Conservation (Ministry of Education)Institute of EcologyChina West Normal UniversityNanchongChina
7391540	Jie_Liu	2The State Key Laboratory of Biocatalysis and Enzyme Engineering of ChinaSchool of Life SciencesHubei UniversityWuhanChina
7391540	Jian_Chen	2The State Key Laboratory of Biocatalysis and Enzyme Engineering of ChinaSchool of Life SciencesHubei UniversityWuhanChina
7349181	A._Badji	Department of Agricultural Production, Makerere Univesity, P.O. Box 7062 Kampala, Uganda;  (P.R.)
7349181	D. B._Kwemoi	Cereals Program, National Crop Resource Research Institute, P.O. Box 7084 Kampala, Uganda;  (G.A.)
7349181	L._Machida	Alliance Bioversity International-CIAT, P.O. Box 24384 Kampala, Uganda; 
7349181	D._Okii	Department of Agricultural Production, Makerere Univesity, P.O. Box 7062 Kampala, Uganda;  (P.R.)
7349181	N._Mwila	Department of Agricultural Production, Makerere Univesity, P.O. Box 7062 Kampala, Uganda;  (P.R.)
7349181	S._Agbahoungba	Laboratory of Applied Ecology, University of Abomey-Calavi, 01BP 526 Cotonou, Benin; 
7349181	F._Kumi	Department of Crop Science, University of Cape Coast, P.O. Box 5007 PMB Cape Coast, Ghana; 
7349181	A._Ibanda	Department of Agricultural Production, Makerere Univesity, P.O. Box 7062 Kampala, Uganda;  (P.R.)
7349181	A._Bararyenya	Department of Agricultural Production, Makerere Univesity, P.O. Box 7062 Kampala, Uganda;  (P.R.)
7349181	M._Solemanegy	Department of Agricultural Production, Makerere Univesity, P.O. Box 7062 Kampala, Uganda;  (P.R.)
7349181	T._Odong	Department of Agricultural Production, Makerere Univesity, P.O. Box 7062 Kampala, Uganda;  (P.R.)
7349181	P._Wasswa	Department of Agricultural Production, Makerere Univesity, P.O. Box 7062 Kampala, Uganda;  (P.R.)
7349181	M._Otim	Cereals Program, National Crop Resource Research Institute, P.O. Box 7084 Kampala, Uganda;  (G.A.)
7349181	G._Asea	Cereals Program, National Crop Resource Research Institute, P.O. Box 7084 Kampala, Uganda;  (G.A.)
7349181	M._Ochwo-Ssemakula	Department of Agricultural Production, Makerere Univesity, P.O. Box 7062 Kampala, Uganda;  (P.R.)
7349181	H._Talwana	Department of Agricultural Production, Makerere Univesity, P.O. Box 7062 Kampala, Uganda;  (P.R.)
7349181	S._Kyamanywa	Department of Agricultural Production, Makerere Univesity, P.O. Box 7062 Kampala, Uganda;  (P.R.)
7349181	P._Rubaihayo	Department of Agricultural Production, Makerere Univesity, P.O. Box 7062 Kampala, Uganda;  (P.R.)
7300834	L. Margarita_L&#xF3;pez-Castillo	School of Engineering and Sciences, Tecnologico de Monterrey, Monterrey, Mexico
7300834	Al&#xE1;n_Gonz&#xE1;lez-Leyzaola	School of Engineering and Sciences, Tecnologico de Monterrey, Monterrey, Mexico
7300834	M. Fernanda_Diaz-Flores-Rivera	School of Engineering and Sciences, Tecnologico de Monterrey, Monterrey, Mexico
7300834	Robert_Winkler	Department of Biotechnology and Biochemistry, CINVESTAV Unidad Irapuato, Guanajuato, Mexico
7300834	Natalie_Wielsch	Mass Spectrometry Group, Max Planck Institute for Chemical Ecology, Jena, Germany
7300834	Silverio_Garc&#xED;a-Lara	School of Engineering and Sciences, Tecnologico de Monterrey, Monterrey, Mexico
7349611	Jocelyne_Tampe	Technology and Processes Laboratory, Department of Chemical Engineering, Faculty of Engineering and Science, Universidad de La Frontera, Avenida Francisco Salazar 01145, Temuco 4811230, Chile
7349611	Javier_Espinoza	Laboratorio de Qu&#xED;mica Ecol&#xF3;gica, Departamento de Ciencias Qu&#xED;micas y Recursos Naturales, Universidad de La Frontera, Casilla 54-D, Avenida Francisco Salazar 01145, Temuco 4811230, Chile;  (A.Q.)
7349611	Manuel_Chac&#xF3;n-Fuentes	Laboratorio de Qu&#xED;mica Ecol&#xF3;gica, Departamento de Ciencias Qu&#xED;micas y Recursos Naturales, Universidad de La Frontera, Casilla 54-D, Avenida Francisco Salazar 01145, Temuco 4811230, Chile;  (A.Q.)
7349611	Andr&#xE9;s_Quiroz	Laboratorio de Qu&#xED;mica Ecol&#xF3;gica, Departamento de Ciencias Qu&#xED;micas y Recursos Naturales, Universidad de La Frontera, Casilla 54-D, Avenida Francisco Salazar 01145, Temuco 4811230, Chile;  (A.Q.)
7349611	M&#xF3;nica_Rubilar	Technology and Processes Laboratory, Department of Chemical Engineering, Faculty of Engineering and Science, Universidad de La Frontera, Avenida Francisco Salazar 01145, Temuco 4811230, Chile
7214431	Marc_Gr&#xFC;nig	0000 0004 4681 910Xgrid.417771.3Agroscope, RD Plant Protection, W&#xE4;denswil, Switzerland 
7214431	Dominique_Mazzi	0000 0004 4681 910Xgrid.417771.3Agroscope, RD Plant Protection, W&#xE4;denswil, Switzerland 
7214431	Pierluigi_Calanca	0000 0004 4681 910Xgrid.417771.3Agroscope, RD Agroecology and Environment, Zurich, Switzerland 
7214431	Dirk Nikolaus_Karger	0000 0001 2259 5533grid.419754.aSwiss Federal Research Institute WSL, Birmensdorf, Switzerland 
7214431	Lo&#xEF;c_Pellissier	0000 0001 2156 2780grid.5801.cETH, Landscape Ecology, Zurich, Switzerland 
7249092	Ha&#xEF;fa_Debbabi	Research Unit 13ES63, Applied Chemistry and Environment, Faculty of Sciences of Monastir, University of Monastir, 5000 Monastir, Tunisia;  (S.H.)
7249092	Ridha_El Mokni	Department Pharmaceutical Sciences &#x201C;A&#x201D;, Laboratory of Botany, Cryptogamy and Plant Biology, Faculty of Pharmacy of Monastir BP 207, Avenue Avicenna, University of Monastir, 5000 Monastir, Tunisia; 
7249092	Ikbal_Chaieb	Research unit UR13AGR09, Regional Center for Research in Horticulture and Organic Agriculture, Chott Mariem, University of Sousse, TN-4042 Sousse, Tunisia; 
7249092	Simona_Nardoni	Department of Veterinary Sciences, Universit&#xE0; degli Studi di Pisa, 56124 Pisa, Italy; 
7249092	Filippo_Maggi	School of Pharmacy, University of Camerino, 62032 Camerino, Italy; 
7249092	Giovanni_Caprioli	School of Pharmacy, University of Camerino, 62032 Camerino, Italy; 
7249092	Saoussen_Hammami	Research Unit 13ES63, Applied Chemistry and Environment, Faculty of Sciences of Monastir, University of Monastir, 5000 Monastir, Tunisia;  (S.H.)
7304484	D._Baributsa	Department of Entomology, Purdue University, 901 W. State Street, W. Lafayette, IN, 47907, USA
7304484	A.W._Njoroge	Department of Entomology, Purdue University, 901 W. State Street, W. Lafayette, IN, 47907, USA
7291318	Maria C._Boukouvala	Laboratory of Agricultural Zoology and Entomology, Department of Crop Science, Agricultural University of Athens, 75 Iera Odos str., 11855 Athens, Attica, Greece
7291318	Nickolas G._Kavallieratos	Laboratory of Agricultural Zoology and Entomology, Department of Crop Science, Agricultural University of Athens, 75 Iera Odos str., 11855 Athens, Attica, Greece
7182199	D&#xE9;thi&#xE9;_Ngom	Department of Animal Biology, Laboratory of Entomology and Acarology, Sciences and Technics Faculty, Cheikh Anta DIOP University, Dakar, Senegal
7182199	Marie-Laure_Fauconnier	Agro-Biosystems Chemistry - Agronomy, Bioengineering and Chemistry (AgroBioChem), Gembloux Agro-Bio Tech, University of Liege, Gembloux, Belgium
7182199	Paul_Malumba	TERRA Teaching and Research Center, FoodIsLife Care, Gembloux Agro-Bio Tech, University of Liege, Gembloux, Belgium
7182199	Cheikh Abdou Khadre Mback&#xE9;_Dia	Department of Animal Biology, Laboratory of Entomology and Acarology, Sciences and Technics Faculty, Cheikh Anta DIOP University, Dakar, Senegal
7182199	Cheikh_Thiaw	Senegalese Institute of Agricultural Research (ISRA), Dakar, Senegal
7182199	Mback&#xE9;_Semb&#xE8;ne	Department of Animal Biology, Laboratory of Entomology and Acarology, Sciences and Technics Faculty, Cheikh Anta DIOP University, Dakar, Senegal
7240364	Nickolas G._Kavallieratos	Laboratory of Agricultural Zoology and Entomology, Department of Crop Science, Agricultural University of Athens, 75 Iera Odos str., 11855 Athens, Attica, Greece;  (A.S.)
7240364	Goran_Andri&#x107;	Laboratory of Agricultural Zoology and Entomology, Department of Crop Science, Agricultural University of Athens, 75 Iera Odos str., 11855 Athens, Attica, Greece;  (A.S.)
7240364	Marijana_Pra&#x17E;i&#x107; Goli&#x107;	Laboratory of Agricultural Zoology and Entomology, Department of Crop Science, Agricultural University of Athens, 75 Iera Odos str., 11855 Athens, Attica, Greece;  (A.S.)
7240364	Erifili P._Nika	Laboratory of Agricultural Zoology and Entomology, Department of Crop Science, Agricultural University of Athens, 75 Iera Odos str., 11855 Athens, Attica, Greece;  (A.S.)
7240364	Anna_Skourti	Laboratory of Agricultural Zoology and Entomology, Department of Crop Science, Agricultural University of Athens, 75 Iera Odos str., 11855 Athens, Attica, Greece;  (A.S.)
7240364	Petar_Kljaji&#x107;	Institute of Pesticides and Environmental Protection, Banatska 31b, 11080 Belgrade, Serbia; 
7240364	Nikos E._Papanikolaou	Laboratory of Agricultural Zoology and Entomology, Department of Crop Science, Agricultural University of Athens, 75 Iera Odos str., 11855 Athens, Attica, Greece;  (A.S.)
7090091	J&#xE1;nos_Juh&#xE1;sz	Faculty of Information Technology and Bionics, P&#xE1;zm&#xE1;ny P&#xE9;ter Catholic University, Budapest, Hungary
7090091	Zolt&#xE1;n_G&#xE1;sp&#xE1;ri	Faculty of Information Technology and Bionics, P&#xE1;zm&#xE1;ny P&#xE9;ter Catholic University, Budapest, Hungary
7090091	S&#xE1;ndor_Pongor	Faculty of Information Technology and Bionics, P&#xE1;zm&#xE1;ny P&#xE9;ter Catholic University, Budapest, Hungary
7050539	David Thomas_Murphy	1School of Earth, Environmental and Biological SciencesQueensland University of TechnologyBrisbaneQueenslandAustralia
7050539	Charlotte M._Allen	1School of Earth, Environmental and Biological SciencesQueensland University of TechnologyBrisbaneQueenslandAustralia
7050539	Osama_Ghidan	2Institute for Future EnvironmentsQueensland University of TechnologyBrisbaneQueenslandAustralia
7050539	Andrew_Dickson	1School of Earth, Environmental and Biological SciencesQueensland University of TechnologyBrisbaneQueenslandAustralia
7050539	Wan&#x2010;Ping_Hu	2Institute for Future EnvironmentsQueensland University of TechnologyBrisbaneQueenslandAustralia
7050539	Ethan_Briggs	3School of Biological SciencesUniversity of QueenslandBrisbaneQueenslandAustralia
7050539	Peter W._Holder	4Bio&#x2010;Protection Research CentreLincoln UniversityLincolnNew Zealand
7050539	Karen F._Armstrong	4Bio&#x2010;Protection Research CentreLincoln UniversityLincolnNew Zealand
7074562	Anna_Skourti	Laboratory of Agricultural Zoology and Entomology, Department of Crop Science, Agricultural University of Athens, 75 Iera Odos str., 11855 Athens, Attica, Greece;  (N.G.K.)
7074562	Nickolas G._Kavallieratos	Laboratory of Agricultural Zoology and Entomology, Department of Crop Science, Agricultural University of Athens, 75 Iera Odos str., 11855 Athens, Attica, Greece;  (N.G.K.)
7074562	Nikos E._Papanikolaou	Laboratory of Agricultural Zoology and Entomology, Department of Crop Science, Agricultural University of Athens, 75 Iera Odos str., 11855 Athens, Attica, Greece;  (N.G.K.)
7016483	Peter_Koskei	School of Public Health, Moi University, P.O. Box 4606-30100, Eldoret, Kenya
7016483	Christine C._Bii	Kenya Medical Research Institute, P.O. Box 54840 00200, Mbagathi Road, Nairobi, Kenya
7016483	Protus_Musotsi	School of Public Health, Moi University, P.O. Box 4606-30100, Eldoret, Kenya
7016483	Simon_Muturi Karanja	School of Public Health, Jomo Kenyatta University of Agriculture and Technology, P.O. Box 62000-00200, Nairobi, Kenya
7023111	Bernard_Darfour	Radiation Technology Centre, Biotechnology and Nuclear Agriculture Research Institute, Ghana Atomic Energy Commission, P.O. Box LG 80 Legon-Accra, Ghana; 
7023111	Kurt A._Rosentrater	Agricultural and Biosystems Engineering Department, Elings Hall, Iowa State University of Science and Technology, 3327 Elings Hall, Ames, Iowa, IA 50011, USA
6977505	Chala Gowe_Kuyu	1Department of Postharvest ManagementJimma University, College of Agriculture and Veterinary MedicineJimmaEthiopia
6977505	Tizazu Yirga_Bereka	1Department of Postharvest ManagementJimma University, College of Agriculture and Veterinary MedicineJimmaEthiopia
6836108	Spiridon_Mantzoukas	Department of Pharmacy, School of Health Sciences, University of Patras, 26504 Patras, Greece; 
6836108	Athanasia_Zikou	Department of Agricultural Technology, Technological Institute of Western Greece, 27200 Amaliada, Greece;  (V.T.)
6836108	Vasw_Triantafillou	Department of Agricultural Technology, Technological Institute of Western Greece, 27200 Amaliada, Greece;  (V.T.)
6836108	Ioannis_Lagogiannis	Department of Pharmacy, School of Health Sciences, University of Patras, 26504 Patras, Greece; 
6836108	Panagiotis A._Eliopoulos	Department of Agriculture and Agrotechnology, University of Thessaly, 45100 Larissa, Greece; 
6836213	David W._Hagstrum	Department of Entomology, Kansas State University, Manhattan, KS 66502, USA
6836213	Christos G._Athanassiou	Laboratory of Entomology and Agricultural Zoology, Department of Agriculture, Crop Production and Rural Environment, University of Thessaly, Phytokou str., Nea Ionia, 38446 Magnissia, Greece
6737907	Antoine_Waongo	Laboratoire Central d&#x2019;Entomologie Agricole de Kamboins&#xE9; (LCEA-K), Institut de l&#x2019;Environnement et de Recherches Agricoles (INERA), 01 BP 476 Ouagadougou 01, Burkina Faso
6737907	Fouss&#xE9;ni_Traore	Laboratoire Central d&#x2019;Entomologie Agricole de Kamboins&#xE9; (LCEA-K), Institut de l&#x2019;Environnement et de Recherches Agricoles (INERA), 01 BP 476 Ouagadougou 01, Burkina Faso
6737907	Malick N._Ba	International Crops Research Institute for the Semi-Arid Tropics, Niamey, Niger
6737907	Cl&#xE9;mentine_Dabire-Binso	Laboratoire Central d&#x2019;Entomologie Agricole de Kamboins&#xE9; (LCEA-K), Institut de l&#x2019;Environnement et de Recherches Agricoles (INERA), 01 BP 476 Ouagadougou 01, Burkina Faso
6737907	Larry L._Murdock	Department of Entomology, Purdue University, 901 West State Street, West Lafayette, IN, 47907, USA
6737907	Dieudonn&#xE9;_Baributsa	Department of Entomology, Purdue University, 901 West State Street, West Lafayette, IN, 47907, USA
6737907	Antoine_Sanon	Laboratoire d&#x2019;Entomologie Fondamentale et Appliqu&#xE9;e, UFR/SVT, Universit&#xE9; Ouaga I Pr Joseph Ki-Zerbo, Burkina Faso
6681287	Kimondo_Mutambuki	Kenya Agricultural and Livestock Research Organisation (KALRO), Food Crops Research Institute-Kabete, P.O. Box 14733-00800, Nairobi, Kenya
6681287	Hippolyte_Affognon	West and Central Africa Council for Agricultural Development (CORAF), 7, Avenue Bourguiba-B.P. 48, CP 18523, Dakar, Senegal
6681287	Paddy_Likhayo	Kenya Agricultural and Livestock Research Organisation (KALRO), Food Crops Research Institute-Kabete, P.O. Box 14733-00800, Nairobi, Kenya
6681287	Dieudonne_Baributsa	Purdue University, West Lafayette, IN 47907, USA
6628024	Roberto_Romani	Department of Agricultural, Food and Environmental Sciences, University of Perugia, 06121 Perugia, Italy; 
6628024	Stefano_Bedini	Department of Agriculture, Food and Environment, University of Pisa, 56124 Pisa, Italy;  (B.C.)
6628024	Gianandrea_Salerno	Department of Agricultural, Food and Environmental Sciences, University of Perugia, 06121 Perugia, Italy; 
6628024	Roberta_Ascrizzi	Department of Pharmacy, University of Pisa, 56122 Pisa, Italy;  (G.F.)
6628024	Guido_Flamini	Department of Pharmacy, University of Pisa, 56122 Pisa, Italy;  (G.F.)
6628024	Maria Cristina_Echeverria	Facultad de Ingenier&#xED;a en Ciencias Agropecuarias y Ambientales, Grupo de Investigaciones Ambientales y Biotecnol&#xF3;gicas, Universidad Tecnica del Norte, Ibarra 100105, Ecuador; 
6628024	Priscilla_Farina	Department of Agriculture, Food and Environment, University of Pisa, 56124 Pisa, Italy;  (B.C.)
6628024	Barbara_Conti	Department of Agriculture, Food and Environment, University of Pisa, 56124 Pisa, Italy;  (B.C.)
6572361	&#xC1;lvaro_Rodr&#xED;guez-Gonz&#xE1;lez	Grupo Universitario de Investigaci&#xF3;n en Ingenier&#xED;a y Agricultura Sostenible (GUIIAS), Instituto de Medio Ambiente Recursos Naturales y Biodiversidad. Universidad de Le&#xF3;n, Avenida de Portugal 41, 24071 Le&#xF3;n, Spain;  (P.A.C.)
6572361	Samuel_&#xC1;lvarez-Garc&#xED;a	Grupo Universitario de Investigaci&#xF3;n en Ingenier&#xED;a y Agricultura Sostenible (GUIIAS), Instituto de Medio Ambiente Recursos Naturales y Biodiversidad. Universidad de Le&#xF3;n, Avenida de Portugal 41, 24071 Le&#xF3;n, Spain;  (P.A.C.)
6572361	&#xD3;scar_Gonz&#xE1;lez-L&#xF3;pez	Grupo Universitario de Investigaci&#xF3;n en Ingenier&#xED;a y Agricultura Sostenible (GUIIAS), Instituto de Medio Ambiente Recursos Naturales y Biodiversidad. Universidad de Le&#xF3;n, Avenida de Portugal 41, 24071 Le&#xF3;n, Spain;  (P.A.C.)
6572361	Franceli_Da Silva	Universidad Federal de Reconcavo de Bahia, Rui Barbosa 710, CEP 44380-000 Cruz das Almas, Brazil; 
6572361	Pedro A._Casquero	Grupo Universitario de Investigaci&#xF3;n en Ingenier&#xED;a y Agricultura Sostenible (GUIIAS), Instituto de Medio Ambiente Recursos Naturales y Biodiversidad. Universidad de Le&#xF3;n, Avenida de Portugal 41, 24071 Le&#xF3;n, Spain;  (P.A.C.)
6571962	Vaclav_Stejskal	Crop Research Institute, Drnovska 507/73, CZ-16106 Prague 6-Ruzyne, Czech Republic;  (R.A.)
6571962	Tomas_Vendl	Crop Research Institute, Drnovska 507/73, CZ-16106 Prague 6-Ruzyne, Czech Republic;  (R.A.)
6571962	Zhihong_Li	Key Laboratory of Ministry of Agriculture for Monitoring and Green Management of Crop Pests, Department of Entomology, College of Plant Protection, China Agricultural University, Beijing 100193, China; 
6571962	Radek_Aulicky	Crop Research Institute, Drnovska 507/73, CZ-16106 Prague 6-Ruzyne, Czech Republic;  (R.A.)
6678073	Anastasia W_Njoroge	Department of Entomology, Purdue University, West Lafayette, IN
6678073	Richard W_Mankin	United States Department of Agriculture, Agricultural Research Service Center for Medical, Agricultural and Veterinary Entomology, Gainesville, FL
6678073	Bradley_Smith	Department of Entomology, Purdue University, West Lafayette, IN
6678073	Dieudonne_Baributsa	Department of Entomology, Purdue University, West Lafayette, IN
6502792	Yu_Cao	0000 0004 1762 5410grid.464322.5Guizhou Provincial Key Laboratory for Rare Animal and Economic Insect of the Mountainous Region, Department of Biology and Engineering of Environment, Guiyang University, Guiyang, Guizhou 550005 P.R. China 
6502792	Giovanni_Benelli	0000 0004 1757 3729grid.5395.aDepartment of Agriculture, Food and Environment, University of Pisa, via del Borghetto 80, 56124 Pisa, Italy 
6502792	Giacinto Salvatore_Germinara	0000000121049995grid.10796.39Department of the Sciences of Agriculture, Food and Environment, University of Foggia, Via Napoli 25, Foggia, 71122 Italy 
6502792	Filippo_Maggi	0000 0000 9745 6549grid.5602.1School of Pharmacy, University of Camerino, Via Sant&#x2019;Agostino 1, 62032 Camerino, Italy 
6502792	Yuanjie_Zhang	0000 0004 1762 5410grid.464322.5Guizhou Provincial Key Laboratory for Rare Animal and Economic Insect of the Mountainous Region, Department of Biology and Engineering of Environment, Guiyang University, Guiyang, Guizhou 550005 P.R. China 
6502792	Shuangli_Luo	0000 0004 1762 5410grid.464322.5Guizhou Provincial Key Laboratory for Rare Animal and Economic Insect of the Mountainous Region, Department of Biology and Engineering of Environment, Guiyang University, Guiyang, Guizhou 550005 P.R. China 
6502792	Hong_Yang	0000 0004 1762 5410grid.464322.5Guizhou Provincial Key Laboratory for Rare Animal and Economic Insect of the Mountainous Region, Department of Biology and Engineering of Environment, Guiyang University, Guiyang, Guizhou 550005 P.R. China 
6502792	Can_Li	0000 0004 1762 5410grid.464322.5Guizhou Provincial Key Laboratory for Rare Animal and Economic Insect of the Mountainous Region, Department of Biology and Engineering of Environment, Guiyang University, Guiyang, Guizhou 550005 P.R. China 
6499817	Frank H._Arthur	USDA, Agricultural Research Service, Center for Grain and Animal Health Research, 1515 College Ave., Manhattan, KS 66502 USA 
6499817	William R._Morrison	USDA, Agricultural Research Service, Center for Grain and Animal Health Research, 1515 College Ave., Manhattan, KS 66502 USA 
6499817	Amy C._Morey	0000000419368657grid.17635.36Department of Entomology, University of Minnesota, 1980 Folwell Ave., 219 Hodson Hall, St. Paul, MN 55108 USA 
6474195	Tagne Gabriel_Fotso	Department of Biological Sciences, University of Ngaoundere, Ngaoundere, Cameroon
6474195	Haman Katamssadan_Tofel	Department of Biological Sciences, University of Bamenda, Bamenda, Cameroon
6474195	Jean Pierre_Abdou	Center for Research on Medicinal Plants and Traditional Medicine (CRPMT), Institute of Medical Research and Medicinal Plants Studies, Yaound&#xE9;, Cameroon
6474195	Narcis_Tchao	Department of Biological Sciences, University of Ngaoundere, Ngaoundere, Cameroon
6474195	Calvain Monglo_Zourmba	Department of Biological Sciences, University of Ngaoundere, Ngaoundere, Cameroon
6474195	Cornel_Adler	Julius K&#xFC;hn-Institut, Institute for Ecological Chemistry, Plant Analysis and Stored Products Protection, K&#xF6;nigin-Luise Str.19, Berlin, Germany
6474195	Elias Nchiwan_Nukenine	Department of Biological Sciences, University of Ngaoundere, Ngaoundere, Cameroon
6523411	Anastasia_Njoroge	Department of Entomology, Purdue University, West Lafayette, IN 47907, USA; 
6523411	Hippolyte_Affognon	Conseil Quest et Centre Africain pour la Recherche et le D&#xE9;veloppement Agricoles (CORAF), 7 Avenue Bourguiba, Dakar, BP 48, Dakar RP, Senegal; 
6523411	Uwe_Richter	Faculty of Agricultural Engineering, University of Kassel, D-37213 Witzenhausen, Germany;  (O.H.)
6523411	Oliver_Hensel	Faculty of Agricultural Engineering, University of Kassel, D-37213 Witzenhausen, Germany;  (O.H.)
6523411	Barukh_Rohde	Department of Electrical and Computer Engineering, University of Florida, Gainesville, FL 32611, USA; 
6523411	Davie_Chen	US Department of Agriculture, Agricultural Research Service, Center for Medical, Agricultural and Veterinary Entomology, Gainesville, FL 32608, USA; 
6523411	Richard_Mankin	US Department of Agriculture, Agricultural Research Service, Center for Medical, Agricultural and Veterinary Entomology, Gainesville, FL 32608, USA; 
6523121	Fuji_Jian	Department of Biosystems Engineering, University of Manitoba, Winnipeg, MB R3T 5V6, Canada; 
6523959	Weidong_Huang	Guangdong Key Laboratory for Innovative Development and Utilization of Forest Plant Germplasm, Department of Forest Protection, College of Forestry and Landscape Architecture, South China Agricultural University, Guangzhou 510640, China;  (X.L.)
6523959	Xiufeng_Xie	Guangdong Agriculture Industry Business Polytechnic College, Guangzhou 510507, China; 
6523959	Xinyue_Liang	Guangdong Key Laboratory for Innovative Development and Utilization of Forest Plant Germplasm, Department of Forest Protection, College of Forestry and Landscape Architecture, South China Agricultural University, Guangzhou 510640, China;  (X.L.)
6523959	Xingmin_Wang	Key laboratory of Bio-pesticide Innovation and Application, Engineering Technology Research Center of Agricultural Pest Biocontrol, Department of Entomology, South China Agricultural University, Guangzhou 510640, China; 
6523959	Xiaosheng_Chen	Guangdong Key Laboratory for Innovative Development and Utilization of Forest Plant Germplasm, Department of Forest Protection, College of Forestry and Landscape Architecture, South China Agricultural University, Guangzhou 510640, China;  (X.L.)
6523939	George N._Mbata	Agricultural Research Station, Fort Valley State University, Fort Valley, GA 31030, USA; 
6523939	Sanower_Warsi	Agricultural Research Station, Fort Valley State University, Fort Valley, GA 31030, USA; 
6468839	William R._Morrison	USDA, Agricultural Research Service, Center for Grain and Animal Health Research, 1515 College Ave., Manhattan, KS 66502, USA;  (F.H.A.)
6468839	Alexander_Bruce	USDA, Agricultural Research Service, Center for Grain and Animal Health Research, 1515 College Ave., Manhattan, KS 66502, USA;  (F.H.A.)
6468839	Rachel V._Wilkins	Department of Entomology, Kansas State University, 123 Waters Hall, Manhattan, KS 66506, USA; 
6468839	Chloe E._Albin	Department of Engineering, Kansas State University, 1046 Rathbone Hall, Manhattan, KS 66506, USA; 
6468839	Frank H._Arthur	USDA, Agricultural Research Service, Center for Grain and Animal Health Research, 1515 College Ave., Manhattan, KS 66502, USA;  (F.H.A.)
6422892	Yu_Cao	UNKNOWN
6422892	Kangkang_Xu	UNKNOWN
6422892	Xiaoye_Zhu	UNKNOWN
6422892	Yu_Bai	UNKNOWN
6422892	Wenjia_Yang	UNKNOWN
6422892	Can_Li	UNKNOWN
6429201	Beatriz_Hern&#xE1;ndez-Carlos	Instituto de Agroindustrias, Universidad Tecnol&#xF3;gica de la Mixteca, Huajuapan de Le&#xF3;n, Oaxaca 69000, Mexico; 
6429201	Marcela_Gamboa-Angulo	Unidad de Biotecnolog&#xED;a, Centro de Investigaci&#xF3;n Cient&#xED;fica de Yucat&#xE1;n, Calle 43 No. 130, Col. Chuburn&#xE1;, M&#xE9;rida 97200, Mexico
6375610	Nikos E._Papanikolaou	Laboratory of Agricultural Zoology and Entomology, Department of Crop Science, Agricultural University of Athens, Athens, Greece
6375610	Nickolas G._Kavallieratos	Laboratory of Agricultural Zoology and Entomology, Department of Crop Science, Agricultural University of Athens, Athens, Greece
6375610	Marios_Kondakis	Department of Statistics, Athens University of Economics and Business, Athens, Greece
6375610	Maria C._Boukouvala	Laboratory of Agricultural Zoology and Entomology, Department of Crop Science, Agricultural University of Athens, Athens, Greece
6375610	Erifili P._Nika	Benaki Phytopathological Institute, Kifissia, Athens, Greece
6375610	Nikos_Demiris	Department of Statistics, Athens University of Economics and Business, Athens, Greece
6473560	Oluwatoba J._Omotilewa	Department of Agricultural Economics, Purdue University, West Lafayette, IN 47907, USA
6473560	Jacob_Ricker-Gilbert	Department of Agricultural Economics, Purdue University, West Lafayette, IN 47907, USA
6473560	John Herbert_Ainembabazi	International Institute of Tropical Agriculture (IITA), P.O. Box 7878, Kampala, Uganda
6473560	Gerald E._Shively	Department of Agricultural Economics, Purdue University, West Lafayette, IN 47907, USA
6176531	Jean-Luc_Da Lage	UMR 9191 &#xC9;volution, G&#xE9;nomes, Comportement, &#xC9;cologie,CNRS, IRD, Universit&#xE9; Paris-Sud, Universit&#xE9; Paris-Saclay, Gif-sur-Yvette,France
6105096	Wee L_Yee	United States Department of Agriculture, Temperate Tree Fruit &amp; Vegetable Research Unit, Wapato, WA
6164248	Guillermo Pablo_L&#xF3;pez-Garc&#xED;a	Laboratorio de Entomolog&#xED;a, Instituto Argentino de Investigaciones de Zonas &#xC1;ridas (IADIZA), CONICET Mendoza, Mendoza 5500, Argentina
6164248	Micaela_Buteler	Instituto de Investigaciones en Biodiversidad y Medioambiente (INIBIOMA), CONICET-Universidad Nacional del Comahue, Bariloche 8400, Argentina; 
6164248	Teodoro_Stadler	Laboratorio de Toxicolog&#xED;a Ambiental, Instituto de Medicina y Biolog&#xED;a Experimental de Cuyo (IMBECU), CONICET Mendoza, Mendoza 5500, Argentina; 
6041972	Arfang_Badji	Department of Agricultural Production, Makerere University, Kampala, Uganda
6041972	Michael_Otim	Cereals Program, National Crop Resource Research Institute, Kampala, Uganda
6041972	Lewis_Machida	International Maize and Wheat Improvement Center, Nairobi, Kenya
6041972	Thomas_Odong	Department of Agricultural Production, Makerere University, Kampala, Uganda
6041972	Daniel Bomet_Kwemoi	Cereals Program, National Crop Resource Research Institute, Kampala, Uganda
6041972	Dennis_Okii	Department of Agricultural Production, Makerere University, Kampala, Uganda
6041972	Symphorien_Agbahoungba	Department of Agricultural Production, Makerere University, Kampala, Uganda
6041972	Natasha_Mwila	Department of Agricultural Production, Makerere University, Kampala, Uganda
6041972	Frank_Kumi	Department of Agricultural Production, Makerere University, Kampala, Uganda
6041972	Angele_Ibanda	Department of Agricultural Production, Makerere University, Kampala, Uganda
6041972	Stephen_Mugo	International Maize and Wheat Improvement Center, Nairobi, Kenya
6041972	Samuel_Kyamanywa	Department of Agricultural Production, Makerere University, Kampala, Uganda
6041972	Patrick_Rubaihayo	Department of Agricultural Production, Makerere University, Kampala, Uganda
5992327	Kabita_Kharel	Department of Entomology, Purdue University, West Lafayette, IN, USA
5992327	Linda J._Mason	Department of Entomology, Purdue University, West Lafayette, IN, USA
5992327	Scott B._Williams	Spensa Technologies, West Lafayette, IN, USA
5992327	Larry L._Murdock	Department of Entomology, Purdue University, West Lafayette, IN, USA
5992327	Ibrahim B._Baoua	Universit&#xE9; de Maradi, Maradi, Niger
5992327	Dieudonne_Baributsa	Department of Entomology, Purdue University, West Lafayette, IN, USA
6023381	Anastasia W._Njoroge	Department of Entomology, Purdue University, 901 W. State Street, West Lafayette, IN 47907, USA;  (B.W.S.)
6023381	Richard W._Mankin	United States Department of Agriculture, Agricultural Research Service Center for Medical, Agricultural and Veterinary Entomology, 1700 SW 23rd Dr, Gainesville, FL 32608, USA; 
6023381	Bradley W._Smith	Department of Entomology, Purdue University, 901 W. State Street, West Lafayette, IN 47907, USA;  (B.W.S.)
6023381	Dieudonne_Baributsa	Department of Entomology, Purdue University, 901 W. State Street, West Lafayette, IN 47907, USA;  (B.W.S.)
5746808	Lucas L. S._Peres	Laboratory of Insect-Plant Interaction, Faculty of Biological and Environmental Sciences, Federal University of Grande Dourados, Highway Dourados-Itahum, km 12, Dourados 79804-970, Mato Grosso do Sul, Brazil;  (R.M.S.)
5746808	Ana I._Sobreiro	Laboratory of Insect-Plant Interaction, Faculty of Biological and Environmental Sciences, Federal University of Grande Dourados, Highway Dourados-Itahum, km 12, Dourados 79804-970, Mato Grosso do Sul, Brazil;  (R.M.S.)
5746808	Irys F. S._Couto	Laboratory of Insect-Plant Interaction, Faculty of Biological and Environmental Sciences, Federal University of Grande Dourados, Highway Dourados-Itahum, km 12, Dourados 79804-970, Mato Grosso do Sul, Brazil;  (R.M.S.)
5746808	Rosicl&#xE9;ia M._Silva	Laboratory of Insect-Plant Interaction, Faculty of Biological and Environmental Sciences, Federal University of Grande Dourados, Highway Dourados-Itahum, km 12, Dourados 79804-970, Mato Grosso do Sul, Brazil;  (R.M.S.)
5746808	Fabricio F._Pereira	Laboratory of Biological Control, Faculty of Biological and Environmental Sciences, Federal University of Grande Dourados, Highway Dourados-Itahum, km 12, Dourados 79804-970, Mato Grosso do Sul, Brazil; 
5746808	Silvia C._Heredia-Vieira	Laboratory of Chemistry, State University of Mato Grosso do Sul, Highway Dourados-Itahum, km 12, Dourados 79804-970, Mato Grosso Do Sul, Brazil;  (C.A.L.C.)
5746808	Claudia A. L._Cardoso	Laboratory of Chemistry, State University of Mato Grosso do Sul, Highway Dourados-Itahum, km 12, Dourados 79804-970, Mato Grosso Do Sul, Brazil;  (C.A.L.C.)
5746808	Munir_Mauad	Laboratory of Vegetables Production, Faculty of Agricultural Sciences, Federal University of Grande Dourados, Highway Dourados-Itahum, km 12, Dourados 79804-970, Mato Grosso Do Sul, Brazil;  (S.P.Q.S.)
5746808	Silvana P. Q._Scalon	Laboratory of Vegetables Production, Faculty of Agricultural Sciences, Federal University of Grande Dourados, Highway Dourados-Itahum, km 12, Dourados 79804-970, Mato Grosso Do Sul, Brazil;  (S.P.Q.S.)
5746808	Sandra S._Verza	Laboratory of Social Insects-Pest, Department of Vegetal Production, Phytosanitary Defense, Faculty of Agronomic Sciences, S&#xE3;o Paulo State University, Street Jos&#xE9; Barbosa de Barros, 18610-307, Botucatu, S&#xE3;o Paulo 18610-307, Brazil
5746808	Rosilda M._Mussury	Laboratory of Insect-Plant Interaction, Faculty of Biological and Environmental Sciences, Federal University of Grande Dourados, Highway Dourados-Itahum, km 12, Dourados 79804-970, Mato Grosso do Sul, Brazil;  (R.M.S.)
5946933	A W_Njoroge	Department of Entomology, Purdue University
5946933	R W_Mankin	United States Department of Agriculture, Agricultural Research Service Center for Medical, Agricultural and Veterinary Entomology
5946933	B W_Smith	Department of Entomology, Purdue University
5946933	D_Baributsa	Department of Entomology, Purdue University
5639732	Hong Jian_Zhang	Hainan Institute of Grain and Oil Science, Qionghai 571400, China, and
5639732	Lian He_Zheng	Hainan Institute of Grain and Oil Science, Qionghai 571400, China, and
5639732	Kuo_Zhao	Hainan Institute of Grain and Oil Science, Qionghai 571400, China, and
5639732	Yan_Chen	Hainan Institute of Grain and Oil Science, Qionghai 571400, China, and
5639732	Zou_Yi	Hainan Institute of Grain and Oil Science, Qionghai 571400, China, and
5437647	V&#xED;ctor_Taleon	HarvestPlus, c/o IFPRI 2033 K Street, NW, Washington, DC 20006-1002, USA
5437647	Luke_Mugode	Department of Food Science, Postharvest Technology Research Laboratory, Stellenbosch University, Private Bag X1, Stellenbosch 7602, South Africa
5437647	Luisa_Cabrera-Soto	Global Maize Program, International Maize and Wheat Improvement Center (CIMMYT), CIMMYT Research Station, Km. 45 Carretera Mexico-Veracruz, El Batan, Texcoco CP 56237, Edo. de M&#xE9;xico, Mexico
5437647	Natalia_Palacios-Rojas	Global Maize Program, International Maize and Wheat Improvement Center (CIMMYT), CIMMYT Research Station, Km. 45 Carretera Mexico-Veracruz, El Batan, Texcoco CP 56237, Edo. de M&#xE9;xico, Mexico
5568233	Joo-Myung_Moon	#913, Technology advancement dong, Gyeonggi Technopark 705 Haean-ro, Sangnok-gu, Ansan-si, Gyeonggi-do 15588 Republic of Korea 
5568233	Hae-Mi_Sung	Food Research Center, Jeonnam Bio-industry Foundation, 30-5 Dongsunonggongdanji-gil, Naju-si, Jeollanam-do 58275 Republic of Korea 
5568233	Hyun-Jung_Jung	Food Research Center, Jeonnam Bio-industry Foundation, 30-5 Dongsunonggongdanji-gil, Naju-si, Jeollanam-do 58275 Republic of Korea 
5568233	Jae-Won_Seo	#913, Technology advancement dong, Gyeonggi Technopark 705 Haean-ro, Sangnok-gu, Ansan-si, Gyeonggi-do 15588 Republic of Korea 
5568233	Ji-Hyang_Wee	Food Research Center, Jeonnam Bio-industry Foundation, 30-5 Dongsunonggongdanji-gil, Naju-si, Jeollanam-do 58275 Republic of Korea 
5500477	Shuoying_Ning	0000 0004 1760 4150grid.144022.1Key Laboratory of Plant Protection Resources and Pest Management of the Ministry of Education, College of Plant Protection, Northwest A&amp;F University, Yangling, Shaanxi 712100 P. R. China 
5500477	Wenchao_Zhang	0000 0004 1760 4150grid.144022.1Key Laboratory of Plant Protection Resources and Pest Management of the Ministry of Education, College of Plant Protection, Northwest A&amp;F University, Yangling, Shaanxi 712100 P. R. China 
5500477	Yan_Sun	0000 0004 1760 4150grid.144022.1Key Laboratory of Plant Protection Resources and Pest Management of the Ministry of Education, College of Plant Protection, Northwest A&amp;F University, Yangling, Shaanxi 712100 P. R. China 
5500477	Jinian_Feng	0000 0004 1760 4150grid.144022.1Key Laboratory of Plant Protection Resources and Pest Management of the Ministry of Education, College of Plant Protection, Northwest A&amp;F University, Yangling, Shaanxi 712100 P. R. China 
5493370	Melissa Ann_Broussard	School of Biological Sciences, University of Canterbury, Christchurch, New Zealand      
5493370	Flore_Mas	The New Zealand Institute for Plant &amp; Food Research, Christchurch Mail Centre, Christchurch, New Zealand      
5493370	Brad_Howlett	The New Zealand Institute for Plant &amp; Food Research, Christchurch Mail Centre, Christchurch, New Zealand      
5493370	David_Pattemore	The New Zealand Institute for Plant &amp; Food Research, Waikato Mail Centre, Hamilton, New Zealand      
5493370	Jason M._Tylianakis	School of Biological Sciences, University of Canterbury, Christchurch, New Zealand      
5580950	Ezekiel Uba_Nwose	School of Community Health, Charles Sturt University, New South Wales, Australia
5580950	Bonaventure C._Onodu	School of Agricultural and Wine Sciences, Charles Sturt University, New South Wales, Australia
5580950	Anayochukwu Edward_Anyasodor	School of Community Health, Charles Sturt University, New South Wales, Australia
5580950	Mathew O._Sedowo	School of Agricultural and Wine Sciences, Charles Sturt University, New South Wales, Australia
5580950	John N._Okuzor	Laboratory Department, Texas Health Resources, Bethesda, United States of America
5580950	Richard J._Culas	School of Agricultural and Wine Sciences, Charles Sturt University, New South Wales, Australia
5484778	Patchimaporn_Udomkun	International Institute of Tropical Agriculture (IITA), Bukavu, The Democratic Republic of Congo
5484778	Alexander Nimo_Wiredu	International Institute of Tropical Agriculture (IITA), Nampula, Mozambique
5484778	Marcus_Nagle	Universit&#xE4;t Hohenheim, Institute of Agricultural Engineering, Tropics and Subtropics Group, Stuttgart, Germany
5484778	Joachim_M&#xFC;ller	Universit&#xE4;t Hohenheim, Institute of Agricultural Engineering, Tropics and Subtropics Group, Stuttgart, Germany
5484778	Bernard_Vanlauwe	International Institute of Tropical Agriculture (IITA), Nairobi, Kenya
5484778	Ranajit_Bandyopadhyay	International Institute of Tropical Agriculture (IITA), Ibadan, Nigeria
5476195	Brett_Lane	Department of Botany and Plant Pathology, Purdue University, 47907 West Lafayette, IN, USA
5476195	Charles_Woloshuk	Department of Botany and Plant Pathology, Purdue University, 47907 West Lafayette, IN, USA
5338809	Christos G._Athanassiou	Laboratory of Entomology and Agricultural Zoology, Department of Agriculture Crop Production and Rural Development, University of Thessaly, Nea Ionia, Magnissia, Greece      
5338809	Nickolas G._Kavallieratos	United States Department of Agriculture (USDA), Agricultural Research Service (ARS), Center for Grain and Animal Health Research (CGAHR), Manhattan Kansas, United States of America      
5338809	James F._Campbell	United States Department of Agriculture (USDA), Agricultural Research Service (ARS), Center for Grain and Animal Health Research (CGAHR), Manhattan Kansas, United States of America      
5382361	O.N._Bakoye	Institut National de la Recherche Agronomique du Niger (INRAN), BP 240 Maradi, Niger
5382361	I.B._Baoua	Universit&#xE9; de Maradi, BP 465 Maradi, Niger
5382361	H._Seyni	Universit&#xE9; Abdou Moumouni de Niamey, BP 10662 Niamey, Niger
5382361	L._Amadou	Institut National de la Recherche Agronomique du Niger (INRAN), BP 240 Maradi, Niger
5382361	L.L._Murdock	Department of Entomology, Purdue University, West Lafayette, IN 47907, USA
5382361	D._Baributsa	Department of Entomology, Purdue University, West Lafayette, IN 47907, USA
5469579	D._Kosini	Department of Biological Sciences, University of Ngaoundere, Cameroon,
5469579	E. N._Nukenine	Department of Biological Sciences, University of Ngaoundere, Cameroon,
5388312	Christos G._Athanassiou	Laboratory of Entomology and Agricultural Zoology, Department of Agriculture Crop Production and Rural Environment, University of Thessaly, Phytokou str., 38446 Volos, Magnesia, Greece
5388312	Nickolas G._Kavallieratos	Laboratory of Agricultural Zoology and Entomology, Department of Crop Science, Agricultural University of Athens, 75 Iera Odos str., 11855 Athens, Attica, Greece
5388312	Christos I._Rumbos	Laboratory of Entomology and Agricultural Zoology, Department of Agriculture Crop Production and Rural Environment, University of Thessaly, Phytokou str., 38446 Volos, Magnesia, Greece
5388312	Demetrius C._Kontodimas	Laboratory of Agricultural Entomology, Department of Entomology and Agricultural Zoology, Benaki Phytopathological Institute, 8 Stefanou Delta str., 14561 Kifissia, Attica, Greece
5270410	Neshat_Golikhajeh	Department of Plant Protection, Faculty of Agriculture and Natural Resources, University of Mohaghegh Ardabili, Ardabil, Iran
5270410	Bahram_Naseri	Department of Plant Protection, Faculty of Agriculture and Natural Resources, University of Mohaghegh Ardabili, Ardabil, Iran
5270410	Jabraeil_Razmjou	Department of Plant Protection, Faculty of Agriculture and Natural Resources, University of Mohaghegh Ardabili, Ardabil, Iran
5270395	Aditya_Parmar	Department of Agricultural and Biosystems Engineering, University of Kassel, Nordbahnhofstrasse 1a, Witzenhausen 37213, Germany
5270395	Sascha M._Kirchner	Department of Agricultural and Biosystems Engineering, University of Kassel, Nordbahnhofstrasse 1a, Witzenhausen 37213, Germany
5270395	Henning_Langguth	Institute for Biology, University of Kassel, Heinrich-Plett-Strasse 40, Kassel 34132, Germany
5270395	Thomas F._D&#xF6;ring	Department of Agronomy and Crop Science, Humboldt University Berlin, Albrecht-Thaer Weg 5, Berlin 14195, Germany
5270395	Oliver_Hensel	Department of Agricultural and Biosystems Engineering, University of Kassel, Nordbahnhofstrasse 1a, Witzenhausen 37213, Germany
5296677	Deepak_Kumar	ADM Institute for the Prevention of Postharvest Loss, University of Illinois at Urbana-Champaign, Urbana, IL 61801, USA; 
5296677	Prasanta_Kalita	ADM Institute for the Prevention of Postharvest Loss, University of Illinois at Urbana-Champaign, Urbana, IL 61801, USA; 
5225016	Scott B._Williams	        Department of Entomology, Purdue University, West Lafayette, Indiana, United States of America      
5225016	Larry L._Murdock	        Department of Entomology, Purdue University, West Lafayette, Indiana, United States of America      
5225016	Dieudonne_Baributsa	        Department of Entomology, Purdue University, West Lafayette, Indiana, United States of America      
5134635	Angel_Perles	Instituto ITACA, Universitat Polit&#xE8;cnica de Val&#xE8;ncia, Camino de Vera, s/n, 46022 Valencia, Spain;  (J.J.S.)
5134635	Ricardo_Mercado	Instituto ITACA, Universitat Polit&#xE8;cnica de Val&#xE8;ncia, Camino de Vera, s/n, 46022 Valencia, Spain;  (J.J.S.)
5134635	Juan V._Capella	Instituto ITACA, Universitat Polit&#xE8;cnica de Val&#xE8;ncia, Camino de Vera, s/n, 46022 Valencia, Spain;  (J.J.S.)
5134635	Juan Jos&#xE9;_Serrano	Instituto ITACA, Universitat Polit&#xE8;cnica de Val&#xE8;ncia, Camino de Vera, s/n, 46022 Valencia, Spain;  (J.J.S.)
5146321	Scott B._Williams	Department of Entomology, Purdue University, 901 W. State Street, West Lafayette, IN 47907, USA
5146321	Larry L._Murdock	Department of Entomology, Purdue University, 901 W. State Street, West Lafayette, IN 47907, USA
5146321	Kabita_Kharel	Department of Entomology, Purdue University, 901 W. State Street, West Lafayette, IN 47907, USA
5146321	Dieudonne_Baributsa	Department of Entomology, Purdue University, 901 W. State Street, West Lafayette, IN 47907, USA
5146320	L._Amadou	Institut National de la Recherche Agronomique du Niger (INRAN), BP 240, Maradi, Niger
5146320	I.B._Baoua	University of Maradi, Faculty of Agronomy and Environmental Sciences, BP 465, Maradi, Niger
5146320	D._Baributsa	Department of Entomology, Purdue University, West Lafayette, IN, 47907, USA
5146320	S.B._Williams	Department of Entomology, Purdue University, West Lafayette, IN, 47907, USA
5146320	L.L._Murdock	Department of Entomology, Purdue University, West Lafayette, IN, 47907, USA
5146292	Timothy_Tubbs	Department of Botany and Plant Pathology, Purdue University, West Lafayette, IN 47907, USA
5146292	Dieudonne_Baributsa	Department of Entomology, Purdue University, West Lafayette, IN 47907, USA
5146292	Charles_Woloshuk	Department of Botany and Plant Pathology, Purdue University, West Lafayette, IN 47907, USA
5198199	Rashid_Suleiman	Department of Agricultural and Biosystems Engineering, Iowa State University, Ames, IA 50011, USA; 
5198199	Kurt A._Rosentrater	Department of Agricultural and Biosystems Engineering, Iowa State University, Ames, IA 50011, USA; 
5198199	Bernard_Chove	Department of Food Technology, Nutrition and Consumers Sciences, Sokoine University of Agriculture, Morogoro P.O. BOX. 3006, Tanzania; 
5456241	Wissal_Dhifi	UR Ecophysiologie Environnementale et Proc&#xE9;d&#xE9;s Agroalimentaires, Institut Sup&#xE9;rieur de Biotechnologie de Sidi Thabet, BiotechPole de Sidi Thabet, Universit&#xE9; de la Manouba, Ariana 2020, Tunisia; 
5456241	Sana_Bellili	LR11-ES31 Laboratory of Biotechnology and Valorisation of Bio-GeoRessources (BVBGR), Higher Institute of Biotechnology of Sidi Thabet (ISBST), Biotechpole Sidi Thabet, University of Manouba, Ariana 2020, Tunisia;  (N.B.)
5456241	Sabrine_Jazi	LR11-ES31 Laboratory of Biotechnology and Valorisation of Bio-GeoRessources (BVBGR), Higher Institute of Biotechnology of Sidi Thabet (ISBST), Biotechpole Sidi Thabet, University of Manouba, Ariana 2020, Tunisia;  (N.B.)
5456241	Nada_Bahloul	LR11-ES31 Laboratory of Biotechnology and Valorisation of Bio-GeoRessources (BVBGR), Higher Institute of Biotechnology of Sidi Thabet (ISBST), Biotechpole Sidi Thabet, University of Manouba, Ariana 2020, Tunisia;  (N.B.)
5456241	Wissem_Mnif	Facult&#xE9; des Sciences de Bizerte, Jarzouna-Bizerte, Universit&#xE9; de Carthage, Carthage 7021, Tunisia
5039559	Lindsey C._Perkin	Center for Grain and Animal Health Research, Agricultural Research Service, USDA, 1515 College Avenue, Manhattan, KS 66502, USA;  (S.L.A.)
5039559	Sherry L._Adrianos	Center for Grain and Animal Health Research, Agricultural Research Service, USDA, 1515 College Avenue, Manhattan, KS 66502, USA;  (S.L.A.)
5039559	Brenda_Oppert	Center for Grain and Animal Health Research, Agricultural Research Service, USDA, 1515 College Avenue, Manhattan, KS 66502, USA;  (S.L.A.)
5026475	Gadir_Nouri-Ganbalani	Department of Plant Protection, Faculty of Agricultural Sciences, University of Mohaghegh Ardabili, Ardabil, Iran
5026475	Ehsan_Borzoui	Department of Plant Protection, Faculty of Agricultural Sciences, University of Mohaghegh Ardabili, Ardabil, Iran
5026475	Arman_Abdolmaleki	Department of Plant Protection, Faculty of Agricultural Sciences, University of Mohaghegh Ardabili, Ardabil, Iran
5026475	Zahra_Abedi	Department of Plant Protection, Faculty of Agricultural Sciences, University of Mohaghegh Ardabili, Ardabil, Iran
5026475	Shizuo_George Kamita	Department of Entomology and Nematology, College of Agricultural and Environmental Sciences, University of California, Davis, CA
4938854	Beata_Wielkopolan	Department of Agrophages&#x2019; Forecasting Methods and Agricultural Economic, Institute of Plant Protection, National Research Institute, Poznan, Poland 
4938854	Aleksandra_Obr&#x119;palska-St&#x119;plowska	Interdepartmental Laboratory of Molecular Biology, Institute of Plant Protection, National Research Institute, Poznan, Poland 
4734342	Ben-Guo_Zhou	College of Plant Protection, Anhui Agricultural University, Hefei 230036, People's Republic of China (),
4734342	Sa_Wang	College of Plant Protection, Anhui Agricultural University, Hefei 230036, People's Republic of China (),
4734342	Ting-Ting_Dou	College of Plant Protection, Anhui Agricultural University, Hefei 230036, People's Republic of China (),
4734342	Su_Liu	College of Plant Protection, Anhui Agricultural University, Hefei 230036, People's Republic of China (),
4734342	Mao-Ye_Li	College of Plant Protection, Anhui Agricultural University, Hefei 230036, People's Republic of China (),
4734342	Ri-Mao_Hua	College of Resources and Environment, Anhui Agricultural University, Hefei 230036, People's Republic of China (), and
4734342	Shi-Guang_Li	College of Plant Protection, Anhui Agricultural University, Hefei 230036, People's Republic of China (),
4734342	Hua-Feng_Lin	College of Plant Protection, Anhui Agricultural University, Hefei 230036, People's Republic of China (),
4808784	Kishan R._Sambaraju	Department of Entomology and Plant Pathology, Oklahoma State University, Stillwater, OK 74078, USA;  (T.W.P.)
4808784	Sarah L._Donelson	Department of Entomology and Plant Pathology, Oklahoma State University, Stillwater, OK 74078, USA;  (T.W.P.)
4808784	Janko_Bozic	Department of Biology, University of Ljubljana, Ljubljana 1000, Slovenia; 
4808784	Thomas W._Phillips	Department of Entomology and Plant Pathology, Oklahoma State University, Stillwater, OK 74078, USA;  (T.W.P.)
4636395	Titik_Kartika	Research Centre for Biomaterials, Indonesian Institute of Sciences, West Java, Indonesia
4636395	Nobuhiro_Shimizu	Faculty of Bioenvironmental Science, Kyoto Gakuen University, Kameoka, Japan
4636395	Tsuyoshi_Yoshimura	Research Institute for Sustainable Humanosphere, Kyoto University, Gokasho, Uji, Japan
4621634	Hai-Ping_Chen	        College of Pharmacy, Liaoning University of Traditional Chinese Medicine, Dalian 116600, Liaoning, China      
4621634	Kai_Yang	Beijing Key Laboratory of Traditional Chinese Medicine Protection and Utilization, College of Resources Science and Technology, Beijing Normal University, NO.19 Xinjiekouwai Street, Beijing 100875, China      
4621634	Li-Shi_Zheng	        College of Pharmacy, Liaoning University of Traditional Chinese Medicine, Dalian 116600, Liaoning, China      
4621634	Chun-Xue_You	Beijing Key Laboratory of Traditional Chinese Medicine Protection and Utilization, College of Resources Science and Technology, Beijing Normal University, NO.19 Xinjiekouwai Street, Beijing 100875, China      
4621634	Qian_Cai	        College of Pharmacy, Liaoning University of Traditional Chinese Medicine, Dalian 116600, Liaoning, China      
4621634	Cheng-Fang_Wang	China CDC Key Laboratory of Radiological Protection and Nuclear Emergency, National Institute for Radiological Protection, Chinese Center for Disease Control and Prevention, Xicheng District, Beijing 100088, China      
4664941	J. T._Fu	Key Laboratory of Natural Pesticide and Chemical Biology, Ministry of Education, South China Agricultural University, Guangzhou 510642, China
4664941	L._Tang	Key Laboratory of Natural Pesticide and Chemical Biology, Ministry of Education, South China Agricultural University, Guangzhou 510642, China
4664941	W. S._Li	Key Laboratory of Natural Pesticide and Chemical Biology, Ministry of Education, South China Agricultural University, Guangzhou 510642, China
4664941	K._Wang	Key Laboratory of Natural Pesticide and Chemical Biology, Ministry of Education, South China Agricultural University, Guangzhou 510642, China
4664941	D. M._Cheng	Key Laboratory of Natural Pesticide and Chemical Biology, Ministry of Education, South China Agricultural University, Guangzhou 510642, China
4664941	Z. X._Zhang	Key Laboratory of Natural Pesticide and Chemical Biology, Ministry of Education, South China Agricultural University, Guangzhou 510642, China
4575060	Khaled_Abbes	High Agronomic Institute of Chott-Mariem, University of Sousse, Tunisia, P.B. 47, 4042 Chott-Mariem, Sousse, Tunisia
4575060	Antonio_Biondi	Dipartimento di Agricoltura, University of Catania, Alimentazione e Ambiente, via Santa Sofia 100, Catania, Italy
4575060	Alican_Kurtulus	Department of Plant Protection, Agricultural Faculty, Cukurova University, Adana, Turkey
4575060	Michele_Ricupero	Dipartimento di Agricoltura, University of Catania, Alimentazione e Ambiente, via Santa Sofia 100, Catania, Italy
4575060	Agatino_Russo	Dipartimento di Agricoltura, University of Catania, Alimentazione e Ambiente, via Santa Sofia 100, Catania, Italy
4575060	Gaetano_Siscaro	Dipartimento di Agricoltura, University of Catania, Alimentazione e Ambiente, via Santa Sofia 100, Catania, Italy
4575060	Brahim_Chermiti	High Agronomic Institute of Chott-Mariem, University of Sousse, Tunisia, P.B. 47, 4042 Chott-Mariem, Sousse, Tunisia
4575060	Lucia_Zappal&#xE0;	Dipartimento di Agricoltura, University of Catania, Alimentazione e Ambiente, via Santa Sofia 100, Catania, Italy
4556651	Jacques A._Deere	Department of Zoology, University of Oxford, Oxford, United Kingdom
4556651	Tim_Coulson	Department of Zoology, University of Oxford, Oxford, United Kingdom
4556651	Isabel M._Smallegange	Institute for Biodiversity and Ecosystem Dynamics (IBED), University of Amsterdam, Amsterdam, The Netherlands
4553411	Laura M._L&#xF3;pez-Castillo	Laboratory of Biochemical and Instrumental Analysis, Department of Biotechnology and Biochemistry, Cinvestav Unidad Irapuato        Irapuato, Mexico      
4553411	Janet A. I._L&#xF3;pez-Arciniega	Laboratory of Biochemical and Instrumental Analysis, Department of Biotechnology and Biochemistry, Cinvestav Unidad Irapuato        Irapuato, Mexico      
4553411	Armando_Guerrero-Rangel	Department of Biotechnology and Biochemistry, Cinvestav Unidad Irapuato        Irapuato, Mexico      
4553411	Silvia_Vald&#xE9;s-Rodr&#xED;guez	Department of Biotechnology and Biochemistry, Cinvestav Unidad Irapuato        Irapuato, Mexico      
4553411	Luis G._Brieba	Laboratorio Nacional de Gen&#xF3;mica para la Biodiversidad, Unidad de Gen&#xF3;mica Avanzada del Centro de Investigaci&#xF3;n y de Estudios Avanzados &#x2013; Instituto Polit&#xE9;cnico Nacional        Irapuato, Mexico      
4553411	Silverio_Garc&#xED;a-Lara	Plant-Food Molecular Breeding Unit, Tecnologico de Monterrey        Monterrey, Mexico      
4553411	Robert_Winkler	Laboratory of Biochemical and Instrumental Analysis, Department of Biotechnology and Biochemistry, Cinvestav Unidad Irapuato        Irapuato, Mexico      
4505868	Yongqiang_Liu	State Key Laboratory for Biology of Plant Diseases and Insect Pests, Institute of Plant Protection, Chinese Academy of Agricultural Sciences, Beijing, 100193, P. R. China
4505868	Zhongyue_Wang	State Key Laboratory for Biology of Plant Diseases and Insect Pests, Institute of Plant Protection, Chinese Academy of Agricultural Sciences, Beijing, 100193, P. R. China
4505868	Junping_Su	State Key Laboratory for Biology of Plant Diseases and Insect Pests, Institute of Plant Protection, Chinese Academy of Agricultural Sciences, Beijing, 100193, P. R. China
4505868	Weiwei_Liu	State Key Laboratory for Biology of Plant Diseases and Insect Pests, Institute of Plant Protection, Chinese Academy of Agricultural Sciences, Beijing, 100193, P. R. China
4505868	Khalid_Hussain Dhiloo	State Key Laboratory for Biology of Plant Diseases and Insect Pests, Institute of Plant Protection, Chinese Academy of Agricultural Sciences, Beijing, 100193, P. R. China
4505868	Yuyuan_Guo	State Key Laboratory for Biology of Plant Diseases and Insect Pests, Institute of Plant Protection, Chinese Academy of Agricultural Sciences, Beijing, 100193, P. R. China
4392635	Joshua_Mutagahywa	RTI International, Dar es salaam, Tanzania 
4392635	Jasper N_Ijumba	Nelson Mandela African Institute of Science and Technology, Arusha, Tanzania 
4392635	Harish B_Pratap	Department of Zoology and Wildlife Conservation College of Natural and Applied Sciences, University of Dar es salaam, Dar es salaam, Tanzania 
4392635	Fabrizio_Molteni	Swiss Tropical and Public Health Institute, Dar es salaam, Tanzania 
4392635	Frances E_Mugarula	Sengerema Health Institute, Sengerema, Tanzania 
4392635	Stephen M_Magesa	RTI International, Dar es salaam, Tanzania 
4392635	Mahdi M_Ramsan	RTI International, Dar es salaam, Tanzania 
4392635	Jessica M_Kafuko	United States Agency for International Development, Abuja, Nigeria 
4392635	Elias C_Nyanza	School of Public Health, Catholic University of Health and Allied Sciences, Mwanza, Tanzania 
4392635	Osia_Mwaipape	RTI International, Dar es salaam, Tanzania 
4392635	Juma G_Rutta	RTI International, Dar es salaam, Tanzania 
4392635	Charles D_Mwalimu	National Malaria Control Program, Ministry of health and Social Welfare, Dar es salaam, Tanzania 
4392635	Isaiah_Ndong	RTI International, North Carolina, USA 
4392635	Richard_Reithinger	RTI International, Washington, DC USA 
4392635	Narjis G_Thawer	RTI International, Dar es salaam, Tanzania 
4392635	Jeremiah M_Ngondi	RTI International, Dar es salaam, Tanzania 
4535132	Adebola A._Osipitan	Department of Crop Protection, Federal University of agriculture, Abeokuta, Ogun state, Nigeria
4535132	Victoria T._Sangowusi	Department of Crop Protection, Federal University of agriculture, Abeokuta, Ogun state, Nigeria
4535132	Omoniyi I._Lawal	Department of Crop Protection, Federal University of agriculture, Abeokuta, Ogun state, Nigeria
4535132	Kehinde O._Popoola	Department of Zoology, University of Ibadan, Ibadan, Oyo State, Nigeria
4319102	Gianluca_Nardi	Centro Nazionale per lo Studio e la Conservazione della Biodiversit&#xE0; Forestale &#x201C;Bosco Fontana&#x201D;, Sede di Bosco Fontana &#x2013; Corpo Forestale dello Stato, Strada Mantova 29, I-46045 Marmirolo (MN), Italy
4319102	David_Mifsud	Institute of Earth Systems, Division of Rural Sciences and Food Systems, University of Malta, Msida MSD 2080, Malta
4126688	Christos G._Athanassiou	Laboratory of Entomology and Agricultural Zoology, Department of Agriculture, Crop Production and Rural Development, University of Thessaly, Nea Ionia Magnissia, Greece
4126688	Nickolas G._Kavallieratos	Laboratory of Agricultural Entomology, Department of Entomology and Agricultural Zoology, Benaki Phytopathological Institute, Kifissia, Attica, Greece
4126688	James E._Throne	USDA-ARS, Center for Grain and Animal Health Research, Manhattan, Kansas, United States of America
4126688	Christos T._Nakas	Laboratory of Biometry, Department of Agriculture, Crop Production and Rural Development, University of Thessaly, Nea Ionia Magnissia, Greece
4212854	Foroogh Rahimi_Namin	Department of Plant Protection, Faculty of Agriculture, University of Mohaghegh Ardabili, Ardabil, Iran
4212854	Bahram_Naseri	Department of Plant Protection, Faculty of Agriculture, University of Mohaghegh Ardabili, Ardabil, Iran
4212854	Jabraeil_Razmjou	Department of Plant Protection, Faculty of Agriculture, University of Mohaghegh Ardabili, Ardabil, Iran
4212854	Allen_Cohen	Department of Plant Protection, Faculty of Agriculture, University of Mohaghegh Ardabili, Ardabil, Iran
3961206	Daniel P._Bray	Centre for Applied Entomology and Parasitology, Institute for Science and Technology in Medicine, Keele University, Keele, Staffordshire, United Kingdom
3961206	Vicky_Carter	Centre for Applied Entomology and Parasitology, Institute for Science and Technology in Medicine, Keele University, Keele, Staffordshire, United Kingdom
3961206	Graziella B._Alves	Centre for Applied Entomology and Parasitology, Institute for Science and Technology in Medicine, Keele University, Keele, Staffordshire, United Kingdom
3961206	Reginaldo P._Brazil	Funda&#xE7;ao Oswaldo Cruz, Instituto Oswaldo Cruz, Lab Doen&#xE7;as Parasitarias, Rio de Janeiro, Rio de Janeiro, Brazil
3961206	Krishna K._Bandi	Centre for Applied Entomology and Parasitology, Institute for Science and Technology in Medicine, Keele University, Keele, Staffordshire, United Kingdom
3961206	James G. C._Hamilton	Centre for Applied Entomology and Parasitology, Institute for Science and Technology in Medicine, Keele University, Keele, Staffordshire, United Kingdom
6270123	Xin Chao_Liu	Department of Entomology, China Agricultural University, Haidian District, Beijing 100193, China; E-Mail: 
6270123	Li Gang_Zhou	Department of Plant Pathology, China Agricultural University, Haidian District, Beijing 100193, China; E-Mail: 
6270123	Zhi Long_Liu	Department of Entomology, China Agricultural University, Haidian District, Beijing 100193, China; E-Mail: 
6270123	Shu Shan_Du	College of Resources Science and Technology, Beijing Normal University, Haidian District, Beijing 100875, China
6270224	Weiyang_Chen	Department of Pharmaceutical Sciences, Faculty of Science, Tshwane University of Technology, Private Bag X680, Pretoria 0001, South Africa; E-Mails:  (I.V.)
6270224	Ilze_Vermaak	Department of Pharmaceutical Sciences, Faculty of Science, Tshwane University of Technology, Private Bag X680, Pretoria 0001, South Africa; E-Mails:  (I.V.)
6270224	Alvaro_Viljoen	Department of Pharmaceutical Sciences, Faculty of Science, Tshwane University of Technology, Private Bag X680, Pretoria 0001, South Africa; E-Mails:  (I.V.)
3677289	Jia_Long	College of Life Sciences, Hebei University, Baoding, 071002, P. R. China
3677289	Ren_Guo-Dong	College of Life Sciences, Hebei University, Baoding, 071002, P. R. China
3677289	Yu_You-Zhi	School of Agriculture, Ningxia University, Yinchuan, 750021, P. R. China
3654256	Y. L._Loko	Laboratory of Agricultural Biodiversity and Tropical Plant breeding (LAAPT), Faculty of Sciences and Technology (FAST-Dassa), University of Abomey-Calavi (UAC), P.O. Box 526, Cotonou, Benin
3654256	A._Dansi	Laboratory of Agricultural Biodiversity and Tropical Plant breeding (LAAPT), Faculty of Sciences and Technology (FAST-Dassa), University of Abomey-Calavi (UAC), P.O. Box 526, Cotonou, Benin
3654256	M._Tamo	Institut International d'Agriculture Tropicale (IITA), 08 BP 0932 Cotonou, Benin
3654256	A. H._Bokonon-Ganta	Service de la Protection des V&#xE9;g&#xE9;taux et du Contr&#xF4;le Phytosanitaire, Direction de l'Agriculture, BP 58 Porto-Novo, Benin
3654256	P._Assogba	Crop, Aromatic and Medicinal Plant Biodiversity Research and Development Institute (IRDCAM), 071 BP 28 Cotonou, Benin
3654256	M._Dansi	Laboratory of Agricultural Biodiversity and Tropical Plant breeding (LAAPT), Faculty of Sciences and Technology (FAST-Dassa), University of Abomey-Calavi (UAC), P.O. Box 526, Cotonou, Benin
3654256	R._Vodouh&#xE8;	Bioversity International, Office of West and Central Africa, 08 BP 0932 Cotonou, Benin
3654256	A._Akoegninou	National Herbarium, Department of Botany and Plant Biology, Faculty of Sciences and Technology (FAST), University of Abomey-Calavi (UAC), P.O. Box 526, Cotonou, Benin
3654256	A._Sanni	Laboratory of Biochemistry and Molecular Biology, Faculty of Sciences and Technology (FAST), University of Abomey-Calavi (UAC), P.O. Box 526, Cotonou, Benin
3645672	Rogelio_Santiago	Misi&#xF3;n Biol&#xF3;gica de Galicia (CSIC), Pontevedra E-36080, Spain; E-Mails:  (R.A.M.)
3645672	Jaime_Barros-Rios	Misi&#xF3;n Biol&#xF3;gica de Galicia (CSIC), Pontevedra E-36080, Spain; E-Mails:  (R.A.M.)
3645672	Rosa A._Malvar	Misi&#xF3;n Biol&#xF3;gica de Galicia (CSIC), Pontevedra E-36080, Spain; E-Mails:  (R.A.M.)
3492127	Sarah E. J._Arnold	Natural Resources Institute, University of Greenwich, Chatham Maritime, Kent, United Kingdom
3492127	Philip C._Stevenson	Natural Resources Institute, University of Greenwich, Chatham Maritime, Kent, United Kingdom
3492127	Steven R._Belmain	Natural Resources Institute, University of Greenwich, Chatham Maritime, Kent, United Kingdom
7088438	Jeffery W._Bentley	Agricultural anthropologist, CABI and Agro-Insight, Casilla 2695, Cochabamba, Bolivia 
7088438	Mike_Robson	grid.420153.10000000419370300FAO, Rome, Italy 
7088438	Bright B._Sibale	Centre for Development Management, P.O Box 30905, Lilongwe 3, Malawi 
7088438	Edwin_Nkhulungo	Ministry of Agriculture and Food Security, Mikolongwe Veterinary School, Blantyre, Malawi 
7088438	Yolice_Tembo	grid.10595.380000000121132211Bunda College of Agriculture, University of Malawi, Lilongwe, Malawi 
7088438	Fransisca_Munthali	Centre for Development Management, P.O Box 30905, Lilongwe 3, Malawi 
3481460	James Adebayo_Ojo	1Department of Crop Production and Forest Resource Management, Kwara State University, Malete, Kwara State, Nigeria
3481460	Adebayo Amos_Omoloye	2Department of Crop Protection and Environmental Biology, University of Ibadan, Nigeria
3265423	Hugo J_de Boer	Department of Systematic Biology, Uppsala University, Norbyv&#xE4;gen 18D, SE-75236 Uppsala, Sweden
3265423	Vichith_Lamxay	Department of Systematic Biology, Uppsala University, Norbyv&#xE4;gen 18D, SE-75236 Uppsala, Sweden
3265423	Lars_Bj&#xF6;rk	Department of Systematic Biology, Uppsala University, Norbyv&#xE4;gen 18D, SE-75236 Uppsala, Sweden
3079760	Nancy_Calder&#xF3;n-Cort&#xE9;s	Centro de Investigaciones en Ecosistemas, Universidad NacionalAut&#xF3;noma de M&#xE9;xico, Morelia, Michoac&#xE1;n,M&#xE9;xico
3079760	Mauricio_Quesada	Centro de Investigaciones en Ecosistemas, Universidad NacionalAut&#xF3;noma de M&#xE9;xico, Morelia, Michoac&#xE1;n,M&#xE9;xico
3079760	Luis H._Escalera-V&#xE1;zquez	Departamento de Zoolog&#xED;a, Instituto de Biolog&#xED;a,Universidad Nacional Aut&#xF3;noma de M&#xE9;xico, M&#xE9;xico D.F.,M&#xE9;xico
2852861	Rogelio_Santiago	Misi&#xF3;n Biol&#xF3;gica de Galicia (CSIC), Apartado 28, E-36080, Pontevedra (PC 36143), Spain
2852861	Rosa A._Malvar	Misi&#xF3;n Biol&#xF3;gica de Galicia (CSIC), Apartado 28, E-36080, Pontevedra (PC 36143), Spain
2631071	Glenn_Denning	UNKNOWN
2631071	Patrick_Kabambe	UNKNOWN
2631071	Pedro_Sanchez	UNKNOWN
2631071	Alia_Malik	UNKNOWN
2631071	Rafael_Flor	UNKNOWN
2631071	Rebbie_Harawa	UNKNOWN
2631071	Phelire_Nkhoma	UNKNOWN
2631071	Colleen_Zamba	UNKNOWN
2631071	Clement_Banda	UNKNOWN
2631071	Chrispin_Magombo	UNKNOWN
2631071	Michael_Keating	UNKNOWN
2631071	Justine_Wangila	UNKNOWN
2631071	Jeffrey_Sachs	UNKNOWN
3062500	Christos G._Athanassiou	1Laboratory of Agricultural Zoology and Entomology, Faculty of Plant Science, Agricultural University of Athens; 75 lera Odos str., 11855, Athens, Attica, Greece
3062500	Nickolas G._Kavallieratos	2Laboratory of Agricultural Entomology, Department of Entomology and Agricultural Zoology, Benaki Phytopathological Institute; 8 Stefanou Delta str., 14561, Kifissia, Attica, Greece
3062500	Alcebiades E._Yiatilis	3Department of Plant Production, Technological Educational Institute of Larissa, 41110, Larissa, Greece
3062500	Basileios J._Vayias	1Laboratory of Agricultural Zoology and Entomology, Faculty of Plant Science, Agricultural University of Athens; 75 lera Odos str., 11855, Athens, Attica, Greece
3062500	Constantin S._Mavrotas	4DOW Agrosciences Export S.A.S.; Thorikon, 19500, Lavrion, Attica, Greece
3062500	&#x17D;eljko_Tomanovi&#x107;	5Institute of Zoology, Faculty of Biology, University of Belgrade; Studentski trg 16, 11000 Belgrade, Serbia
2214726	Shajahan_Johny	Department of Biological Sciences, Box 4120, Illinois State University, Normal, Illinois, 61790, USA
2214726	Amber_Merisko	Department of Biological Sciences, Box 4120, Illinois State University, Normal, Illinois, 61790, USA
2214726	Douglas W_Whitman	Department of Biological Sciences, Box 4120, Illinois State University, Normal, Illinois, 61790, USA
2990314	Carlos A._Blanco	1U. S. Department of Agriculture, Agricultural Research Service, Southern Insect Management Research Unit. 141 Experiment Station Road, Stoneville, Mississippi 38776
2990314	Gerardo_Hern&#xE1;ndez	2CINVESTAV, Secci&#xF3;n de Teor&#xED;a y Metodolog&#xED;a de la Ciencia. Apartado Postal 14-740, 07000 Mexico D.F., Mexico
1615240	Ludovic_Arnaud	Department of functional and evolutionary Entomology, Gembloux Agricultural University, Passage des d&#xE9;port&#xE9;s, 2 - B-5030 Gembloux, Belgium
1615240	Yves_Brostaux	Department of Statistic and Computer Science, Gembloux Agricultural University, Passage des d&#xE9;port&#xE9;s, 2 - B-5030 Gembloux, Belgium
1615240	St&#xE9;phane_Lallemand	Department of functional and evolutionary Entomology, Gembloux Agricultural University, Passage des d&#xE9;port&#xE9;s, 2 - B-5030 Gembloux, Belgium
1615240	Eric_Haubruge	Department of functional and evolutionary Entomology, Gembloux Agricultural University, Passage des d&#xE9;port&#xE9;s, 2 - B-5030 Gembloux, Belgium
