pmcid	forename_lastname	affiliation
7492873	Jongsun_Park	InfoBoss Inc., 301 Room, 670, Seolleung-ro, Gangnam-gu, Seoul, Republic of Korea
7492873	Hong_Xi	InfoBoss Inc., 301 Room, 670, Seolleung-ro, Gangnam-gu, Seoul, Republic of Korea
7492873	Yongsung_Kim	InfoBoss Inc., 301 Room, 670, Seolleung-ro, Gangnam-gu, Seoul, Republic of Korea
7452910	Leonid V._Egorov	The State Nature Reserve &#xAB;Prisursky&#xBB;, Lesnoj, 9, 428034 Cheboksary, Russia
7452910	Alexander B._Ruchin	The State Nature Reserve &#xAB;Prisursky&#xBB;, Lesnoj, 9, 428034 Cheboksary, Russia
7452910	Viktor B._Semenov	UNKNOWN
7452910	Oleg I._Semionenkov	National Park &#xAB;Smolensk Lakeland&#xBB;, Gurevich str., 19, Przhevalskoye, Demidov district, 216270 Smolensk region, Russia
7452910	Gennady B._Semishin	Joint Directorate of the Mordovia State Nature Reserve and National Park &#xAB;Smolny&#xBB;, Krasnaya str., 30, 430005 Saransk, Russia
7442752	Mahmoud S._Abdel-Dayem	King Saud University Museum of Arthropods (KSMA), Plant Protection Department, College of Food and Agricultural Sciences, King Saud University, Riyadh, 11451, Saudi ArabiaKing Saud University Museum of ArthropodsRiyadhSaudi Arabia
7442752	Usama M. Abu_El-Ghiet	Biology Department, Faculty of Science, Jazan University, Jazan, Saudi ArabiaJazan UniversityJazanSaudi Arabia
7442752	Tarek M._Elsheikh	Biology Department, Faculty of Science, Jazan University, Jazan, Saudi ArabiaJazan UniversityJazanSaudi Arabia
7442752	Ali A._Elgharbawy	Zoology Department, Faculty of Science, Al-Azhar University, Cairo, EgyptAl-Azhar UniversityCairoEgypt
7442752	Zarrag I.A._Al-Fifi	Biology Department, Faculty of Science, Jazan University, Jazan, Saudi ArabiaJazan UniversityJazanSaudi Arabia
7442752	Hathal M._Aldhafer	King Saud University Museum of Arthropods (KSMA), Plant Protection Department, College of Food and Agricultural Sciences, King Saud University, Riyadh, 11451, Saudi ArabiaKing Saud University Museum of ArthropodsRiyadhSaudi Arabia
7240615	Yu-Hsiang_Ho	Department of Entomology, National Chung Hsing University, Taichung 40227, Taiwan; 
7240615	Yun_Hsiao	Australian National Insect Collection, CSIRO National Research Collections Australia, Canberra, ACT 2601, Australia; 
7240615	Mamoru_Terayama	Department of Agriculture and Agricultural Life Sciences, The University of Tokyo, Tokyo 113-8657, Japan; 
7240615	Mei-Ling_Chan	Division of Biology, National Museum of Natural Science, Taichung 40453, Taiwan
7177437	Wen-Jia_Yang	Provincial Key Laboratory for Agricultural Pest Management of Mountainous Regions, Institute of Entomology, Guizhou University, Guiyang 550025, China;  (Y.Y.)
7177437	Kang-Kang_Xu	Provincial Key Laboratory for Agricultural Pest Management of Mountainous Regions, Institute of Entomology, Guizhou University, Guiyang 550025, China;  (Y.Y.)
7177437	Yi_Yan	Provincial Key Laboratory for Agricultural Pest Management of Mountainous Regions, Institute of Entomology, Guizhou University, Guiyang 550025, China;  (Y.Y.)
7177437	Can_Li	Guizhou Provincial Key Laboratory for Rare Animal and Economic Insect of the Mountainous Region, College of Biology and Environmental Engineering, Guiyang University, Guiyang 550005, China
7177437	Dao-Chao_Jin	Provincial Key Laboratory for Agricultural Pest Management of Mountainous Regions, Institute of Entomology, Guizhou University, Guiyang 550025, China;  (Y.Y.)
7143032	Franziska_Wemheuer	Section of Agricultural Entomology, Department of Crop Sciences, University of G&#xF6;ttingen, Grisebachstr. 6, D-37077 G&#xF6;ttingen, Germany;  (H.B.B.D.)
7143032	Dirk_Berkelmann	Genomic and Applied Microbiology &amp; G&#xF6;ttingen Genomics Laboratory, Institute of Microbiology and Genetics, University of G&#xF6;ttingen, Grisebachstr. 8, D-37077 G&#xF6;ttingen, Germany;  (R.D.)
7143032	Bernd_Wemheuer	Genomic and Applied Microbiology &amp; G&#xF6;ttingen Genomics Laboratory, Institute of Microbiology and Genetics, University of G&#xF6;ttingen, Grisebachstr. 8, D-37077 G&#xF6;ttingen, Germany;  (R.D.)
7143032	Rolf_Daniel	Genomic and Applied Microbiology &amp; G&#xF6;ttingen Genomics Laboratory, Institute of Microbiology and Genetics, University of G&#xF6;ttingen, Grisebachstr. 8, D-37077 G&#xF6;ttingen, Germany;  (R.D.)
7143032	Stefan_Vidal	Section of Agricultural Entomology, Department of Crop Sciences, University of G&#xF6;ttingen, Grisebachstr. 6, D-37077 G&#xF6;ttingen, Germany;  (H.B.B.D.)
7143032	Herv&#xE9; Bertin_Bisseleua Daghela	Section of Agricultural Entomology, Department of Crop Sciences, University of G&#xF6;ttingen, Grisebachstr. 6, D-37077 G&#xF6;ttingen, Germany;  (H.B.B.D.)
6920439	Simon J._McKirdy	0000 0004 0436 6763grid.1025.6Harry Butler Institute, Murdoch University, Murdoch, WA 6150 Australia 
6920439	Simon_O&#x2019;Connor	0000 0004 0436 6763grid.1025.6Harry Butler Institute, Murdoch University, Murdoch, WA 6150 Australia 
6920439	Melissa L._Thomas	0000 0004 0436 6763grid.1025.6Harry Butler Institute, Murdoch University, Murdoch, WA 6150 Australia 
6920439	Kristin L._Horton	0000 0004 0645 1689grid.473921.aChevron Australia, 256 St Georges Tce, Perth, WA 6000 Australia 
6920439	Angus_Williams	0000 0004 0645 1689grid.473921.aChevron Australia, 256 St Georges Tce, Perth, WA 6000 Australia 
6920439	Darryl_Hardie	Department of Primary Industries and Regional Development Western Australia, Division of Agriculture and Food, 4 Baron-Hay Court, South Perth, 6151 Australia 
6920439	Grey T._Coupland	0000 0004 0436 6763grid.1025.6Harry Butler Institute, Murdoch University, Murdoch, WA 6150 Australia 
6920439	Johann_van der Merwe	0000 0004 0436 6763grid.1025.6Harry Butler Institute, Murdoch University, Murdoch, WA 6150 Australia 
6921043	Wen-Jia_Yang	Guizhou Provincial Key Laboratory for Rare Animal and Economic Insect of the Mountainous Region, College of Biology and Environmental Engineering, Guiyang University, Guiyang 550005, China;  (X.Y.)
6921043	Kang-Kang_Xu	Guizhou Provincial Key Laboratory for Rare Animal and Economic Insect of the Mountainous Region, College of Biology and Environmental Engineering, Guiyang University, Guiyang 550005, China;  (X.Y.)
6921043	Xin_Yan	Guizhou Provincial Key Laboratory for Rare Animal and Economic Insect of the Mountainous Region, College of Biology and Environmental Engineering, Guiyang University, Guiyang 550005, China;  (X.Y.)
6921043	Can_Li	Guizhou Provincial Key Laboratory for Rare Animal and Economic Insect of the Mountainous Region, College of Biology and Environmental Engineering, Guiyang University, Guiyang 550005, China;  (X.Y.)
6835372	Darija_Lemic	University of Zagreb, Faculty of Agriculture, Department for Agricultural Zoology, Sveto&#x161;imunska 25, 10000 Zagreb, Croatia;  (I.P.Z.)
6835372	Davor_Jembrek	University of Zagreb, Faculty of Agriculture, Department for Agricultural Zoology, Sveto&#x161;imunska 25, 10000 Zagreb, Croatia;  (I.P.Z.)
6835372	Renata_Ba&#x17E;ok	University of Zagreb, Faculty of Agriculture, Department for Agricultural Zoology, Sveto&#x161;imunska 25, 10000 Zagreb, Croatia;  (I.P.Z.)
6835372	Ivana_Paja&#x10D; &#x17D;ivkovi&#x107;	University of Zagreb, Faculty of Agriculture, Department for Agricultural Zoology, Sveto&#x161;imunska 25, 10000 Zagreb, Croatia;  (I.P.Z.)
6787869	Kerstin_K&#xF6;nig	1Fg Tier&#xF6;kologieUniversitat HohenheimStuttgartGermany
6787869	Petra_Zundel	2Gymnasium RenningenRenningenGermany
6787869	Elena_Krimmer	3Department of Animal Ecology and Tropical BiologyJulius&#x2010;Maximilians&#x2010;Universitat Wurzburg Fakultat fur BiologieUniversity of W&#xFC;rzburgWurzburgGermany
6787869	Christian_K&#xF6;nig	1Fg Tier&#xF6;kologieUniversitat HohenheimStuttgartGermany
6787869	Marie_Pollmann	1Fg Tier&#xF6;kologieUniversitat HohenheimStuttgartGermany
6787869	Yuval_Gottlieb	4Robert H. Smith Faculty of Agriculture, Food and EnvironmentKoret School of Veterinary MedicineHebrew University of JerusalemRehovotIsrael
6787869	Johannes L. M._Steidle	1Fg Tier&#xF6;kologieUniversitat HohenheimStuttgartGermany
6722863	Aroa_Dom&#xED;nguez	Department of Biological Chemistry, Institute of Advanced Chemistry of Catalonia (CSIC), Jordi Girona 18. 08034 Barcelona, Spain
6722863	Sergio_L&#xF3;pez	Department of Biological Chemistry, Institute of Advanced Chemistry of Catalonia (CSIC), Jordi Girona 18. 08034 Barcelona, Spain
6722863	Ana_Bernab&#xE9;	Department of Biological Chemistry, Institute of Advanced Chemistry of Catalonia (CSIC), Jordi Girona 18. 08034 Barcelona, Spain
6722863	&#xC1;ngel_Guerrero	Department of Biological Chemistry, Institute of Advanced Chemistry of Catalonia (CSIC), Jordi Girona 18. 08034 Barcelona, Spain
6722863	Carmen_Quero	Department of Biological Chemistry, Institute of Advanced Chemistry of Catalonia (CSIC), Jordi Girona 18. 08034 Barcelona, Spain
6581665	Christian_K&#xF6;nig	Institute for Zoology, University of Hohenheim, Stuttgart, GermanyUniversity of HohenheimStuttgartGermany
6581665	Sina_Paschke	Institute for Zoology, University of Hohenheim, Stuttgart, GermanyUniversity of HohenheimStuttgartGermany
6581665	Marie_Pollmann	Institute for Zoology, University of Hohenheim, Stuttgart, GermanyUniversity of HohenheimStuttgartGermany
6581665	Ronja_Reinisch	Institute for Zoology, University of Hohenheim, Stuttgart, GermanyUniversity of HohenheimStuttgartGermany
6581665	Cornelia_Gantert	Institute for Zoology, University of Hohenheim, Stuttgart, GermanyUniversity of HohenheimStuttgartGermany
6581665	Justus_Weber	Institute for Zoology, University of Hohenheim, Stuttgart, GermanyUniversity of HohenheimStuttgartGermany
6581665	Lars_Krogmann	Institute for Zoology, University of Hohenheim, Stuttgart, GermanyUniversity of HohenheimStuttgartGermany
6581665	Johannes L.M._Steidle	Institute for Zoology, University of Hohenheim, Stuttgart, GermanyUniversity of HohenheimStuttgartGermany
6581665	Vladimir E._Gokhman	Botanical Garden, Moscow State University, Moscow, RussiaMoscow State UniversityMoscowRussia
6571962	Vaclav_Stejskal	Crop Research Institute, Drnovska 507/73, CZ-16106 Prague 6-Ruzyne, Czech Republic;  (R.A.)
6571962	Tomas_Vendl	Crop Research Institute, Drnovska 507/73, CZ-16106 Prague 6-Ruzyne, Czech Republic;  (R.A.)
6571962	Zhihong_Li	Key Laboratory of Ministry of Agriculture for Monitoring and Green Management of Crop Pests, Department of Entomology, College of Plant Protection, China Agricultural University, Beijing 100193, China; 
6571962	Radek_Aulicky	Crop Research Institute, Drnovska 507/73, CZ-16106 Prague 6-Ruzyne, Czech Republic;  (R.A.)
6572347	Wen-Jia_Yang	Guizhou Provincial Key Laboratory for Rare Animal and Economic Insect of the Mountainous Region, College of Biology and Environmental Engineering, Guiyang University, Guiyang 550005, China;  (Y.L.)
6572347	Kang-Kang_Xu	Guizhou Provincial Key Laboratory for Rare Animal and Economic Insect of the Mountainous Region, College of Biology and Environmental Engineering, Guiyang University, Guiyang 550005, China;  (Y.L.)
6572347	Yu_Cao	Guizhou Provincial Key Laboratory for Rare Animal and Economic Insect of the Mountainous Region, College of Biology and Environmental Engineering, Guiyang University, Guiyang 550005, China;  (Y.L.)
6572347	Yong-Lu_Meng	Guizhou Provincial Key Laboratory for Rare Animal and Economic Insect of the Mountainous Region, College of Biology and Environmental Engineering, Guiyang University, Guiyang 550005, China;  (Y.L.)
6572347	Yan_Liu	Guizhou Provincial Key Laboratory for Rare Animal and Economic Insect of the Mountainous Region, College of Biology and Environmental Engineering, Guiyang University, Guiyang 550005, China;  (Y.L.)
6572347	Can_Li	Guizhou Provincial Key Laboratory for Rare Animal and Economic Insect of the Mountainous Region, College of Biology and Environmental Engineering, Guiyang University, Guiyang 550005, China;  (Y.L.)
6560455	Chandra_Risdian	Microbial Strain Collection (MISG), Helmholtz Centre for Infection Research (HZI), 38124 Braunschweig, Germany
6560455	Tjandrawati_Mozef	Research Center for Chemistry, Indonesian Institute of Sciences (LIPI), Serpong 15314, Indonesia; 
6560455	Joachim_Wink	Microbial Strain Collection (MISG), Helmholtz Centre for Infection Research (HZI), 38124 Braunschweig, Germany
6502792	Yu_Cao	0000 0004 1762 5410grid.464322.5Guizhou Provincial Key Laboratory for Rare Animal and Economic Insect of the Mountainous Region, Department of Biology and Engineering of Environment, Guiyang University, Guiyang, Guizhou 550005 P.R. China 
6502792	Giovanni_Benelli	0000 0004 1757 3729grid.5395.aDepartment of Agriculture, Food and Environment, University of Pisa, via del Borghetto 80, 56124 Pisa, Italy 
6502792	Giacinto Salvatore_Germinara	0000000121049995grid.10796.39Department of the Sciences of Agriculture, Food and Environment, University of Foggia, Via Napoli 25, Foggia, 71122 Italy 
6502792	Filippo_Maggi	0000 0000 9745 6549grid.5602.1School of Pharmacy, University of Camerino, Via Sant&#x2019;Agostino 1, 62032 Camerino, Italy 
6502792	Yuanjie_Zhang	0000 0004 1762 5410grid.464322.5Guizhou Provincial Key Laboratory for Rare Animal and Economic Insect of the Mountainous Region, Department of Biology and Engineering of Environment, Guiyang University, Guiyang, Guizhou 550005 P.R. China 
6502792	Shuangli_Luo	0000 0004 1762 5410grid.464322.5Guizhou Provincial Key Laboratory for Rare Animal and Economic Insect of the Mountainous Region, Department of Biology and Engineering of Environment, Guiyang University, Guiyang, Guizhou 550005 P.R. China 
6502792	Hong_Yang	0000 0004 1762 5410grid.464322.5Guizhou Provincial Key Laboratory for Rare Animal and Economic Insect of the Mountainous Region, Department of Biology and Engineering of Environment, Guiyang University, Guiyang, Guizhou 550005 P.R. China 
6502792	Can_Li	0000 0004 1762 5410grid.464322.5Guizhou Provincial Key Laboratory for Rare Animal and Economic Insect of the Mountainous Region, Department of Biology and Engineering of Environment, Guiyang University, Guiyang, Guizhou 550005 P.R. China 
6468839	William R._Morrison	USDA, Agricultural Research Service, Center for Grain and Animal Health Research, 1515 College Ave., Manhattan, KS 66502, USA;  (F.H.A.)
6468839	Alexander_Bruce	USDA, Agricultural Research Service, Center for Grain and Animal Health Research, 1515 College Ave., Manhattan, KS 66502, USA;  (F.H.A.)
6468839	Rachel V._Wilkins	Department of Entomology, Kansas State University, 123 Waters Hall, Manhattan, KS 66506, USA; 
6468839	Chloe E._Albin	Department of Engineering, Kansas State University, 1046 Rathbone Hall, Manhattan, KS 66506, USA; 
6468839	Frank H._Arthur	USDA, Agricultural Research Service, Center for Grain and Animal Health Research, 1515 College Ave., Manhattan, KS 66502, USA;  (F.H.A.)
6422892	Yu_Cao	UNKNOWN
6422892	Kangkang_Xu	UNKNOWN
6422892	Xiaoye_Zhu	UNKNOWN
6422892	Yu_Bai	UNKNOWN
6422892	Wenjia_Yang	UNKNOWN
6422892	Can_Li	UNKNOWN
6017073	Theodore_Tyrikos-Ergas	Department of Chemistry, University of Crete, Vasilika Vouton, 71003 Heraklion, Crete, Greece;  (V.G.)
6017073	Vasileios_Giannopoulos	Department of Chemistry, University of Crete, Vasilika Vouton, 71003 Heraklion, Crete, Greece;  (V.G.)
6017073	Ioulia_Smonou	Department of Chemistry, University of Crete, Vasilika Vouton, 71003 Heraklion, Crete, Greece;  (V.G.)
5969102	Bruce_Schoelitsz	1Kennis&#x2010; en Adviescentrum DierplagenWageningenThe Netherlands
5969102	P Marijn_Poortvliet	3Strategic CommunicationWageningen University and ResearchWageningenThe Netherlands
5969102	Willem_Takken	2Laboratory of EntomologyWageningen University and ResearchWageningenThe Netherlands
5947625	Irene_Stefanini	1Division of Biomedical SciencesUniversity of WarwickGibbet Hill RoadCoventryCV4 7ALUK
6017779	Jun_Zhou	Technical Center of China Tobacco Guangxi Industrial Co., Ltd., Nanning 530001, Guangxi, China;  (Y.W.)
6017779	Kexing_Zou	Technical Center of China Tobacco Guangxi Industrial Co., Ltd., Nanning 530001, Guangxi, China;  (Y.W.)
6017779	Wenjuan_Zhang	Beijing Key Laboratory of Traditional Chinese Medicine Protection and Utilization, Faculty of Geographical Science, Beijing Normal University, No. 19 Xinjiekouwai Street, Beijing 100875, China;  (S.G.)
6017779	Shanshan_Guo	Beijing Key Laboratory of Traditional Chinese Medicine Protection and Utilization, Faculty of Geographical Science, Beijing Normal University, No. 19 Xinjiekouwai Street, Beijing 100875, China;  (S.G.)
6017779	Hong_Liu	Technical Center of China Tobacco Guangxi Industrial Co., Ltd., Nanning 530001, Guangxi, China;  (Y.W.)
6017779	Jiansheng_Sun	Technical Center of China Tobacco Guangxi Industrial Co., Ltd., Nanning 530001, Guangxi, China;  (Y.W.)
6017779	Jigang_Li	Technical Center of China Tobacco Guangxi Industrial Co., Ltd., Nanning 530001, Guangxi, China;  (Y.W.)
6017779	Dongye_Huang	Technical Center of China Tobacco Guangxi Industrial Co., Ltd., Nanning 530001, Guangxi, China;  (Y.W.)
6017779	Yan_Wu	Technical Center of China Tobacco Guangxi Industrial Co., Ltd., Nanning 530001, Guangxi, China;  (Y.W.)
6017779	Shushan_Du	Beijing Key Laboratory of Traditional Chinese Medicine Protection and Utilization, Faculty of Geographical Science, Beijing Normal University, No. 19 Xinjiekouwai Street, Beijing 100875, China;  (S.G.)
6017779	Almaz_Borjigidai	College of Pharmacy, Minzu University of China, No. 27 Zhongguancun South Street, Beijing 100081, China
5615201	Bin_Hirota	National Institute of Advanced Industrial Science and Technology (AIST), Tsukuba, Japan        
5615201	Genta_Okude	National Institute of Advanced Industrial Science and Technology (AIST), Tsukuba, Japan        
5615201	Hisashi_Anbutsu	National Institute of Advanced Industrial Science and Technology (AIST), Tsukuba, Japan        
5615201	Ryo_Futahashi	National Institute of Advanced Industrial Science and Technology (AIST), Tsukuba, Japan        
5615201	Minoru_Moriyama	National Institute of Advanced Industrial Science and Technology (AIST), Tsukuba, Japan        
5615201	Xian-Ying_Meng	National Institute of Advanced Industrial Science and Technology (AIST), Tsukuba, Japan        
5615201	Naruo_Nikoh	Department of Liberal Arts, the Open University of Japan, Chiba, Japan        
5615201	Ryuichi_Koga	National Institute of Advanced Industrial Science and Technology (AIST), Tsukuba, Japan        
5615201	Takema_Fukatsu	National Institute of Advanced Industrial Science and Technology (AIST), Tsukuba, Japan        
5563036	Genta_Okude	0000 0001 2230 7538grid.208504.bNational Institute of Advanced Industrial Science and Technology (AIST), Tsukuba, 305-8566 Japan 
5563036	Ryuichi_Koga	0000 0001 2230 7538grid.208504.bNational Institute of Advanced Industrial Science and Technology (AIST), Tsukuba, 305-8566 Japan 
5563036	Toshinari_Hayashi	0000 0001 2230 7538grid.208504.bNational Institute of Advanced Industrial Science and Technology (AIST), Tsukuba, 305-8566 Japan 
5563036	Yudai_Nishide	0000 0001 2230 7538grid.208504.bNational Institute of Advanced Industrial Science and Technology (AIST), Tsukuba, 305-8566 Japan 
5563036	Xian-Ying_Meng	0000 0001 2230 7538grid.208504.bNational Institute of Advanced Industrial Science and Technology (AIST), Tsukuba, 305-8566 Japan 
5563036	Naruo_Nikoh	0000 0000 8667 6925grid.412875.dDepartment of Liberal Arts, The Open University of Japan, Chiba, 261-8586 Japan 
5563036	Akihiro_Miyanoshita	0000 0001 2222 0432grid.416835.dFood Research Institute, National Agriculture and Food Research Organization (NARO), Tsukuba, 305-8642 Japan 
5563036	Takema_Fukatsu	0000 0001 2230 7538grid.208504.bNational Institute of Advanced Industrial Science and Technology (AIST), Tsukuba, 305-8566 Japan 
5156346	Martin_Kollmann	Department of Biology&#x2014;Animal Physiology, Philipps-University Marburg, Marburg, Germany
5156346	Rovenna_Schmidt	Department of Biology&#x2014;Animal Physiology, Philipps-University Marburg, Marburg, Germany
5156346	Carsten M._Heuer	Department of Biology&#x2014;Animal Physiology, Philipps-University Marburg, Marburg, Germany
5156346	Joachim_Schachtner	Department of Biology&#x2014;Animal Physiology, Philipps-University Marburg, Marburg, Germany
5039552	Steffi_Niedermayer	Institute of Zoology/Animal Ecology 220c, Hohenheim University, Garbenstr. 30, Stuttgart 70599, Germany;  (M.P.)
5039552	Marie_Pollmann	Institute of Zoology/Animal Ecology 220c, Hohenheim University, Garbenstr. 30, Stuttgart 70599, Germany;  (M.P.)
5039552	Johannes L. M._Steidle	Institute of Zoology/Animal Ecology 220c, Hohenheim University, Garbenstr. 30, Stuttgart 70599, Germany;  (M.P.)
4920424	Su Inn_Park	Department of Computer Science, Texas A&amp;M University, College Station, Texas, United States of America
4920424	Halil_Bisgin	Division of Bioinformatics and Biostatistics, National Center for Toxicological Research, U.S. Food and Drug Administration, Jefferson, Arkansas, United States of America
4920424	Hongjian_Ding	Arkansas Regional Laboratories, Office for Regulatory Affairs, U.S. Food and Drug Administration, Jefferson, Arkansas, United States of America
4920424	Howard G._Semey	Arkansas Regional Laboratories, Office for Regulatory Affairs, U.S. Food and Drug Administration, Jefferson, Arkansas, United States of America
4920424	Darryl A._Langley	Arkansas Regional Laboratories, Office for Regulatory Affairs, U.S. Food and Drug Administration, Jefferson, Arkansas, United States of America
4920424	Weida_Tong	Division of Bioinformatics and Biostatistics, National Center for Toxicological Research, U.S. Food and Drug Administration, Jefferson, Arkansas, United States of America
4920424	Joshua_Xu	Division of Bioinformatics and Biostatistics, National Center for Toxicological Research, U.S. Food and Drug Administration, Jefferson, Arkansas, United States of America
4853848	Xi_Sun	Department of Parasitology, Zhongshan School of Medicine, Sun Yat-sen University, Guangzhou, 510080 China 
4853848	Li-Fu_Wang	Department of Parasitology, Zhongshan School of Medicine, Sun Yat-sen University, Guangzhou, 510080 China 
4853848	Ying_Feng	Department of Parasitology, Zhongshan School of Medicine, Sun Yat-sen University, Guangzhou, 510080 China 
4853848	Hui_Xie	Department of Parasitology, Zhongshan School of Medicine, Sun Yat-sen University, Guangzhou, 510080 China 
4853848	Xiao-Ying_Zheng	Department of Parasitology, Zhongshan School of Medicine, Sun Yat-sen University, Guangzhou, 510080 China 
4853848	Ai_He	Department of Parasitology, Zhongshan School of Medicine, Sun Yat-sen University, Guangzhou, 510080 China 
4853848	Md Robiul_Karim	Department of Parasitology, Zhongshan School of Medicine, Sun Yat-sen University, Guangzhou, 510080 China 
4853848	Zhi-Yue_Lv	Department of Parasitology, Zhongshan School of Medicine, Sun Yat-sen University, Guangzhou, 510080 China 
4853848	Zhong-Dao_Wu	Department of Parasitology, Zhongshan School of Medicine, Sun Yat-sen University, Guangzhou, 510080 China 
4829933	Reginald P._Webster	24 Mill Stream Drive, Charters Settlement, NB, Canada E3C 1X1      
4737797	Aileen_Berasategui	Insect Symbiosis Research Group, Max Planck Institute for Chemical Ecology, Jena, Germany 
4737797	Shantanu_Shukla	Insect Symbiosis Research Group, Max Planck Institute for Chemical Ecology, Jena, Germany 
4737797	Hassan_Salem	Insect Symbiosis Research Group, Max Planck Institute for Chemical Ecology, Jena, Germany 
4737797	Martin_Kaltenpoth	Insect Symbiosis Research Group, Max Planck Institute for Chemical Ecology, Jena, Germany 
4714369	Marcel_Bl&#xE4;ser	Zoologisches Forschungsmuseum Alexander Koenig, Abteilung Arthropoda, Adenauerallee 160, 53113 Bonn, Germany      
4714369	Lars_Krogmann	Staatliches Museum f&#xFC;r Naturkunde, Rosenstein 1, 70191 Stuttgart, Germany      
4714369	Ralph S._Peters	Zoologisches Forschungsmuseum Alexander Koenig, Abteilung Arthropoda, Adenauerallee 160, 53113 Bonn, Germany      
4633539	Kerstin_K&#xF6;nig	Institute for Zoology, Animal Ecology (220c), University of Hohenheim, 70593 Stuttgart, Germany
4633539	Lucy_Seeger	Institute for Zoology, Animal Ecology (220c), University of Hohenheim, 70593 Stuttgart, Germany
4633539	Johannes L. M._Steidle	Institute for Zoology, Animal Ecology (220c), University of Hohenheim, 70593 Stuttgart, Germany
4522688	Shu_Li	Institute of Plant and Environment Protection, Beijing Academy of Agriculture and Forestry Sciences, Beijing, 100097, China
4522688	Xiaoling_Tan	Institute of Zoology, Chinese Academy of Sciences, Beijing, 100101, China
4522688	Nicolas_Desneux	French National Institute for Agricultural Research (INRA), UMR1355-ISA, 06903 Sophia-Antipolis, France
4522688	Giovanni_Benelli	Department of Agriculture, Food and Environment, University of Pisa, 56124 Pisa, Italy
4522688	Jing_Zhao	Institute of Plant and Environment Protection, Beijing Academy of Agriculture and Forestry Sciences, Beijing, 100097, China
4522688	Xinhai_Li	Institute of Zoology, Chinese Academy of Sciences, Beijing, 100101, China
4522688	Fan_Zhang	Institute of Plant and Environment Protection, Beijing Academy of Agriculture and Forestry Sciences, Beijing, 100097, China
4522688	Xiwu_Gao	Department of Entomology, China Agricultural University, Beijing 100193, China
4522688	Su_Wang	Institute of Plant and Environment Protection, Beijing Academy of Agriculture and Forestry Sciences, Beijing, 100097, China
4553500	Pascal_Querner	Department of Integrated Biology and Biodiversity Research, Institute of Zoology, University of Natural Resources and Life Sciences, Gregor-Mendel-Stra&#xDF;e 33, Vienna A-1180, Austria; E-Mail: 
6272783	Mallappa Kumara_Swamy	Department of Crop Science, Faculty of Agriculture, Universiti Putra Malaysia, Serdang, Selangor, Darul Ehsan 43400, Malaysia; E-Mail: 
6272783	Uma Rani_Sinniah	Department of Crop Science, Faculty of Agriculture, Universiti Putra Malaysia, Serdang, Selangor, Darul Ehsan 43400, Malaysia; E-Mail: 
4459240	Hannes_Baur	Abteilung Wirbellose Tiere, Naturhistorisches Museum der Burgergemeinde Bern          Bern, Switzerland        
4459240	Yvonne_Kranz-Baltensperger	Abteilung Wirbellose Tiere, Naturhistorisches Museum der Burgergemeinde Bern          Bern, Switzerland        
4459240	Astrid_Cruaud	INRA, UMR1062 CBGP          Montferrier-sur-Lez, France        
4459240	Jean-Yves_Rasplus	INRA, UMR1062 CBGP          Montferrier-sur-Lez, France        
4459240	Alexander V_Timokhov	Department of Entomology, Moscow State University          Moscow, Russia        
4459240	Vladimir E_Gokhman	Botanical Garden, Moscow State University          Moscow, Russia        
3783448	Michal_Knapp	Department of Ecology, Faculty of Environmental Sciences, Czech University of Life Sciences Prague, Prague, Czech Republic
3783448	Old&#x159;ich_Nedv&#x11B;d	Department of Zoology, Faculty of Science, University of South Bohemia, &#x10C;esk&#xE9; Bud&#x11B;jovice, Czech Republic
4745510	Ipsita_Das	Department of Electrical Engineering, Indian Institute of Technology, Bombay, Powai, Mumbai 400076, India
4745510	Girish_Kumar	Department of Electrical Engineering, Indian Institute of Technology, Bombay, Powai, Mumbai 400076, India
4745510	Narendra G._Shah	Centre for Technology Alternatives for Rural Areas, Indian Institute of Technology, Bombay, Powai, Mumbai 400076, India
4553606	Gregor_K&#xF6;lsch	Zoological Institute, Molecular Evolutionary Biology, University of Hamburg, Martin-Luther-King-Platz 3, 20146 Hamburg, Germany; E-Mail: 
4553606	Dimitra_Synefiaridou	Zoological Institute, Molecular Evolutionary Biology, University of Hamburg, Martin-Luther-King-Platz 3, 20146 Hamburg, Germany; E-Mail: 
3337057	Reginald P._Webster	Natural Resources Canada, Canadian Forest Service - Atlantic Forestry Centre, 1350 Regent St., P.O. Box 4000, Fredericton, NB, Canada E3B 5P7
3337057	Jon D._Sweeney	Natural Resources Canada, Canadian Forest Service - Atlantic Forestry Centre, 1350 Regent St., P.O. Box 4000, Fredericton, NB, Canada E3B 5P7
3337057	Ian_DeMerchant	Natural Resources Canada, Canadian Forest Service - Atlantic Forestry Centre, 1350 Regent St., P.O. Box 4000, Fredericton, NB, Canada E3B 5P7
3337057	Martin_Turgeon	24 Rue Angers, Saint-Basile, New Brunswick, Canada E7C 1V1
3312420	Vytautas_Tamutis	Kaunas T. Ivanauskas Zoological Museum, Laisv&#x117;s al. 106, LT-44253 Kaunas, Lithuania
3312420	Brigita_Tamut&#x117;	Kaunas T. Ivanauskas Zoological Museum, Laisv&#x117;s al. 106, LT-44253 Kaunas, Lithuania
3312420	Romas_Ferenca	Kaunas T. Ivanauskas Zoological Museum, Laisv&#x117;s al. 106, LT-44253 Kaunas, Lithuania
3210003	Ompal_Singh	        Department of Biochemistry, Bundelkhand University, Jhansi- 284 128, India      
3210003	Zakia_Khanam	Department of Chemistry, Aligarh Muslim University, Aligarh - 202 002, India      
3210003	Neelam_Misra	        Department of Biochemistry, Bundelkhand University, Jhansi- 284 128, India      
3210003	Manoj Kumar_Srivastava	        Department of Biochemistry, Bundelkhand University, Jhansi- 284 128, India      
1797040	Sven_Steiner	Institut f&#xFC;r Biologie, Freie Universit&#xE4;t Berlin, Haderslebener Str. 9, 12163 Berlin, Germany
1797040	Daniel_Erdmann	Institut f&#xFC;r Biologie, Freie Universit&#xE4;t Berlin, Haderslebener Str. 9, 12163 Berlin, Germany
1797040	Johannes LM_Steidle	Tier&#xF6;kologie 220c, Universit&#xE4;t Hohenheim, 70593 Stuttgart, Germany
1797040	Joachim_Ruther	Institut f&#xFC;r Biologie, Freie Universit&#xE4;t Berlin, Haderslebener Str. 9, 12163 Berlin, Germany
