pmcid	forename_lastname	affiliation
7469204	Anna_Skourti	Laboratory of Agricultural Zoology and Entomology, Department of Crop Science, Agricultural University of Athens, 75 Iera Odos str., 11855 Athens, Attica, Greece;  (N.E.P.)
7469204	Nickolas G._Kavallieratos	Laboratory of Agricultural Zoology and Entomology, Department of Crop Science, Agricultural University of Athens, 75 Iera Odos str., 11855 Athens, Attica, Greece;  (N.E.P.)
7469204	Nikos E._Papanikolaou	Laboratory of Agricultural Zoology and Entomology, Department of Crop Science, Agricultural University of Athens, 75 Iera Odos str., 11855 Athens, Attica, Greece;  (N.E.P.)
7464821	Mohammad Reza_Youssefi	Department of Veterinary Parasitology, Babol-Branch, Islamic Azad University, Babol 19585/466, Iran; 
7464821	Ali_Nikpay	Faculty of Veterinary Medicine, Amol University of Special Modern Technologies, Amol 4618649767, Iran; 
7464821	Niloufar_Hassanpour	Faculty of Veterinary Medicine, Babol-Branch, Islamic Azad University, Babol 19585/466, Iran;  (P.S.T.)
7464821	Aida_Mirzapour	Faculty of Veterinary Medicine, Babol-Branch, Islamic Azad University, Babol 19585/466, Iran;  (P.S.T.)
7464821	Parisa Saleh_Tabari	Faculty of Veterinary Medicine, Babol-Branch, Islamic Azad University, Babol 19585/466, Iran;  (P.S.T.)
7464821	Roman_Pavela	Crop Research Institute, Drnovska 507, Ruzyne, 161 06 Prague 6, Czech Republic; 
7464821	Filippo_Maggi	School of Pharmacy, University of Camerino, via Sant&#x2019;Agostino 1, 62032 Camerino, Italy; 
7464821	Riccardo_Petrelli	School of Pharmacy, University of Camerino, via Sant&#x2019;Agostino 1, 62032 Camerino, Italy; 
7413517	Ya-Nan_Hao	        Biocontrol Engineering Laboratory of Crop Diseases and Pests of Gansu Province, College of Plant Protection, Gansu Agricultural University, Lanzhou, China      
7413517	Yuan-Xing_Sun	        Biocontrol Engineering Laboratory of Crop Diseases and Pests of Gansu Province, College of Plant Protection, Gansu Agricultural University, Lanzhou, China      
7413517	Chang-Zhong_Liu	        Biocontrol Engineering Laboratory of Crop Diseases and Pests of Gansu Province, College of Plant Protection, Gansu Agricultural University, Lanzhou, China      
7464977	Spiridon_Mantzoukas	Department of Pharmacy, School of Health Sciences, University of Patras, 26504 Patras, Greece;  (A.M.)
7464977	Georgia_Korbou	Department of Pharmacy, School of Health Sciences, University of Patras, 26504 Patras, Greece;  (A.M.)
7464977	Alexandra_Magita	Department of Pharmacy, School of Health Sciences, University of Patras, 26504 Patras, Greece;  (A.M.)
7464977	Panagiotis_A. Eliopoulos	Department of Agrotechnology, University of Thessaly, 45100 Larissa, Greece; 
7464977	Konstantinos_Poulas	Department of Pharmacy, School of Health Sciences, University of Patras, 26504 Patras, Greece;  (A.M.)
7465044	Gianluca_Paventi	Department of Medicine and Health Sciences &#x201C;V. Tiberio&#x201D;, University of Molise, via de Sanctis, 86100 Campobasso, Italy
7465044	Laura_de Acutis	Department of Agricultural, Environmental and Food Sciences, University of Molise, via de Sanctis, 86100 Campobasso, Italy;  (A.D.C.)
7465044	Antonio_De Cristofaro	Department of Agricultural, Environmental and Food Sciences, University of Molise, via de Sanctis, 86100 Campobasso, Italy;  (A.D.C.)
7465044	Marco_Pistillo	Department of the Sciences of Agriculture, Food and Environment, University of Foggia, Via Napoli 25, 71122 Foggia, Italy; 
7465044	Giacinto S._Germinara	Department of the Sciences of Agriculture, Food and Environment, University of Foggia, Via Napoli 25, 71122 Foggia, Italy; 
7465044	Giuseppe_Rotundo	Department of Agricultural, Environmental and Food Sciences, University of Molise, via de Sanctis, 86100 Campobasso, Italy;  (A.D.C.)
7343874	Christos I._Rumbos	0000 0001 0035 6670grid.410558.dDepartment of Agriculture Crop Production and Rural Environment, School of Agricultural Sciences, University of Thessaly, Fytokou Str., 38446 Volos, Greece 
7343874	Ioannis T._Karapanagiotidis	0000 0001 0035 6670grid.410558.dDepartment of Ichthyology and Aquatic Environment, School of Agricultural Sciences, University of Thessaly, Fytokou Str., 38446 Volos, Greece 
7343874	Eleni_Mente	0000 0001 0035 6670grid.410558.dDepartment of Ichthyology and Aquatic Environment, School of Agricultural Sciences, University of Thessaly, Fytokou Str., 38446 Volos, Greece 
7343874	Pier_Psofakis	0000 0001 0035 6670grid.410558.dDepartment of Ichthyology and Aquatic Environment, School of Agricultural Sciences, University of Thessaly, Fytokou Str., 38446 Volos, Greece 
7343874	Christos G._Athanassiou	0000 0001 0035 6670grid.410558.dDepartment of Agriculture Crop Production and Rural Environment, School of Agricultural Sciences, University of Thessaly, Fytokou Str., 38446 Volos, Greece 
7330086	Shanshan_Gao	Henan Joint International Research Laboratory of Veterinary Biologics Research and Application, Anyang Institute of Technology, Anyang, China
7330086	Kunpeng_Zhang	Henan Joint International Research Laboratory of Veterinary Biologics Research and Application, Anyang Institute of Technology, Anyang, China
7330086	Luting_Wei	Jiangsu Key Laboratory for Biodiversity and Biotechnology, College of Life Sciences, Nanjing Normal University, Nanjing, China
7330086	Guanyun_Wei	College of Life Sciences, Nantong University, Nantong, China
7330086	Wenfeng_Xiong	Jiangsu Key Laboratory for Biodiversity and Biotechnology, College of Life Sciences, Nanjing Normal University, Nanjing, China
7330086	Yaoyao_Lu	Jiangsu Key Laboratory for Biodiversity and Biotechnology, College of Life Sciences, Nanjing Normal University, Nanjing, China
7330086	Yonglei_Zhang	Henan Joint International Research Laboratory of Veterinary Biologics Research and Application, Anyang Institute of Technology, Anyang, China
7330086	Aoxiang_Gao	Henan Joint International Research Laboratory of Veterinary Biologics Research and Application, Anyang Institute of Technology, Anyang, China
7330086	Bin_Li	Jiangsu Key Laboratory for Biodiversity and Biotechnology, College of Life Sciences, Nanjing Normal University, Nanjing, China
7353542	Asgar_Ebadollahi	Moghan College of Agriculture and Natural Resources, University of Mohaghegh Ardabili, Ardabil 56199-36514, Iran
7353542	William N._Setzer	Department of Chemistry, University of Alabama in Huntsville, Huntsville, AL 35899, USA
7349611	Jocelyne_Tampe	Technology and Processes Laboratory, Department of Chemical Engineering, Faculty of Engineering and Science, Universidad de La Frontera, Avenida Francisco Salazar 01145, Temuco 4811230, Chile
7349611	Javier_Espinoza	Laboratorio de Qu&#xED;mica Ecol&#xF3;gica, Departamento de Ciencias Qu&#xED;micas y Recursos Naturales, Universidad de La Frontera, Casilla 54-D, Avenida Francisco Salazar 01145, Temuco 4811230, Chile;  (A.Q.)
7349611	Manuel_Chac&#xF3;n-Fuentes	Laboratorio de Qu&#xED;mica Ecol&#xF3;gica, Departamento de Ciencias Qu&#xED;micas y Recursos Naturales, Universidad de La Frontera, Casilla 54-D, Avenida Francisco Salazar 01145, Temuco 4811230, Chile;  (A.Q.)
7349611	Andr&#xE9;s_Quiroz	Laboratorio de Qu&#xED;mica Ecol&#xF3;gica, Departamento de Ciencias Qu&#xED;micas y Recursos Naturales, Universidad de La Frontera, Casilla 54-D, Avenida Francisco Salazar 01145, Temuco 4811230, Chile;  (A.Q.)
7349611	M&#xF3;nica_Rubilar	Technology and Processes Laboratory, Department of Chemical Engineering, Faculty of Engineering and Science, Universidad de La Frontera, Avenida Francisco Salazar 01145, Temuco 4811230, Chile
7249092	Ha&#xEF;fa_Debbabi	Research Unit 13ES63, Applied Chemistry and Environment, Faculty of Sciences of Monastir, University of Monastir, 5000 Monastir, Tunisia;  (S.H.)
7249092	Ridha_El Mokni	Department Pharmaceutical Sciences &#x201C;A&#x201D;, Laboratory of Botany, Cryptogamy and Plant Biology, Faculty of Pharmacy of Monastir BP 207, Avenue Avicenna, University of Monastir, 5000 Monastir, Tunisia; 
7249092	Ikbal_Chaieb	Research unit UR13AGR09, Regional Center for Research in Horticulture and Organic Agriculture, Chott Mariem, University of Sousse, TN-4042 Sousse, Tunisia; 
7249092	Simona_Nardoni	Department of Veterinary Sciences, Universit&#xE0; degli Studi di Pisa, 56124 Pisa, Italy; 
7249092	Filippo_Maggi	School of Pharmacy, University of Camerino, 62032 Camerino, Italy; 
7249092	Giovanni_Caprioli	School of Pharmacy, University of Camerino, 62032 Camerino, Italy; 
7249092	Saoussen_Hammami	Research Unit 13ES63, Applied Chemistry and Environment, Faculty of Sciences of Monastir, University of Monastir, 5000 Monastir, Tunisia;  (S.H.)
7204558	Hamzeh_Hasanvand	<institution>Department of Plant Protection, Faculty of Agriculture, Vali-e-Asr University of Rafsanjan</institution>, <addr-line>Rafsanjan</addr-line>, <country>Iran</country>
7204558	Hamzeh_Izadi	<institution>Department of Plant Protection, Faculty of Agriculture, Vali-e-Asr University of Rafsanjan</institution>, <addr-line>Rafsanjan</addr-line>, <country>Iran</country>
7204558	Mozhgan_Mohammadzadeh	<institution>Department of Plant Protection, Faculty of Agriculture, Vali-e-Asr University of Rafsanjan</institution>, <addr-line>Rafsanjan</addr-line>, <country>Iran</country>
7247370	Chithambaram Sujatha_ANUSHA	School of Biosciences, Mahatma Gandhi University, PD Hills PO, Kottayam, 686560 Kerala, India
7247370	Hariharan_SINI	Department of Biochemistry, Government College Kariavattom, Thiruvananthapuram, 695581 Kerala, India
7247370	Bhaskara_PRAKASHKUMAR	School of Biosciences, Mahatma Gandhi University, PD Hills PO, Kottayam, 686560 Kerala, India
7247370	Kottayath Govindan_NEVIN	School of Biosciences, Mahatma Gandhi University, PD Hills PO, Kottayam, 686560 Kerala, India
7291318	Maria C._Boukouvala	Laboratory of Agricultural Zoology and Entomology, Department of Crop Science, Agricultural University of Athens, 75 Iera Odos str., 11855 Athens, Attica, Greece
7291318	Nickolas G._Kavallieratos	Laboratory of Agricultural Zoology and Entomology, Department of Crop Science, Agricultural University of Athens, 75 Iera Odos str., 11855 Athens, Attica, Greece
7176662	Muhammad_Zulhussnain	0000 0004 0637 891Xgrid.411786.dDepartment of Zoology, Government College University Faisalabad, Faisalabad, Pakistan 
7176662	Muhammad Kashif_Zahoor	0000 0004 0637 891Xgrid.411786.dDepartment of Zoology, Government College University Faisalabad, Faisalabad, Pakistan 
7176662	Hina_Rizvi	0000 0004 0637 891Xgrid.411786.dDepartment of Environmental Sciences &amp; Engineering, Government College University Faisalabad, Faisalabad, Pakistan 
7176662	Muhammad Asif_Zahoor	0000 0004 0637 891Xgrid.411786.dDepartment of Microbiology, Government College University Faisalabad, Faisalabad, Pakistan 
7176662	Azhar_Rasul	0000 0004 0637 891Xgrid.411786.dDepartment of Zoology, Government College University Faisalabad, Faisalabad, Pakistan 
7176662	Aftab_Ahmad	0000 0004 0607 1563grid.413016.1Department of Biochemistry/US-Pakistan Center for Advance Studies in Agriculture and Food Security (USPCAS-AFS), University of Agriculture Faisalabad, Faisalabad, Pakistan 
7176662	Humara Naz_Majeed	Department of Biochemistry, Government College Women University, Faisalabad, Pakistan 
7176662	Amer_Rasul	0000 0004 0607 1563grid.413016.1Department of Entomology, University of Agriculture Faisalabad, Faisalabad, Pakistan 
7176662	Kanwal_Ranian	0000 0004 0637 891Xgrid.411786.dDepartment of Zoology, Government College University Faisalabad, Faisalabad, Pakistan 
7176662	Farhat_Jabeen	0000 0004 0637 891Xgrid.411786.dDepartment of Zoology, Government College University Faisalabad, Faisalabad, Pakistan 
7161282	Jairo_Mendoza-Roldan	grid.7644.10000 0001 0120 3326Dipartimento di Medicina Veterinaria, Universit&#xE0; degli Studi di Bari, Bari, Italy 
7161282	Giovanni_Benelli	grid.5395.a0000 0004 1757 3729Department of Agriculture, Food and Environment, University of Pisa, Pisa, Italy 
7161282	Rossella_Panarese	grid.7644.10000 0001 0120 3326Dipartimento di Medicina Veterinaria, Universit&#xE0; degli Studi di Bari, Bari, Italy 
7161282	Roberta_Iatta	grid.7644.10000 0001 0120 3326Dipartimento di Medicina Veterinaria, Universit&#xE0; degli Studi di Bari, Bari, Italy 
7161282	Tommaso_Furlanello	San Marco Veterinary Clinic and Laboratory, Veggiano, Padova Italy 
7161282	Frederic_Beugnet	grid.484445.d0000 0004 0544 6220Boehringer Ingelheim Animal Health, Lyon, France 
7161282	Andrea_Zatelli	grid.7644.10000 0001 0120 3326Dipartimento di Medicina Veterinaria, Universit&#xE0; degli Studi di Bari, Bari, Italy 
7161282	Domenico_Otranto	grid.7644.10000 0001 0120 3326Dipartimento di Medicina Veterinaria, Universit&#xE0; degli Studi di Bari, Bari, Italy 
7240364	Nickolas G._Kavallieratos	Laboratory of Agricultural Zoology and Entomology, Department of Crop Science, Agricultural University of Athens, 75 Iera Odos str., 11855 Athens, Attica, Greece;  (A.S.)
7240364	Goran_Andri&#x107;	Laboratory of Agricultural Zoology and Entomology, Department of Crop Science, Agricultural University of Athens, 75 Iera Odos str., 11855 Athens, Attica, Greece;  (A.S.)
7240364	Marijana_Pra&#x17E;i&#x107; Goli&#x107;	Laboratory of Agricultural Zoology and Entomology, Department of Crop Science, Agricultural University of Athens, 75 Iera Odos str., 11855 Athens, Attica, Greece;  (A.S.)
7240364	Erifili P._Nika	Laboratory of Agricultural Zoology and Entomology, Department of Crop Science, Agricultural University of Athens, 75 Iera Odos str., 11855 Athens, Attica, Greece;  (A.S.)
7240364	Anna_Skourti	Laboratory of Agricultural Zoology and Entomology, Department of Crop Science, Agricultural University of Athens, 75 Iera Odos str., 11855 Athens, Attica, Greece;  (A.S.)
7240364	Petar_Kljaji&#x107;	Institute of Pesticides and Environmental Protection, Banatska 31b, 11080 Belgrade, Serbia; 
7240364	Nikos E._Papanikolaou	Laboratory of Agricultural Zoology and Entomology, Department of Crop Science, Agricultural University of Athens, 75 Iera Odos str., 11855 Athens, Attica, Greece;  (A.S.)
7180760	Asgar_Ebadollahi	Moghan College of Agriculture and Natural Resources, University of Mohaghegh Ardabili, Ardabil 56199-36514, Iran
7180760	Masumeh_Ziaee	Department of Plant Protection, Faculty of Agriculture, Shahid Chamran University of Ahvaz, Ahvaz 61357-43311, Iran; 
7180760	Franco_Palla	Department of Biological, Chemical and Pharmaceutical Sciences and Technologies, University of Palermo, Palermo 38-90123, Italy
7229316	Shengxiang_Yang	Zhejiang Provincial Collaborative Innovation Center for Bamboo Resources and High-Efficiency Utilization, Zhejiang A &amp; F University, Lin&#x2019;an, Zhejiang 311300, PR China
7229316	Mingsheng_Bai	College of Life Sciences, Ningxia University, Yinchuan, Ningxia 750021, China
7229316	Jian_Yang	State Key Laboratory of Dao-di Herbs Breeding Base, National Resources Center for Chinese Materia Medica, China Academy of Chinese Medical Sciences, Beijing 100700, PR China
7229316	Yuan_Yuan	State Key Laboratory of Dao-di Herbs Breeding Base, National Resources Center for Chinese Materia Medica, China Academy of Chinese Medical Sciences, Beijing 100700, PR China
7229316	Yamei_Zhang	College of Plant Science, Jilin University, Changchun, Jilin 130062, PR China
7229316	Jianchun_Qin	College of Plant Science, Jilin University, Changchun, Jilin 130062, PR China
7229316	Yi_Kuang	Zhejiang Provincial Collaborative Innovation Center for Bamboo Resources and High-Efficiency Utilization, Zhejiang A &amp; F University, Lin&#x2019;an, Zhejiang 311300, PR China
7229316	Diego A._Sampietro	National University of Tucum&#xE1;n, Ayacucho 471, Tucuman, Argentina
7143237	Rana Fartab_Shoukat	Key Laboratory of Bio-Pesticide Innovation and Application of Guangdong Province, College of Agriculture, South China Agricultural University, Guangzhou 510642, China;  (X.X.)
7143237	Junaid_Zafar	Key Laboratory of Bio-Pesticide Innovation and Application of Guangdong Province, College of Agriculture, South China Agricultural University, Guangzhou 510642, China;  (X.X.)
7143237	Muhammad_Shakeel	Key Laboratory of Bio-Pesticide Innovation and Application of Guangdong Province, College of Agriculture, South China Agricultural University, Guangzhou 510642, China;  (X.X.)
7143237	Yuxin_Zhang	Key Laboratory of Bio-Pesticide Innovation and Application of Guangdong Province, College of Agriculture, South China Agricultural University, Guangzhou 510642, China;  (X.X.)
7143237	Shoaib_Freed	Laboratory of Insect Microbiology and Biotechnology, Department of Entomology, Faculty of Agricultural Sciences and Technology, Bahauddin Zakariya University, Multan 66000, Pakistan; 
7143237	Xiaoxia_Xu	Key Laboratory of Bio-Pesticide Innovation and Application of Guangdong Province, College of Agriculture, South China Agricultural University, Guangzhou 510642, China;  (X.X.)
7143237	Fengliang_Jin	Key Laboratory of Bio-Pesticide Innovation and Application of Guangdong Province, College of Agriculture, South China Agricultural University, Guangzhou 510642, China;  (X.X.)
7143747	Christos G._Athanassiou	Laboratory of Entomology and Agricultural Zoology, Department of Agriculture, Crop Production and Rural Environment, University of Thessaly, Phytokou Str., Nea Ionia 38446, Magnissia, Greece
7143747	Frank H._Arthur	Center for Grain and Animal Health Research, Agricultural Research Service, United States Department of Agriculture (USDA), 1515 College Avenue, Manhattan, KS 66502, USA; 
7074562	Anna_Skourti	Laboratory of Agricultural Zoology and Entomology, Department of Crop Science, Agricultural University of Athens, 75 Iera Odos str., 11855 Athens, Attica, Greece;  (N.G.K.)
7074562	Nickolas G._Kavallieratos	Laboratory of Agricultural Zoology and Entomology, Department of Crop Science, Agricultural University of Athens, 75 Iera Odos str., 11855 Athens, Attica, Greece;  (N.G.K.)
7074562	Nikos E._Papanikolaou	Laboratory of Agricultural Zoology and Entomology, Department of Crop Science, Agricultural University of Athens, 75 Iera Odos str., 11855 Athens, Attica, Greece;  (N.G.K.)
6983295	Enrico_Ruzzier	Department of Agronomy, Food, Natural Resources, Animals and the Environment (DAFNAE), Universit&#xE0; degli Studi di Padova, Padova, Italy
6983295	Marcin_Kadej	Department of Invertebrate Biology, Evolution and Conservation, University of Wroc&#x142;aw, Wroc&#x142;aw, Poland
6983295	Andrea_Battisti	Department of Agronomy, Food, Natural Resources, Animals and the Environment (DAFNAE), Universit&#xE0; degli Studi di Padova, Padova, Italy
7083367	Elaine Cristina_de Mattos	Instituto Adolfo Lutz, Centro de Laborat&#xF3;rio Regional de SantoAndr&#xE9;, Laborat&#xF3;rio de Microscopia Alimentar, Santo Andr&#xE9;, SP, Brasil.
7083367	Maria Aparecida Moraes_Marciano	Instituto Adolfo Lutz, N&#xFA;cleo de Morfologia e Microscopia, S&#xE3;oPaulo, SP, Brasil.
7083367	Vilma dos Santos Menezes Gaiotto_Daros	Instituto Adolfo Lutz, Centro de Laborat&#xF3;rio Regional de SantoAndr&#xE9;, Laborat&#xF3;rio de Microscopia Alimentar, Santo Andr&#xE9;, SP, Brasil.
7083367	Cristiane Castro_Faccini	Instituto Dante Pazzanese de Cardiologia, Laborat&#xF3;rio de Doen&#xE7;a deChagas Elias Boainain, S&#xE3;o Paulo, SP, Brasil.
7083367	Angela Maria_Louren&#xE7;o	Instituto Dante Pazzanese de Cardiologia, Laborat&#xF3;rio de Doen&#xE7;a deChagas Elias Boainain, S&#xE3;o Paulo, SP, Brasil.
7083367	Vera Lucia_Pereira-Chioccola	Instituto Adolfo Lutz, Centro de Parasitologia e Micologia, S&#xE3;oPaulo, SP, Brasil.
7022865	Wenlong_Wang	Beijing Key Laboratory for Forest Pest Control, School of Forestry, Beijing Forestry University, Beijing 100083, China;  (C.G.)
7022865	Chenglong_Gao	Beijing Key Laboratory for Forest Pest Control, School of Forestry, Beijing Forestry University, Beijing 100083, China;  (C.G.)
7022865	Lili_Ren	Beijing Key Laboratory for Forest Pest Control, School of Forestry, Beijing Forestry University, Beijing 100083, China;  (C.G.)
7022865	Youqing_Luo	Beijing Key Laboratory for Forest Pest Control, School of Forestry, Beijing Forestry University, Beijing 100083, China;  (C.G.)
6877663	Zahra_Abedi	Department of Plant Protection, Faculty of Agriculture and Natural Resources, University of Mohaghegh Ardabili, Ardabil, Iran
6877663	Ali_Golizadeh	Department of Plant Protection, Faculty of Agriculture and Natural Resources, University of Mohaghegh Ardabili, Ardabil, Iran
6877663	Mahmoud_Soufbaf	Department of Plant Protection, Nuclear Agriculture Research School, Nuclear Science and Technology Research Institute, Karaj, Iran
6877663	Mahdi_Hassanpour	Department of Plant Protection, Faculty of Agriculture and Natural Resources, University of Mohaghegh Ardabili, Ardabil, Iran
6877663	Ali_Jafari-Nodoushan	Agriculture and Natural Resources Research Center of Yazd, Yazd, Iran
6877663	Hamid-Reza_Akhavan	Department of Food Science and Technology, Faculty of Agriculture, Shahid Bahonar University of Kerman, Kerman, Iran
6792099	Gemma M_McLaughlin	Department of Biochemistry, University of Otago, Dunedin, New Zealand
6792099	Peter K_Dearden	Department of Biochemistry, University of Otago, Dunedin, New Zealand
6864215	Waleed S._Alwaneen	National Center for Agricultural Technology (NCAT), King Abdulaziz City for Science and Technology (KACST), P.O. Box 6086, Riyadh, Saudi Arabia
6864215	Mureed_Husain	Economic Entomology Research Unit, Department of Plant Protection, College of Food and Agriculture Sciences, King Saud University, P.O. Box 2460, Riyadh, Saudi Arabia
6864215	Khawaja G._Rasool	Economic Entomology Research Unit, Department of Plant Protection, College of Food and Agriculture Sciences, King Saud University, P.O. Box 2460, Riyadh, Saudi Arabia
6864215	Mohannad A._Alwatban	National Center for Agricultural Technology (NCAT), King Abdulaziz City for Science and Technology (KACST), P.O. Box 6086, Riyadh, Saudi Arabia
6864215	Shehzad_Salman	Economic Entomology Research Unit, Department of Plant Protection, College of Food and Agriculture Sciences, King Saud University, P.O. Box 2460, Riyadh, Saudi Arabia
6864215	Farid A._Shaheen	Department of Entomology, Pir Mehr Ali Shah Arid Agriculture University, P.O. Box 46300, Pakistan
6864215	Mona A._Alduailij	Computer Science Department, College of Computer and Information Sciences, Princess Nourah bint Abdulrahman University, P.O. Box 8957, Riyadh, Saudi Arabia
6864215	Abdulrahman S._Aldawood	Economic Entomology Research Unit, Department of Plant Protection, College of Food and Agriculture Sciences, King Saud University, P.O. Box 2460, Riyadh, Saudi Arabia
6836213	David W._Hagstrum	Department of Entomology, Kansas State University, Manhattan, KS 66502, USA
6836213	Christos G._Athanassiou	Laboratory of Entomology and Agricultural Zoology, Department of Agriculture, Crop Production and Rural Environment, University of Thessaly, Phytokou str., Nea Ionia, 38446 Magnissia, Greece
6701278	Stefania_Garzoli	Department of Drug Chemistry and Technology, Sapienza University, Rome, Italy
6701278	Valentina Laghezza_Masci	Department for the Innovation in Biological, Agrofood and Forestal Systems, Tuscia University, Viterbo, Italy
6701278	Elisa_Ovidi	Department for the Innovation in Biological, Agrofood and Forestal Systems, Tuscia University, Viterbo, Italy
6701278	Giovanni_Turchetti	Department for the Innovation in Biological, Agrofood and Forestal Systems, Tuscia University, Viterbo, Italy
6701278	Daniele_Zago	Department for the Innovation in Biological, Agrofood and Forestal Systems, Tuscia University, Viterbo, Italy
6701278	Antonio_Tiezzi	Department for the Innovation in Biological, Agrofood and Forestal Systems, Tuscia University, Viterbo, Italy
6661260	Ian W._Keesey	0000 0004 0491 7131grid.418160.aDepartment of Evolutionary Neuroethology, Max Planck Institute for Chemical Ecology, Hans-Kn&#xF6;ll-Stra&#xDF;e 8, D-07745 Jena, Germany 
6661260	Nanji_Jiang	0000 0004 1792 6416grid.458458.0State Key Laboratory of Integrated Management of Pest Insects and Rodents, Institute of Zoology, Chinese Academy of Sciences, 1 Beichen West Road, Chaoyang District, Beijing, 100101 China 
6661260	Jerrit_Wei&#xDF;flog	0000 0004 0491 7131grid.418160.aMass Spectrometry/Proteomics Research Group, Max Planck Institute for Chemical Ecology, Hans-Kn&#xF6;ll-Stra&#xDF;e 8, D-07745 Jena, Germany 
6661260	Robert_Winz	grid.27859.31The New Zealand Institute for Plant &amp; Food Research, 120 Mt. Albert Road, Mt. Albert, Auckland 1025, Private Bag 92169, Auckland, 1142 New Zealand 
6661260	Ale&#x161;_Svato&#x161;	0000 0004 0491 7131grid.418160.aMass Spectrometry/Proteomics Research Group, Max Planck Institute for Chemical Ecology, Hans-Kn&#xF6;ll-Stra&#xDF;e 8, D-07745 Jena, Germany 
6661260	Chen-Zhu_Wang	0000 0004 1792 6416grid.458458.0State Key Laboratory of Integrated Management of Pest Insects and Rodents, Institute of Zoology, Chinese Academy of Sciences, 1 Beichen West Road, Chaoyang District, Beijing, 100101 China 
6661260	Bill S._Hansson	0000 0004 0491 7131grid.418160.aDepartment of Evolutionary Neuroethology, Max Planck Institute for Chemical Ecology, Hans-Kn&#xF6;ll-Stra&#xDF;e 8, D-07745 Jena, Germany 
6661260	Markus_Knaden	0000 0004 0491 7131grid.418160.aDepartment of Evolutionary Neuroethology, Max Planck Institute for Chemical Ecology, Hans-Kn&#xF6;ll-Stra&#xDF;e 8, D-07745 Jena, Germany 
6628024	Roberto_Romani	Department of Agricultural, Food and Environmental Sciences, University of Perugia, 06121 Perugia, Italy; 
6628024	Stefano_Bedini	Department of Agriculture, Food and Environment, University of Pisa, 56124 Pisa, Italy;  (B.C.)
6628024	Gianandrea_Salerno	Department of Agricultural, Food and Environmental Sciences, University of Perugia, 06121 Perugia, Italy; 
6628024	Roberta_Ascrizzi	Department of Pharmacy, University of Pisa, 56122 Pisa, Italy;  (G.F.)
6628024	Guido_Flamini	Department of Pharmacy, University of Pisa, 56122 Pisa, Italy;  (G.F.)
6628024	Maria Cristina_Echeverria	Facultad de Ingenier&#xED;a en Ciencias Agropecuarias y Ambientales, Grupo de Investigaciones Ambientales y Biotecnol&#xF3;gicas, Universidad Tecnica del Norte, Ibarra 100105, Ecuador; 
6628024	Priscilla_Farina	Department of Agriculture, Food and Environment, University of Pisa, 56124 Pisa, Italy;  (B.C.)
6628024	Barbara_Conti	Department of Agriculture, Food and Environment, University of Pisa, 56124 Pisa, Italy;  (B.C.)
6933224	UNKNOWN_Attaullah	Department of Zoology, Government College University, Faisalabad, Pakistan
6933224	Muhammad Kashif_Zahoor	Department of Zoology, Government College University, Faisalabad, Pakistan
6933224	Muhammad Asif_Zahoor	Department of Microbiology, Government College University, Faisalabad, Pakistan
6933224	Muhammad Samee_Mubarik	Department of Zoology, Government College University, Faisalabad, Pakistan
6933224	Hina_Rizvi	Department of Environmental Sciences &amp; Engineering, Government College University, Faisalabad, Pakistan
6933224	Humara Naz_Majeed	Department of Biochemistry, Government College Women University, Faisalabad, Pakistan
6933224	Muhammad_Zulhussnain	Department of Zoology, Government College University, Faisalabad, Pakistan
6933224	Kanwal_Ranian	Department of Zoology, Government College University, Faisalabad, Pakistan
6933224	Kishwar_Sultana	Department of Zoology, Government College University, Faisalabad, Pakistan
6933224	Muhammad_Imran	Department of Zoology, Government College University, Faisalabad, Pakistan
6933224	Samina_Qamer	Department of Zoology, Government College University, Faisalabad, Pakistan
6571962	Vaclav_Stejskal	Crop Research Institute, Drnovska 507/73, CZ-16106 Prague 6-Ruzyne, Czech Republic;  (R.A.)
6571962	Tomas_Vendl	Crop Research Institute, Drnovska 507/73, CZ-16106 Prague 6-Ruzyne, Czech Republic;  (R.A.)
6571962	Zhihong_Li	Key Laboratory of Ministry of Agriculture for Monitoring and Green Management of Crop Pests, Department of Entomology, College of Plant Protection, China Agricultural University, Beijing 100193, China; 
6571962	Radek_Aulicky	Crop Research Institute, Drnovska 507/73, CZ-16106 Prague 6-Ruzyne, Czech Republic;  (R.A.)
6571631	Frank H._Arthur	USDA, ARS, Center for Grain and Animal Health Research, 1515 College Avenue, Manhattan, KS 66502, USA; 
6571631	Michael J._Domingue	Department of Entomology, Kansas State University, Manhattan, KS 66506, USA; 
6571631	Deanna S._Scheff	USDA, ARS, Center for Grain and Animal Health Research, 1515 College Avenue, Manhattan, KS 66502, USA; 
6571631	Scott W._Myers	Otis Laboratory USDA, APHIS, CPHST, 1398 West Truck Road, Buzzards Bay, MA 02542, USA; 
6571956	Srinivas K._Lanka	Department of Entomology, 123 West Waters Hall, Kansas State University, Manhattan, KS 66506, USA;  (K.Y.Z.)
6571956	Frank H._Arthur	USDA-ARS-Center for Grain and Animal Health Research, 1515 College Avenue, Manhattan, KS 66502, USA; 
6571956	James F._Campbell	USDA-ARS-Center for Grain and Animal Health Research, 1515 College Avenue, Manhattan, KS 66502, USA; 
6571956	Kun Yan_Zhu	Department of Entomology, 123 West Waters Hall, Kansas State University, Manhattan, KS 66506, USA;  (K.Y.Z.)
6502792	Yu_Cao	0000 0004 1762 5410grid.464322.5Guizhou Provincial Key Laboratory for Rare Animal and Economic Insect of the Mountainous Region, Department of Biology and Engineering of Environment, Guiyang University, Guiyang, Guizhou 550005 P.R. China 
6502792	Giovanni_Benelli	0000 0004 1757 3729grid.5395.aDepartment of Agriculture, Food and Environment, University of Pisa, via del Borghetto 80, 56124 Pisa, Italy 
6502792	Giacinto Salvatore_Germinara	0000000121049995grid.10796.39Department of the Sciences of Agriculture, Food and Environment, University of Foggia, Via Napoli 25, Foggia, 71122 Italy 
6502792	Filippo_Maggi	0000 0000 9745 6549grid.5602.1School of Pharmacy, University of Camerino, Via Sant&#x2019;Agostino 1, 62032 Camerino, Italy 
6502792	Yuanjie_Zhang	0000 0004 1762 5410grid.464322.5Guizhou Provincial Key Laboratory for Rare Animal and Economic Insect of the Mountainous Region, Department of Biology and Engineering of Environment, Guiyang University, Guiyang, Guizhou 550005 P.R. China 
6502792	Shuangli_Luo	0000 0004 1762 5410grid.464322.5Guizhou Provincial Key Laboratory for Rare Animal and Economic Insect of the Mountainous Region, Department of Biology and Engineering of Environment, Guiyang University, Guiyang, Guizhou 550005 P.R. China 
6502792	Hong_Yang	0000 0004 1762 5410grid.464322.5Guizhou Provincial Key Laboratory for Rare Animal and Economic Insect of the Mountainous Region, Department of Biology and Engineering of Environment, Guiyang University, Guiyang, Guizhou 550005 P.R. China 
6502792	Can_Li	0000 0004 1762 5410grid.464322.5Guizhou Provincial Key Laboratory for Rare Animal and Economic Insect of the Mountainous Region, Department of Biology and Engineering of Environment, Guiyang University, Guiyang, Guizhou 550005 P.R. China 
6499817	Frank H._Arthur	USDA, Agricultural Research Service, Center for Grain and Animal Health Research, 1515 College Ave., Manhattan, KS 66502 USA 
6499817	William R._Morrison	USDA, Agricultural Research Service, Center for Grain and Animal Health Research, 1515 College Ave., Manhattan, KS 66502 USA 
6499817	Amy C._Morey	0000000419368657grid.17635.36Department of Entomology, University of Minnesota, 1980 Folwell Ave., 219 Hodson Hall, St. Paul, MN 55108 USA 
6478721	Saad M._Alzahrani	0000 0000 9320 7537grid.1003.2The University of Queensland, School of Biological Sciences, St Lucia, QLD 4072 Australia 
6478721	Paul R._Ebert	0000 0000 9320 7537grid.1003.2The University of Queensland, School of Biological Sciences, St Lucia, QLD 4072 Australia 
6475838	G&#xE9;rald_Juma	Department of Biochemistry, University of Nairobi, Nairobi, Kenya
6475838	Bruno_Le Ru	UMR EGCE (Evolution, G&#xE9;nome, Comportement, Ecologie), CNRS-IRD-Univ. Paris-Sud, IDEEV, Universit&#xE9; Paris-Saclay, Gif-sur-Yvette Cedex, France
6475838	Paul-Andr&#xE9;_Calatayud	UMR EGCE (Evolution, G&#xE9;nome, Comportement, Ecologie), CNRS-IRD-Univ. Paris-Sud, IDEEV, Universit&#xE9; Paris-Saclay, Gif-sur-Yvette Cedex, France
6476934	Andrea_Chane	Laboratoire de Microbiologie Signaux et Microenvironnement (LMSM EA 4312) &#x2013; Normandie Universit&#xE9;, Universit&#xE9; de Rouen Normandie, &#xC9;vreux, France
6476934	Corinne_Barbey	Laboratoire de Microbiologie Signaux et Microenvironnement (LMSM EA 4312) &#x2013; Normandie Universit&#xE9;, Universit&#xE9; de Rouen Normandie, &#xC9;vreux, France
6476934	Yvann_Bourigault	Laboratoire de Microbiologie Signaux et Microenvironnement (LMSM EA 4312) &#x2013; Normandie Universit&#xE9;, Universit&#xE9; de Rouen Normandie, &#xC9;vreux, France
6476934	Olivier_Maillot	Laboratoire de Microbiologie Signaux et Microenvironnement (LMSM EA 4312) &#x2013; Normandie Universit&#xE9;, Universit&#xE9; de Rouen Normandie, &#xC9;vreux, France
6476934	Sophie_Rodrigues	Laboratoire de Microbiologie Signaux et Microenvironnement (LMSM EA 4312) &#x2013; Normandie Universit&#xE9;, Universit&#xE9; de Rouen Normandie, &#xC9;vreux, France
6476934	Mathilde_Bouteiller	Laboratoire de Microbiologie Signaux et Microenvironnement (LMSM EA 4312) &#x2013; Normandie Universit&#xE9;, Universit&#xE9; de Rouen Normandie, &#xC9;vreux, France
6476934	Annabelle_Merieau	Laboratoire de Microbiologie Signaux et Microenvironnement (LMSM EA 4312) &#x2013; Normandie Universit&#xE9;, Universit&#xE9; de Rouen Normandie, &#xC9;vreux, France
6476934	Yoan_Konto-Ghiorghi	Laboratoire de Microbiologie Signaux et Microenvironnement (LMSM EA 4312) &#x2013; Normandie Universit&#xE9;, Universit&#xE9; de Rouen Normandie, &#xC9;vreux, France
6476934	Am&#xE9;lie_Beury-Cirou	Seeds Innovation Protection Research and Environment, Achicourt, France
6476934	Richard_Gattin	Structure F&#xE9;d&#xE9;rative de Recherche Normandie V&#xE9;g&#xE9;tale 4277, Mont-Saint-Aignan, France
6476934	Marc_Feuilloley	Laboratoire de Microbiologie Signaux et Microenvironnement (LMSM EA 4312) &#x2013; Normandie Universit&#xE9;, Universit&#xE9; de Rouen Normandie, &#xC9;vreux, France
6476934	Karine_Laval	Structure F&#xE9;d&#xE9;rative de Recherche Normandie V&#xE9;g&#xE9;tale 4277, Mont-Saint-Aignan, France
6476934	Virginie_Gobert	Seeds Innovation Protection Research and Environment, Achicourt, France
6476934	Xavier_Latour	Laboratoire de Microbiologie Signaux et Microenvironnement (LMSM EA 4312) &#x2013; Normandie Universit&#xE9;, Universit&#xE9; de Rouen Normandie, &#xC9;vreux, France
6523121	Fuji_Jian	Department of Biosystems Engineering, University of Manitoba, Winnipeg, MB R3T 5V6, Canada; 
6418021	Marco_Bonelli	Department of Biosciences, University of Milan, Milan, Italy
6418021	Daniele_Bruno	Department of Biotechnology and Life Sciences, University of Insubria, Varese, Italy
6418021	Silvia_Caccia	Department of Agricultural Sciences, University of Naples Federico II, Naples, Italy
6418021	Giovanna_Sgambetterra	Department of Biosciences, University of Milan, Milan, Italy
6418021	Silvia_Cappellozza	Centro di Ricerca Agricoltura e Ambiente (CREA-AA), Padua, Italy
6418021	Costanza_Jucker	Department of Food, Environmental and Nutritional Sciences, University of Milan, Milan, Italy
6418021	Gianluca_Tettamanti	Department of Biotechnology and Life Sciences, University of Insubria, Varese, Italy
6418021	Morena_Casartelli	Department of Biosciences, University of Milan, Milan, Italy
6411660	Dao-Wei_Zhang	<institution>School of Biological and Agricultural Science and Technology, Zunyi Normal University</institution>, <addr-line>Zunyi</addr-line>, <country>China</country>
6411660	Zhong-Jiu_Xiao	<institution>School of Biological and Agricultural Science and Technology, Zunyi Normal University</institution>, <addr-line>Zunyi</addr-line>, <country>China</country>
6411660	Bo-Ping_Zeng	<institution>School of Biological and Agricultural Science and Technology, Zunyi Normal University</institution>, <addr-line>Zunyi</addr-line>, <country>China</country>
6411660	Kun_Li	<institution>School of Biological and Agricultural Science and Technology, Zunyi Normal University</institution>, <addr-line>Zunyi</addr-line>, <country>China</country>
6411660	Yan-Long_Tang	<institution>School of Biological and Agricultural Science and Technology, Zunyi Normal University</institution>, <addr-line>Zunyi</addr-line>, <country>China</country>
6412751	Hafize_Fidan	Department of Catering and Tourism, University of Food Technologies, 4000 Plovdiv, Bulgaria;  (A.S.)
6412751	Galina_Stefanova	Lotos Expert OOD, 4000 Plovdiv, Bulgaria; 
6412751	Iliana_Kostova	Department of Biotechnology and Food Technology, &#x201C;Angel Kanchev&#x201D; University of Russe, Razgrad Branch, 7200 Razgrad, Bulgaria;  (S.D.)
6412751	Stanko_Stankov	Department of Catering and Tourism, University of Food Technologies, 4000 Plovdiv, Bulgaria;  (A.S.)
6412751	Stanka_Damyanova	Department of Biotechnology and Food Technology, &#x201C;Angel Kanchev&#x201D; University of Russe, Razgrad Branch, 7200 Razgrad, Bulgaria;  (S.D.)
6412751	Albena_Stoyanova	Department of Catering and Tourism, University of Food Technologies, 4000 Plovdiv, Bulgaria;  (A.S.)
6412751	Valtcho D._Zheljazkov	Crop and Soil Science Department, Oregon State University, Corvallis, OR 97331, USA; 
6529913	K_Kharel	Department of Entomology, Purdue University, West Lafayette, IN
6529913	L J_Mason	Department of Entomology, Purdue University, West Lafayette, IN
6529913	L L_Murdock	Department of Entomology, Purdue University, West Lafayette, IN
6529913	D_Baributsa	Department of Entomology, Purdue University, West Lafayette, IN
6375610	Nikos E._Papanikolaou	Laboratory of Agricultural Zoology and Entomology, Department of Crop Science, Agricultural University of Athens, Athens, Greece
6375610	Nickolas G._Kavallieratos	Laboratory of Agricultural Zoology and Entomology, Department of Crop Science, Agricultural University of Athens, Athens, Greece
6375610	Marios_Kondakis	Department of Statistics, Athens University of Economics and Business, Athens, Greece
6375610	Maria C._Boukouvala	Laboratory of Agricultural Zoology and Entomology, Department of Crop Science, Agricultural University of Athens, Athens, Greece
6375610	Erifili P._Nika	Benaki Phytopathological Institute, Kifissia, Athens, Greece
6375610	Nikos_Demiris	Department of Statistics, Athens University of Economics and Business, Athens, Greece
6487429	Norashiqin_Misni	Department of Parasitology, Faculty of Medicine, University Malaya, Kuala Lumpur, Malaysia. 
6487429	Zurainee_Mohamed Nor	Department of Parasitology, Faculty of Medicine, University Malaya, Kuala Lumpur, Malaysia. 
6487429	Rohani_Ahmad	Medical Entomology Unit, Institute of Medical Research, Kuala Lumpur, Malaysia.
6218610	Mozhgan_Mohammadzadeh	<institution>Department of Plant Protection, Faculty of Agriculture, Vali-e-Asr University of Rafsanjan</institution>, <addr-line>Rafsanjan</addr-line>, <country>Iran</country>
6218610	Hamzeh_Izadi	<institution>Department of Plant Protection, Faculty of Agriculture, Vali-e-Asr University of Rafsanjan</institution>, <addr-line>Rafsanjan</addr-line>, <country>Iran</country>
6107112	Souvic_Sarker	Department of Plant Medicals, Andong National University, Andong, Republic of Korea
6107112	Un Taek_Lim	Department of Plant Medicals, Andong National University, Andong, Republic of Korea
6055027	Angelika_Kamizela	1Institute of ChemistryJan Kochanowski University&#x15A;wi&#x119;tokrzyska 15 G25&#x2013;406KielcePoland
6055027	Barbara_Gawdzik	1Institute of ChemistryJan Kochanowski University&#x15A;wi&#x119;tokrzyska 15 G25&#x2013;406KielcePoland
6055027	Mariusz_Urbaniak	1Institute of ChemistryJan Kochanowski University&#x15A;wi&#x119;tokrzyska 15 G25&#x2013;406KielcePoland
6055027	&#x141;ukasz_Lechowicz	2Institute of BiologyJan Kochanowski University&#x15A;wi&#x119;tokrzyska 15 G25&#x2013;406KielcePoland
6055027	Agata_Bia&#x142;o&#x144;ska	3Department of ChemistryUniversity of WroclawF. Joliot-Curie 1450&#x2013;383Wroc&#x142;awPoland
6055027	Weronika_Gonciarz	4Dept. of Immunology and Infectious BiologyUniversity of L&#xF3;dzBanacha 12/1690&#x2013;237&#x141;&#xF3;d&#x17A;Poland
6055027	Magdalena_Chmiela	4Dept. of Immunology and Infectious BiologyUniversity of L&#xF3;dzBanacha 12/1690&#x2013;237&#x141;&#xF3;d&#x17A;Poland
6034598	Emily Lucille_Moore	Department of Biology, New Mexico State University, Las Cruces, NM, United States of America
6034598	Mary Alice_Scott	Department of Anthropology, New Mexico State University, Las Cruces, NM, United States of America
6034598	Stacy Deadra_Rodriguez	Department of Biology, New Mexico State University, Las Cruces, NM, United States of America
6034598	Soumi_Mitra	Department of Biology, New Mexico State University, Las Cruces, NM, United States of America
6034598	Julia_Vulcan	Department of Biology, New Mexico State University, Las Cruces, NM, United States of America
6034598	Joel Javierla_Cordova	Department of Biology, New Mexico State University, Las Cruces, NM, United States of America
6034598	Hae-Na_Chung	Department of Biology, New Mexico State University, Las Cruces, NM, United States of America
6034598	Debora Linhares Lino_de Souza	Departmento de Biolgia Geral, Universidade federal de Vi&#xE7;osa, Vicosa, Brazil
6034598	Kristina Kay_Gonzales	Department of Biology, New Mexico State University, Las Cruces, NM, United States of America
6034598	Immo Alex_Hansen	Department of Biology, New Mexico State University, Las Cruces, NM, United States of America
6099502	Andrzej_Skrobiszewski	Department of Chemistry, Wroclaw University of Environmental and Life Sciences, 50-375 Wroc&#x142;aw, Poland;  (C.W.)
6099502	Witold_G&#x142;adkowski	Department of Chemistry, Wroclaw University of Environmental and Life Sciences, 50-375 Wroc&#x142;aw, Poland;  (C.W.)
6099502	Marcelina_Mazur	Department of Chemistry, Wroclaw University of Environmental and Life Sciences, 50-375 Wroc&#x142;aw, Poland;  (C.W.)
6099502	Maryla_Szczepanik	Department of Invertebrate Zoology, Nicolaus Copernicus University, 87-100 Toru&#x144;, Poland; 
6099502	Gabriela_Maciejewska	Central Laboratory of the Instrumental Analysis, Wroclaw University of Technology, 50-370 Wroclaw, Poland; 
6099502	Czes&#x142;aw_Wawrze&#x144;czyk	Department of Chemistry, Wroclaw University of Environmental and Life Sciences, 50-375 Wroc&#x142;aw, Poland;  (C.W.)
6007831	Kazuki_Shibuya	        Graduate School of Agricultural Science, Tohoku University, Sendai, Miyagi, Japan      
6007831	Shun_Onodera	        Graduate School of Agricultural Science, Tohoku University, Sendai, Miyagi, Japan      
6007831	Masatoshi_Hori	        Graduate School of Agricultural Science, Tohoku University, Sendai, Miyagi, Japan      
6096682	Damian K._Kaczmarek	0000 0001 0729 6922grid.6963.aDepartment of Chemical Technology, Poznan University of Technology, 60-965 Poznan, Poland 
6096682	Kamil_Czerniak	0000 0001 0729 6922grid.6963.aDepartment of Chemical Technology, Poznan University of Technology, 60-965 Poznan, Poland 
6096682	Tomasz_Klejdysz	0000 0001 2180 5359grid.460599.7Institute of Plant Protection - National Research Institute, 60-318 Poznan, Poland 
5925020	Bushra_Riaz	Department of Zoology, Government College University Faisalabad, Faisalabad, Pakistan
5925020	Muhammad Kashif_Zahoor	Department of Zoology, Government College University Faisalabad, Faisalabad, Pakistan
5925020	Muhammad Asif_Zahoor	Department of Microbiology, Government College University Faisalabad, Faisalabad, Pakistan
5925020	Humara Naz_Majeed	Department of Biochemistry, Government College Women University Faisalabad, Faisalabad, Pakistan
5925020	Irum_Javed	Department of Biochemistry, Government College Women University Faisalabad, Faisalabad, Pakistan
5925020	Aftab_Ahmad	Centre of Department of Biochemistry/US-Pakistan Center for Advance Studies in Agriculture and Food Security (USPCAS-AFS), University of Agriculture Faisalabad, Faisalabad, Pakistan
5925020	Farhat_Jabeen	Department of Zoology, Government College University Faisalabad, Faisalabad, Pakistan
5925020	Muhammad_Zulhussnain	Department of Zoology, Government College University Faisalabad, Faisalabad, Pakistan
5925020	Kishwar_Sultana	Department of Zoology, Government College University Faisalabad, Faisalabad, Pakistan
5861404	Maryam_Nemati-Kalkhoran	Department of Plant Protection, Faculty of Agriculture and Natural Resources, University of Mohaghegh Ardabili, Ardabil, Iran
5861404	Jabraeil_Razmjou	Department of Plant Protection, Faculty of Agriculture and Natural Resources, University of Mohaghegh Ardabili, Ardabil, Iran
5861404	Ehsan_Borzoui	Department of Plant Protection, Faculty of Agriculture and Natural Resources, University of Mohaghegh Ardabili, Ardabil, Iran
5861404	Bahram_Naseri	Department of Plant Protection, Faculty of Agriculture and Natural Resources, University of Mohaghegh Ardabili, Ardabil, Iran
5794852	Giulia_Giunti	Department of Agriculture, University &#x201C;Mediterranea&#x201D; of Reggio Calabria, Loc. Feo di Vito, 89122 Reggio, Calabria Italy 
5794852	Vincenzo_Palmeri	Department of Agriculture, University &#x201C;Mediterranea&#x201D; of Reggio Calabria, Loc. Feo di Vito, 89122 Reggio, Calabria Italy 
5794852	Giuseppe Massimo_Algeri	Department of Agriculture, University &#x201C;Mediterranea&#x201D; of Reggio Calabria, Loc. Feo di Vito, 89122 Reggio, Calabria Italy 
5794852	Orlando_Campolo	Department of Agriculture, University &#x201C;Mediterranea&#x201D; of Reggio Calabria, Loc. Feo di Vito, 89122 Reggio, Calabria Italy 
5838081	Alison R._Gerken	1Agricultural Research ServiceCenter for Grain and Animal Health ResearchUSDAManhattanKSUSA
5838081	James F._Campbell	1Agricultural Research ServiceCenter for Grain and Animal Health ResearchUSDAManhattanKSUSA
5681968	Nickolas G._Kavallieratos	Laboratory of Agricultural Zoology and Entomology, Department of Crop Science, Agricultural University of Athens, Athens, Greece
5681968	Christos G._Athanassiou	Laboratory of Entomology and Agricultural Zoology, Department of Agriculture, Crop Production and Rural Environment, University of Thessaly, Volos, Greece
5681968	Raul N. C._Guedes	Departamento de Entomologia, Universidade Federal de Vi&#xE7;osa, Vi&#xE7;osa, Brazil
5681968	Johanna D._Drempela	Laboratory of Agricultural Zoology and Entomology, Department of Crop Science, Agricultural University of Athens, Athens, Greece
5681968	Maria C._Boukouvala	Laboratory of Agricultural Zoology and Entomology, Department of Crop Science, Agricultural University of Athens, Athens, Greece
5795344	Ehsan_Borzoui	Department of Plant Protection, Faculty of Agriculture and Natural Resources, University of Mohaghegh Ardabili, Ardabil, Iran
5795344	Gadir_Nouri-Ganbalani	Department of Plant Protection, Faculty of Agriculture and Natural Resources, University of Mohaghegh Ardabili, Ardabil, Iran
5795344	Bahram_Naseri	Department of Plant Protection, Faculty of Agriculture and Natural Resources, University of Mohaghegh Ardabili, Ardabil, Iran
5623048	B_Naseri	Department of Plant Protection, Faculty of Agriculture and Natural Resources, University of Mohaghegh Ardabili, Ardabil, Iran,
5623048	Z_Abedi	Department of Plant Protection, Faculty of Agriculture and Natural Resources, University of Mohaghegh Ardabili, Ardabil, Iran,
5623048	A_Abdolmaleki	Department of Plant Protection, Faculty of Agriculture and Natural Resources, University of Mohaghegh Ardabili, Ardabil, Iran,
5623048	M_Jafary-Jahed	Department of Plant Protection, Faculty of Agriculture and Natural Resources, University of Mohaghegh Ardabili, Ardabil, Iran,
5623048	E_Borzoui	Department of Plant Protection, Faculty of Agriculture and Natural Resources, University of Mohaghegh Ardabili, Ardabil, Iran,
5623048	Seyed_Mozaffar Mansouri	Department of Biodiversity, Institute of Science and High Technology and Environmental Sciences, Graduate University of Advanced Technology, Kerman, Iran, and
5617159	Farhan Mahmood_Shah	Department of Entomology, Faculty of Agricultural Sciences and Technology, Bahauddin Zakariya University, Multan, Pakistan
5617159	Muhammad_Razaq	Department of Entomology, Faculty of Agricultural Sciences and Technology, Bahauddin Zakariya University, Multan, Pakistan
5617159	Abid_Ali	Department of Entomology, University of Agriculture, Faisalabad, Pakistan
5617159	Peng_Han	INRA (French National Institute for Agricultural Research), Univ. Nice Sophia Antipolis, CNRS, UMR 1355-7254, Institut Sophia Agrobiotech, Sophia Antipolis, France
5617159	Julian_Chen	The State Key Laboratory for Biology of Plant Diseases and Insect Pests, Institute of Plant Protection, Chinese Academy of Agricultural Sciences, Beijing, China
5615285	Farukh_Sharopov	Department of Pharmaceutical Technology, Avicenna Tajik State Medical University, Rudaki 139, Dushanbe 734003, Tajikistan;  (S.Y.)
5615285	Abdujabbor_Valiev	Department of Pharmaceutical Technology, Avicenna Tajik State Medical University, Rudaki 139, Dushanbe 734003, Tajikistan;  (S.Y.)
5615285	Prabodh_Satyal	Department of Chemistry, University of Alabama in Huntsville, Huntsville, AL 35899, USA;  (W.N.S.)
5615285	Isomiddin_Gulmurodov	Department of Pharmaceutical Technology, Avicenna Tajik State Medical University, Rudaki 139, Dushanbe 734003, Tajikistan;  (S.Y.)
5615285	Salomudin_Yusufi	Department of Pharmaceutical Technology, Avicenna Tajik State Medical University, Rudaki 139, Dushanbe 734003, Tajikistan;  (S.Y.)
5615285	William N._Setzer	Department of Chemistry, University of Alabama in Huntsville, Huntsville, AL 35899, USA;  (W.N.S.)
5615285	Michael_Wink	Institute of Pharmacy and Molecular Biotechnology, Heidelberg University, Im Neuenheimer Feld 364, Heidelberg 69120, Germany
5550912	Zuo-Kun_Shi	Hangzhou Key Laboratory of Animal Adaptation and Evolution, College of Life and Environmental Sciences, Hangzhou Normal University, Hangzhou, Zhejiang 310036, China
5550912	Su_Wang	Institute of Plant and Environment Protection, Beijing Academy of Agriculture and Forestry Sciences, Beijing 100089, China
5550912	Shi-Gui_Wang	Hangzhou Key Laboratory of Animal Adaptation and Evolution, College of Life and Environmental Sciences, Hangzhou Normal University, Hangzhou, Zhejiang 310036, China
5550912	Lu_Zhang	Hangzhou Key Laboratory of Animal Adaptation and Evolution, College of Life and Environmental Sciences, Hangzhou Normal University, Hangzhou, Zhejiang 310036, China
5550912	Yan-Xia_Xu	Hangzhou Key Laboratory of Animal Adaptation and Evolution, College of Life and Environmental Sciences, Hangzhou Normal University, Hangzhou, Zhejiang 310036, China
5550912	Xiao-Jun_Guo	Institute of Plant and Environment Protection, Beijing Academy of Agriculture and Forestry Sciences, Beijing 100089, China
5550912	Fan_Zhang	Institute of Plant and Environment Protection, Beijing Academy of Agriculture and Forestry Sciences, Beijing 100089, China
5550912	Bin_Tang	Hangzhou Key Laboratory of Animal Adaptation and Evolution, College of Life and Environmental Sciences, Hangzhou Normal University, Hangzhou, Zhejiang 310036, China
5457428	Masatoshi_Hori	0000 0001 2248 6943grid.69566.3aGraduate School of Agricultural Science, Tohoku University, Sendai, 980-0845 Japan 
5457428	Ayako_Suzuki	0000 0001 2248 6943grid.69566.3aGraduate School of Agricultural Science, Tohoku University, Sendai, 980-0845 Japan 
5397855	Angelica_Plata-Rueda	Instituto de Ci&#xEA;ncias Agr&#xE1;rias, Universidade Federal de Vi&#xE7;osa, 38810-000, Rio Paranaiba, Minas Gerais, Brasil
5397855	Luis Carlos_Mart&#xED;nez	Departamento de Entomologia, Universidade Federal de Vi&#xE7;osa, 36570-000, Vi&#xE7;osa, Minas Gerais, Brasil
5397855	Marcelo Henrique Dos_Santos	Departamento de Qu&#xED;mica, Universidade Federal de Vi&#xE7;osa, 36570-000, Vi&#xE7;osa, Minas Gerais, Brasil
5397855	Fl&#xE1;vio Lemes_Fernandes	Instituto de Ci&#xEA;ncias Agr&#xE1;rias, Universidade Federal de Vi&#xE7;osa, 38810-000, Rio Paranaiba, Minas Gerais, Brasil
5397855	Carlos Frederico_Wilcken	Departamento de Prote&#xE7;&#xE3;o de Plantas, Escola de Ci&#xEA;ncias Agron&#xF4;micas, Universidade Estadual Paulista, 18603-970, Botucatu, Brasil
5397855	Marcus Alvarenga_Soares	Departamento de Agronomia, Universidade Federal dos Vales do Jequitinhonha e Mucuri, 391000-000 Diamantina, Minas Gerais, Brasil
5397855	Jos&#xE9; Eduardo_Serr&#xE3;o	Departamento de Biologia Geral, Universidade Federal de Vi&#xE7;osa, 36570-000, Vi&#xE7;osa, Minas Gerais, Brasil.
5397855	Jos&#xE9; Cola_Zanuncio	Departamento de Entomologia, Universidade Federal de Vi&#xE7;osa, 36570-000, Vi&#xE7;osa, Minas Gerais, Brasil
5634757	Fiaz_Alam	Department of Pharmacy, COMSATS Institute of Information Technology, Abbottabad, 22060, Pakistan
5634757	Qazi Najam_us Saqib	Department of Pharmacy, COMSATS Institute of Information Technology, Abbottabad, 22060, Pakistan
5384167	Awais_Anwar	Ecospray Limited, Grange Farm Hilborough, Thetford, Norfolk IP26 5BT, UK; 
5384167	Emma_Gould	School of Pharmacy, University of East Anglia, Norwich Research Park, Norwich NR4 7TJ, UK;  (C.J.H.)
5384167	Ryan_Tinson	School of Pharmacy, University of East Anglia, Norwich Research Park, Norwich NR4 7TJ, UK;  (C.J.H.)
5384167	Murree_Groom	Ecospray Limited, Grange Farm Hilborough, Thetford, Norfolk IP26 5BT, UK; 
5384167	Chris J._Hamilton	School of Pharmacy, University of East Anglia, Norwich Research Park, Norwich NR4 7TJ, UK;  (C.J.H.)
5143615	Mahmoud F._Elsebai	Department of Pharmacognosy, Faculty of Pharmacy, Mansoura University        Mansoura, Egypt      
5143615	Andrei_Mocan	Department of Pharmaceutical Botany, Iuliu Ha&#x163;ieganu University of Medicine and Pharmacy        Cluj-Napoca, Romania      
5143615	Atanas G._Atanasov	Department of Pharmacognosy, University of Vienna        Vienna, Austria      
5121235	Kang_He	Department of Entomology, College of Plant Protection, Nanjing Agricultural University        Nanjing, China      
5121235	Kejian_Lin	State Key Laboratory for Biology of Plant Diseases and Insect Pests, Institute of Plant Protection, Chinese Academy of Agricultural Sciences        Beijing, China      
5121235	Guirong_Wang	State Key Laboratory for Biology of Plant Diseases and Insect Pests, Institute of Plant Protection, Chinese Academy of Agricultural Sciences        Beijing, China      
5121235	Fei_Li	Department of Entomology, College of Plant Protection, Nanjing Agricultural University        Nanjing, China      
5059451	Corey J. A._Bradshaw	Ecologie, Syst&#xE9;matique et Evolution, Universit&#xE9; Paris-Sud, CNRS, AgroParisTech, Universit&#xE9; Paris-Saclay, 91400 Orsay, France
5059451	Boris_Leroy	Ecologie, Syst&#xE9;matique et Evolution, Universit&#xE9; Paris-Sud, CNRS, AgroParisTech, Universit&#xE9; Paris-Saclay, 91400 Orsay, France
5059451	C&#xE9;line_Bellard	Ecologie, Syst&#xE9;matique et Evolution, Universit&#xE9; Paris-Sud, CNRS, AgroParisTech, Universit&#xE9; Paris-Saclay, 91400 Orsay, France
5059451	David_Roiz	MIVEGEC, Universit&#xE9; de Montpellier-IRD224-CNRS5290, 911 Avenue Agropolis, 34394 Montpellier, France
5059451	C&#xE9;line_Albert	Ecologie, Syst&#xE9;matique et Evolution, Universit&#xE9; Paris-Sud, CNRS, AgroParisTech, Universit&#xE9; Paris-Saclay, 91400 Orsay, France
5059451	Alice_Fournier	Ecologie, Syst&#xE9;matique et Evolution, Universit&#xE9; Paris-Sud, CNRS, AgroParisTech, Universit&#xE9; Paris-Saclay, 91400 Orsay, France
5059451	Morgane_Barbet-Massin	Ecologie, Syst&#xE9;matique et Evolution, Universit&#xE9; Paris-Sud, CNRS, AgroParisTech, Universit&#xE9; Paris-Saclay, 91400 Orsay, France
5059451	Jean-Michel_Salles	Laboratoire Montpellierain d'&#xC9;conomie Th&#xE9;orique et Appliqu&#xE9;e, Centre national de recherche scientifique, Institut national de recherche agronomique, SupAgro, Universit&#xE9; de Montpellier, UPVM3, 34060 Montpellier, France
5059451	Fr&#xE9;d&#xE9;ric_Simard	MIVEGEC, Universit&#xE9; de Montpellier-IRD224-CNRS5290, 911 Avenue Agropolis, 34394 Montpellier, France
5059451	Franck_Courchamp	Ecologie, Syst&#xE9;matique et Evolution, Universit&#xE9; Paris-Sud, CNRS, AgroParisTech, Universit&#xE9; Paris-Saclay, 91400 Orsay, France
5039557	Md. Mahbub_Hasan	Department of Entomology, Kansas State University, 123W. Waters Hall, Manhattan, KS 66506, USA;  (M.J.A.)
5039557	Michael J._Aikins	Department of Entomology, Kansas State University, 123W. Waters Hall, Manhattan, KS 66506, USA;  (M.J.A.)
5039557	Wes_Schilling	Department of Food Science, Nutrition and Health Promotion, Mississippi State University, Starkville, MS 39762, USA; 
5039557	Thomas W._Phillips	Department of Entomology, Kansas State University, 123W. Waters Hall, Manhattan, KS 66506, USA;  (M.J.A.)
5026475	Gadir_Nouri-Ganbalani	Department of Plant Protection, Faculty of Agricultural Sciences, University of Mohaghegh Ardabili, Ardabil, Iran
5026475	Ehsan_Borzoui	Department of Plant Protection, Faculty of Agricultural Sciences, University of Mohaghegh Ardabili, Ardabil, Iran
5026475	Arman_Abdolmaleki	Department of Plant Protection, Faculty of Agricultural Sciences, University of Mohaghegh Ardabili, Ardabil, Iran
5026475	Zahra_Abedi	Department of Plant Protection, Faculty of Agricultural Sciences, University of Mohaghegh Ardabili, Ardabil, Iran
5026475	Shizuo_George Kamita	Department of Entomology and Nematology, College of Agricultural and Environmental Sciences, University of California, Davis, CA
4993809	Slawomir A._Lux	inSilico-IPM        Konstancin-Jeziorna, Poland      
4993809	Andrzej_Wnuk	Department of Applied Entomology, Warsaw University of Life Sciences        Warsaw, Poland      
4993809	Heidrun_Vogt	Julius K&#xFC;hn-Institut, Federal Research Centre for Cultivated Plants, Institute for Plant Protection in Fruit Crops and Viticulture        Dossenheim, Germany      
4993809	Tim_Belien	Department of Zoology, pcfruit vzw        Sint-Truiden, Belgium      
4993809	Andreas_Spornberger	Division of Viticulture and Pomology, University of Natural Resources and Life Sciences        Vienna, Austria      
4993809	Marcin_Studnicki	Department of Experimental Design and Bioinformatics, Warsaw University of Life Sciences        Warsaw, Poland      
5019024	Zhihao_Yi	State Key Laboratory of Crop Stress Biology for Arid Areas (Northwest A&amp;F University)
5019024	Deguang_Liu	State Key Laboratory of Crop Stress Biology for Arid Areas (Northwest A&amp;F University)
5019024	Xiaoning_Cui	State Key Laboratory of Crop Stress Biology for Arid Areas (Northwest A&amp;F University)
5019024	Zheming_Shang	State Key Laboratory of Crop Stress Biology for Arid Areas (Northwest A&amp;F University)
7079678	Mozhgan_Mohammadzadeh	1Department of Plant Protection, Faculty of Agriculture, Vali-e-Asr University of Rafsanjan, Rafsanjan, Iran ()
7079678	Hamzeh_Izadi	1Department of Plant Protection, Faculty of Agriculture, Vali-e-Asr University of Rafsanjan, Rafsanjan, Iran ()
4877002	Emanuela_Ventrella	Department of Sciences, University of Basilicata, Potenza, Italy
4877002	Zbigniew_Adamski	Electron and Confocal Microscope Laboratory, Adam Mickiewicz University, Pozna&#x144;, Poland
4877002	Ewa_Chudzi&#x144;ska	Department of Genetics, Adam Mickiewicz University, Pozna&#x144;, Poland
4877002	Mariola_Mi&#x105;dowicz-Kobielska	Department of Genetics, Adam Mickiewicz University, Pozna&#x144;, Poland
4877002	Pawe&#x142;_Marciniak	Department of Animal Physiology and Developmental Biology, Adam Mickiewicz University, Pozna&#x144;, Poland
4877002	Ender_B&#xFC;y&#xFC;kg&#xFC;zel	Department of Molecular Biology and Genetics, B&#xFC;lent Ecevit University, Zonguldak, Turkey
4877002	Kemal_B&#xFC;y&#xFC;kg&#xFC;zel	Department of Biology, Faculty of Arts and Science, B&#xFC;lent Ecevit University, Zonguldak, Turkey
4877002	Meltem_Erdem	B&#xFC;lent Ecevit University Ahmet Erdo&#x11F;an Vocational School of Health Services, Zonguldak, Turkey
4877002	Patrizia_Falabella	Department of Sciences, University of Basilicata, Potenza, Italy
4877002	Laura_Scrano	Department of European and Mediterranean Cultures, University of Basilicata, Matera, Italy
4877002	Sabino Aurelio_Bufo	Department of Sciences, University of Basilicata, Potenza, Italy
4938854	Beata_Wielkopolan	Department of Agrophages&#x2019; Forecasting Methods and Agricultural Economic, Institute of Plant Protection, National Research Institute, Poznan, Poland 
4938854	Aleksandra_Obr&#x119;palska-St&#x119;plowska	Interdepartmental Laboratory of Molecular Biology, Institute of Plant Protection, National Research Institute, Poznan, Poland 
4810205	Szymon_Chowa&#x144;ski	Department of Animal Physiology and Development, Faculty of Biology, Adam Mickiewicz University, Umultowska 89 Str., Pozna&#x144;, 61-614, Poland;  (G.R.)
4810205	Zbigniew_Adamski	Department of Animal Physiology and Development, Faculty of Biology, Adam Mickiewicz University, Umultowska 89 Str., Pozna&#x144;, 61-614, Poland;  (G.R.)
4810205	Pawe&#x142;_Marciniak	Department of Animal Physiology and Development, Faculty of Biology, Adam Mickiewicz University, Umultowska 89 Str., Pozna&#x144;, 61-614, Poland;  (G.R.)
4810205	Grzegorz_Rosi&#x144;ski	Department of Animal Physiology and Development, Faculty of Biology, Adam Mickiewicz University, Umultowska 89 Str., Pozna&#x144;, 61-614, Poland;  (G.R.)
4810205	Ender_B&#xFC;y&#xFC;kg&#xFC;zel	Department of Molecular Biology and Genetics, Faculty of Arts and Science, Bulent Ecevit University, Zonguldak, 67100, Turkey; 
4810205	Kemal_B&#xFC;y&#xFC;kg&#xFC;zel	Department of Biology, Faculty of Arts and Science, Bulent Ecevit University, Zonguldak, 67100, Turkey; 
4810205	Patrizia_Falabella	Department of Science, University of Basilicata, Via dellAteneo Lucano 10, Potenza, 85100, Italy;  (S.A.B.)
4810205	Laura_Scrano	Department of European Culture, University of Basilicata, Via S. Rocco 1, Matera, 75100, Italy; 
4810205	Emanuela_Ventrella	Department of Science, University of Basilicata, Via dellAteneo Lucano 10, Potenza, 85100, Italy;  (S.A.B.)
4810205	Filomena_Lelario	Department of Science, University of Basilicata, Via dellAteneo Lucano 10, Potenza, 85100, Italy;  (S.A.B.)
4810205	Sabino A._Bufo	Department of Science, University of Basilicata, Via dellAteneo Lucano 10, Potenza, 85100, Italy;  (S.A.B.)
4768669	Tiyyabah_Khan	Faculty of Life Sciences, Institute of Agricultural Sciences, University of the Punjab, Lahore, Pakistan
4768669	Ahmad Ali_Shahid	Faculty of Life Sciences, Institute of Agricultural Sciences, University of the Punjab, Lahore, Pakistan
4768669	Hafiz Azhar Ali_Khan	Faculty of Life Sciences, Institute of Agricultural Sciences, University of the Punjab, Lahore, Pakistan
4754681	Zi-Hua_Zhao	Department of Entomology, College of Plant Protection, China Agricultural University, Beijing 100193, China
4754681	Bing-Yi_Cui	Department of Entomology, College of Plant Protection, China Agricultural University, Beijing 100193, China
4754681	Zhi-Hong_Li	Department of Entomology, College of Plant Protection, China Agricultural University, Beijing 100193, China
4754681	Fan_Jiang	Department of Entomology, College of Plant Protection, China Agricultural University, Beijing 100193, China
4754681	Qian-Qian_Yang	Department of Entomology, College of Plant Protection, China Agricultural University, Beijing 100193, China
4754681	Zuzana_Ku&#x10D;erov&#xE1;	Crop Research Institute, Drnovsk&#xE1; 507, 161 06 Prague 6, Czech Republic
4754681	V&#xE1;clav_Stejskal	Crop Research Institute, Drnovsk&#xE1; 507, 161 06 Prague 6, Czech Republic
4754681	George_Opit	Department of Entomology and Plant Pathology, 127 Noble Research Center, Oklahoma State University, Stillwater, OK 74078, USA
4754681	Yang_Cao	Academy of State Administration of Grain, Beijing 100037, China
4754681	Fu-Jun_Li	Academy of State Administration of Grain, Beijing 100037, China
4636395	Titik_Kartika	Research Centre for Biomaterials, Indonesian Institute of Sciences, West Java, Indonesia
4636395	Nobuhiro_Shimizu	Faculty of Bioenvironmental Science, Kyoto Gakuen University, Kameoka, Japan
4636395	Tsuyoshi_Yoshimura	Research Institute for Sustainable Humanosphere, Kyoto University, Gokasho, Uji, Japan
4546268	Jianhua_L&#xFC;	School of Food Science and Technology, Henan University of Technology, Lianhua Street, Zhengzhou High-Tech Development Zone, Zhengzhou, 450001, Henan, China
4546268	Dan_Ma	School of Food Science and Technology, Henan University of Technology, Lianhua Street, Zhengzhou High-Tech Development Zone, Zhengzhou, 450001, Henan, China
5533162	Bhuwan K._Chhetri	Department of Chemistry, University of Alabama in Huntsville, Huntsville, AL 35899, USA; E-Mail: 
5533162	Nasser A._Awadh Ali	Pharmacognosy Department, Faculty of Pharmacy, Sana&#x2019;a University, P.O. Box 13150 Sana&#x2019;a, Yemen
5533162	William N._Setzer	Department of Chemistry, University of Alabama in Huntsville, Huntsville, AL 35899, USA; E-Mail: 
4535495	Joanna_Guzik	Department of Animal Physiology and Ecotoxicology, University of Silesia, Bankowa 9, PL 40-007 Katowice, Poland
4535495	Miros&#x142;aw_Nakonieczny	Department of Animal Physiology and Ecotoxicology, University of Silesia, Bankowa 9, PL 40-007 Katowice, Poland
4535495	Monika_Tarnawska	Department of Animal Physiology and Ecotoxicology, University of Silesia, Bankowa 9, PL 40-007 Katowice, Poland
4535495	Pawe&#x142; K._Bere&#x15B;	Institute of Plant Protection National Research Institute, Regional Experimental Station, M. Langiewicza 28, PL 35-101 Rzesz&#xF3;w, Poland
4535495	S&#x142;awomir_Drzewiecki	Institute of Plant Protection National Research Institute, So&#x15B;nicowice Branch, Gliwicka 29, PL 44-153 So&#x15B;nicowice, Poland
4535495	Pawe&#x142;_Migula	Department of Animal Physiology and Ecotoxicology, University of Silesia, Bankowa 9, PL 40-007 Katowice, Poland
4377858	Stefan_Dippel	Department of Developmental Biology, Georg-August-University Goettingen, Johann-Friedrich-Blumenbach-Institute for Zoology and Anthropology, GZMB, Ernst-Caspari-Haus, Justus-von-Liebig-Weg 11, Goettingen, 37077 Germany 
4377858	Georg_Oberhofer	Department of Developmental Biology, Georg-August-University Goettingen, Johann-Friedrich-Blumenbach-Institute for Zoology and Anthropology, GZMB, Ernst-Caspari-Haus, Justus-von-Liebig-Weg 11, Goettingen, 37077 Germany 
4377858	J&#xF6;rg_Kahnt	MPI for Terrestrial Microbiology, Karl-von-Frisch-Stra&#xDF;e 10, Marburg, D-35043 Germany 
4377858	Lizzy_Gerischer	Institute for Mathematics and Computer Science, University of Greifswald, Walther-Rathenau-Stra&#xDF;e 47, Greifswald, D-17487 Germany 
4377858	Lennart_Opitz	Functional Genomics Center Zurich, Winterthurerstr. 190, Zurich, 8057 Switzerland 
4377858	Joachim_Schachtner	Department of Biology - Animal Physiology, Philipps-University Marburg, Karl-von-Frisch-Str. 8, Marburg, 35032 Germany 
4377858	Mario_Stanke	Institute for Mathematics and Computer Science, University of Greifswald, Walther-Rathenau-Stra&#xDF;e 47, Greifswald, D-17487 Germany 
4377858	Stefan_Sch&#xFC;tz	Department of Forest Zoology and Forest Conservation, Buesgen-Institute, Georg-August-University Goettingen, Buesgenweg 3, Goettingen, 37077 Germany 
4377858	Ernst A_Wimmer	Department of Developmental Biology, Georg-August-University Goettingen, Johann-Friedrich-Blumenbach-Institute for Zoology and Anthropology, GZMB, Ernst-Caspari-Haus, Justus-von-Liebig-Weg 11, Goettingen, 37077 Germany 
4377858	Sergio_Angeli	Department of Forest Zoology and Forest Conservation, Buesgen-Institute, Georg-August-University Goettingen, Buesgenweg 3, Goettingen, 37077 Germany 
4260232	Masatoshi_Hori	Graduate School of Agricultural Science, Tohoku University, Sendai 981-8555, Japan
4260232	Kazuki_Shibuya	Graduate School of Agricultural Science, Tohoku University, Sendai 981-8555, Japan
4260232	Mitsunari_Sato	Graduate School of Agricultural Science, Tohoku University, Sendai 981-8555, Japan
4260232	Yoshino_Saito	Graduate School of Agricultural Science, Tohoku University, Sendai 981-8555, Japan
4212854	Foroogh Rahimi_Namin	Department of Plant Protection, Faculty of Agriculture, University of Mohaghegh Ardabili, Ardabil, Iran
4212854	Bahram_Naseri	Department of Plant Protection, Faculty of Agriculture, University of Mohaghegh Ardabili, Ardabil, Iran
4212854	Jabraeil_Razmjou	Department of Plant Protection, Faculty of Agriculture, University of Mohaghegh Ardabili, Ardabil, Iran
4212854	Allen_Cohen	Department of Plant Protection, Faculty of Agriculture, University of Mohaghegh Ardabili, Ardabil, Iran
4113818	Youngju_Kim	Biotechnology Research Center and Department of Biotechnology, Toyama Prefectural University, 5180 Kurokawa, Imizu, Toyama 939-0398, Japan; E-Mails:  (H.O.)
4113818	Hiromu_Ogura	Biotechnology Research Center and Department of Biotechnology, Toyama Prefectural University, 5180 Kurokawa, Imizu, Toyama 939-0398, Japan; E-Mails:  (H.O.)
4113818	Kazuaki_Akasaka	Shokei Gakuin University, 4-10-1 Yurigaoka, Natori, Miyagi 981-1295, Japan; E-Mail: 
4113818	Tsutomu_Oikawa	School of Nutrition and Dietetics, Kanagawa University of Human Services, 1-10-1 Heisei-cho, Yokosuka, Kanagawa 238-8566, Japan; E-Mail: 
4113818	Nobuyasu_Matsuura	Okayama University of Science, 1-1 Ridai-cho, Okayama, Okayama 700-0005, Japan; E-Mail: 
4113818	Chiaki_Imada	Tokyo University of Marine Science and Technology, 4-5-7 Konan, Minato-ku, Tokyo 108-8477, Japan; E-Mail: 
4113818	Hisato_Yasuda	Center for Advanced Marine Core Research, Kochi University, B200 Monobe, Nankoku, Kochi 783-8502, Japan; E-Mail: 
4113818	Yasuhiro_Igarashi	Biotechnology Research Center and Department of Biotechnology, Toyama Prefectural University, 5180 Kurokawa, Imizu, Toyama 939-0398, Japan; E-Mails:  (H.O.)
6270930	Vincenzo_Piccialli	Dipartimento di Scienze Chimiche, Universit&#xE0; degli Studi di Napoli &#x201C;Federico II&#x201D;, Via Cintia 4, 80126, Napoli, Italy; E-Mail: ; Tel.: +39-081-674111; Fax: +39-081-674393
4016846	Wael M._Ibrahim	Botany Department, Faculty of Science, Fayoum University, Fayoum, Egypt
4016846	Mohamed A._Karam	Botany Department, Faculty of Science, Fayoum University, Fayoum, Egypt
4016846	Reda M._El-Shahat	Agricultural Research Center, Ministry of Agriculture, Egypt
4016846	Asmaa A._Adway	Botany Department, Faculty of Science, Fayoum University, Fayoum, Egypt
3958911	Ming-Zhe_Hou	Key Laboratory of Entomology and Pest Control Engineering, College of Plant Protection, Southwest University, Chongqing 400716, China; E-Mails:  (W.D.)
3958911	Guang-Mao_Shen	Key Laboratory of Entomology and Pest Control Engineering, College of Plant Protection, Southwest University, Chongqing 400716, China; E-Mails:  (W.D.)
3958911	Dong_Wei	Key Laboratory of Entomology and Pest Control Engineering, College of Plant Protection, Southwest University, Chongqing 400716, China; E-Mails:  (W.D.)
3958911	Ya-Li_Li	Key Laboratory of Entomology and Pest Control Engineering, College of Plant Protection, Southwest University, Chongqing 400716, China; E-Mails:  (W.D.)
3958911	Wei_Dou	Key Laboratory of Entomology and Pest Control Engineering, College of Plant Protection, Southwest University, Chongqing 400716, China; E-Mails:  (W.D.)
3958911	Jin-Jun_Wang	Key Laboratory of Entomology and Pest Control Engineering, College of Plant Protection, Southwest University, Chongqing 400716, China; E-Mails:  (W.D.)
5634134	Yan_Wang	1Xinjiang Key Laboratory of Biological Resources and Genetic Engineering, College of Life Science and Technology, Xinjiang University, 14 Shengli Road, Urumqi 830046, China
5634134	Meng_Shi	1Xinjiang Key Laboratory of Biological Resources and Genetic Engineering, College of Life Science and Technology, Xinjiang University, 14 Shengli Road, Urumqi 830046, China
5634134	Xiaojuan_Hou	1Xinjiang Key Laboratory of Biological Resources and Genetic Engineering, College of Life Science and Technology, Xinjiang University, 14 Shengli Road, Urumqi 830046, China
5634134	Shanshan_Meng	1Xinjiang Key Laboratory of Biological Resources and Genetic Engineering, College of Life Science and Technology, Xinjiang University, 14 Shengli Road, Urumqi 830046, China
5634134	Fuchun_Zhang	1Xinjiang Key Laboratory of Biological Resources and Genetic Engineering, College of Life Science and Technology, Xinjiang University, 14 Shengli Road, Urumqi 830046, China
5634134	Ji_Ma	1Xinjiang Key Laboratory of Biological Resources and Genetic Engineering, College of Life Science and Technology, Xinjiang University, 14 Shengli Road, Urumqi 830046, China
5634054	Waqas_Wakil	1Department of Entomology, University of Agriculture, Faisalabad, Pakistan
5634054	Muhammad_Usman Ghazanfar	2Department of Plant Pathology, University College of Agriculture, University of Sargodha, Pakistan
5634054	Muhammad_Yasin	1Department of Entomology, University of Agriculture, Faisalabad, Pakistan
3867112	Gianluca_Nardi	MiPAAF, Corpo Forestale dello Stato, Centro Nazionale per lo Studio e la Conservazione della Biodiversit&#xE0; Forestale &#x201C;Bosco Fontana&#x201D; di Verona, Sede di Bosco Fontana, Strada Mantova 29, I-46045 Marmirolo (MN), Italy
3867112	Ji&#x159;&#xED;_H&#xE1;va	Department of Forest Protection and Entomology, Faculty of Forestry and Wood Sciences, Czech University of Life Sciences, Kam&#xFD;ck&#xE1; 1176, CZ-165 21, Prague 6 - Suchdol, Czech Republic
3787011	Antonio_Biondi	Department of Agri-food and Environmental Systems Management, University of Catania, Catania, Italy
3787011	Lucia_Zappal&#xE0;	Department of Agri-food and Environmental Systems Management, University of Catania, Catania, Italy
3787011	John D._Stark	Departments of Entomology-Puyallup Research and Extension Center, Washington State University, Puyallup, Washington, United States of America
3787011	Nicolas_Desneux	French National Institute for Agricultural Research (INRA), Sophia-Antipolis, France
4745510	Ipsita_Das	Department of Electrical Engineering, Indian Institute of Technology, Bombay, Powai, Mumbai 400076, India
4745510	Girish_Kumar	Department of Electrical Engineering, Indian Institute of Technology, Bombay, Powai, Mumbai 400076, India
4745510	Narendra G._Shah	Centre for Technology Alternatives for Rural Areas, Indian Institute of Technology, Bombay, Powai, Mumbai 400076, India
3677405	Ji&#x159;&#xED;_H&#xE1;va	Department of Forest Protection and Entomology, Faculty of Forestry and Wood Sciences, Czech University of Life Sciences, Kam&#xFD;ck&#xE1; 129, CZ-165 21, Prague 6 - Suchdol, Czech Republic
3677405	Tom&#xE1;&#x161;_Lackner	Department of Forest Protection and Entomology, Faculty of Forestry and Wood Sciences, Czech University of Life Sciences, Kam&#xFD;ck&#xE1; 129, CZ-165 21, Prague 6 - Suchdol, Czech Republic
3677405	Jana_Mazancov&#xE1;	Institute for Tropics and Subtropics, Czech University of Life Sciences, Kam&#xFD;ck&#xE1; 129, CZ-165 21, Prague 6 - Suchdol, Czech Republic
6268320	Pedro M. de Mendon&#xE7;a_Rocha	Departamento de Qu&#xED;mica, Unidade I&amp;D Materiais T&#xEA;xteis e do Papel, Universidade da Beira Interior, 6201-001 Covilh&#xE3;, Portugal
6268320	Jesus M._Rodilla	Departamento de Qu&#xED;mica, Unidade I&amp;D Materiais T&#xEA;xteis e do Papel, Universidade da Beira Interior, 6201-001 Covilh&#xE3;, Portugal
6268320	David_D&#xED;ez	Departamento de Qu&#xED;mica Org&#xE1;nica, Universidad de Salamanca, Plaza de los Ca&#xED;dos 1-5, 37008 Salamanca, Spain
6268320	Heriberto_Elder	Departamento de Ingenier&#xED;a Qu&#xED;mica, Facultad de Ingenier&#xED;a Qu&#xED;mica, Universidad Nacional del Litoral, CP 3000, Santa Fe, Argentina
6268320	Maria Silvia_Guala	Departamento de Ingenier&#xED;a Qu&#xED;mica, Facultad de Ingenier&#xED;a Qu&#xED;mica, Universidad Nacional del Litoral, CP 3000, Santa Fe, Argentina
6268320	L&#xFA;cia A._Silva	Departamento de Qu&#xED;mica, Unidade I&amp;D Materiais T&#xEA;xteis e do Papel, Universidade da Beira Interior, 6201-001 Covilh&#xE3;, Portugal
6268320	Eunice Baltazar_Pombo	Departamento de Qu&#xED;mica, Unidade I&amp;D Materiais T&#xEA;xteis e do Papel, Universidade da Beira Interior, 6201-001 Covilh&#xE3;, Portugal
3435288	Dean R._Paini	Cooperative Research Centre for National Plant Biosecurity, Bruce, Australia
3435288	Denys_Yemshanov	Natural Resources Canada, Canadian Forest Service, Great Lakes Forestry Centre, Sault Ste. Marie, Ontario, Canada
3460780	Guillaume_Tetreau	Laboratoire d&#x2019;Ecologie Alpine, LECA-UMR 5553, Universit&#xE9; de Grenoble 1, BP 53, 38041, Grenoble cedex 09, France
3460780	Krishnareddy_Bayyareddy	Department of Entomology, University of Georgia, Athens, GA, 30602-2603, USA
3460780	Christopher M_Jones	Vector Group, Liverpool School of Tropical Medicine, Liverpool, L3 5QA, UK
3460780	Renaud_Stalinski	Laboratoire d&#x2019;Ecologie Alpine, LECA-UMR 5553, Universit&#xE9; de Grenoble 1, BP 53, 38041, Grenoble cedex 09, France
3460780	Muhammad A_Riaz	Laboratoire d&#x2019;Ecologie Alpine, LECA-UMR 5553, Universit&#xE9; de Grenoble 1, BP 53, 38041, Grenoble cedex 09, France
3460780	Margot_Paris	Laboratoire d&#x2019;Ecologie Alpine, LECA-UMR 5553, Universit&#xE9; de Grenoble 1, BP 53, 38041, Grenoble cedex 09, France
3460780	Jean-Philippe_David	Laboratoire d&#x2019;Ecologie Alpine, LECA-UMR 5553, Universit&#xE9; de Grenoble 1, BP 53, 38041, Grenoble cedex 09, France
3460780	Michael J_Adang	Department of Entomology, University of Georgia, Athens, GA, 30602-2603, USA
3460780	Laurence_Despr&#xE9;s	Laboratoire d&#x2019;Ecologie Alpine, LECA-UMR 5553, Universit&#xE9; de Grenoble 1, BP 53, 38041, Grenoble cedex 09, France
3346752	Aly S._Derbalah	Pesticides Department, Faculty of Agriculture, Kafr El-Sheikh University, Kafr El-Sheikh 33516, Egypt
3337057	Reginald P._Webster	Natural Resources Canada, Canadian Forest Service - Atlantic Forestry Centre, 1350 Regent St., P.O. Box 4000, Fredericton, NB, Canada E3B 5P7
3337057	Jon D._Sweeney	Natural Resources Canada, Canadian Forest Service - Atlantic Forestry Centre, 1350 Regent St., P.O. Box 4000, Fredericton, NB, Canada E3B 5P7
3337057	Ian_DeMerchant	Natural Resources Canada, Canadian Forest Service - Atlantic Forestry Centre, 1350 Regent St., P.O. Box 4000, Fredericton, NB, Canada E3B 5P7
3337057	Martin_Turgeon	24 Rue Angers, Saint-Basile, New Brunswick, Canada E7C 1V1
3312420	Vytautas_Tamutis	Kaunas T. Ivanauskas Zoological Museum, Laisv&#x117;s al. 106, LT-44253 Kaunas, Lithuania
3312420	Brigita_Tamut&#x117;	Kaunas T. Ivanauskas Zoological Museum, Laisv&#x117;s al. 106, LT-44253 Kaunas, Lithuania
3312420	Romas_Ferenca	Kaunas T. Ivanauskas Zoological Museum, Laisv&#x117;s al. 106, LT-44253 Kaunas, Lithuania
2637264	Alicia N Lorenzo_Figueiras	Laboratorio de Fisiolog&#xED;a de Insectos, Dpto. Biodiversidad y Biolog&#xED;a Experimental, Universidad de Buenos Aires, Ciudad Universitaria, Pabell&#xF3;n II, Ciudad Universitaria, 1428 Buenos Aires, Argentina
2637264	Juan R_Girotti	Instituto de Investigaciones Bioqu&#xED;micas de La Plata (CCT La Plata-CONICET-UNLP), Facultad de Ciencias M&#xE9;dicas, calles 60 y 120 1&#xB0; piso, CP 1900, La Plata, Argentina
2637264	Sergio J_Mijailovsky	Instituto de Investigaciones Bioqu&#xED;micas de La Plata (CCT La Plata-CONICET-UNLP), Facultad de Ciencias M&#xE9;dicas, calles 60 y 120 1&#xB0; piso, CP 1900, La Plata, Argentina
2637264	M Patricia_Ju&#xE1;rez	Instituto de Investigaciones Bioqu&#xED;micas de La Plata (CCT La Plata-CONICET-UNLP), Facultad de Ciencias M&#xE9;dicas, calles 60 y 120 1&#xB0; piso, CP 1900, La Plata, Argentina
1686292	Mukta_Jain	Department of Chemistry, Seth G. B. Podar College, Nawalgarh, Jhunjhunu, Rajasthan-333042, India
1686292	R. V._Singh	Department of Chemistry, University of Rajasthan, Jaipur-302004, India
