pmcid	forename_lastname	affiliation
7382497	Philip J._Lester	0000 0001 2292 3111grid.267827.eSchool of Biological Sciences, Victoria University of Wellington, PO Box 600, Wellington, New Zealand 
7382497	Mariana_Bulgarella	0000 0001 2292 3111grid.267827.eSchool of Biological Sciences, Victoria University of Wellington, PO Box 600, Wellington, New Zealand 
7382497	James W._Baty	0000 0001 2292 3111grid.267827.eSchool of Biological Sciences, Victoria University of Wellington, PO Box 600, Wellington, New Zealand 
7382497	Peter K._Dearden	0000 0004 1936 7830grid.29980.3aGenomics Aotearoa and Biochemistry Department, University of Otago, Dunedin, New Zealand 
7382497	Joseph_Guhlin	0000 0004 1936 7830grid.29980.3aGenomics Aotearoa and Biochemistry Department, University of Otago, Dunedin, New Zealand 
7382497	John M._Kean	0000 0001 2110 5328grid.417738.eAgResearch Limited, Hamilton, 3240 New Zealand 
7347709	Simon_Blank	grid.6936.a0000000123222966Center of Allergy and Environment (ZAUM), School of Medicine and Helmholtz Center Munich, German Research Center for Environmental Health, Member of the German Center of Lung Research (DZL), Technical University of Munich, Ingolst&#xE4;dter Landstra&#xDF;e 1, 85764 Munich, Germany 
7347709	Murilo Luiz_Bazon	grid.6936.a0000000123222966Center of Allergy and Environment (ZAUM), School of Medicine and Helmholtz Center Munich, German Research Center for Environmental Health, Member of the German Center of Lung Research (DZL), Technical University of Munich, Ingolst&#xE4;dter Landstra&#xDF;e 1, 85764 Munich, Germany 
7347709	Johannes_Grosch	grid.6936.a0000000123222966Center of Allergy and Environment (ZAUM), School of Medicine and Helmholtz Center Munich, German Research Center for Environmental Health, Member of the German Center of Lung Research (DZL), Technical University of Munich, Ingolst&#xE4;dter Landstra&#xDF;e 1, 85764 Munich, Germany 
7347709	Carsten B._Schmidt-Weber	grid.6936.a0000000123222966Center of Allergy and Environment (ZAUM), School of Medicine and Helmholtz Center Munich, German Research Center for Environmental Health, Member of the German Center of Lung Research (DZL), Technical University of Munich, Ingolst&#xE4;dter Landstra&#xDF;e 1, 85764 Munich, Germany 
7347709	M&#xE1;rcia Regina_Brochetto-Braga	grid.410543.70000 0001 2188 478XDepartment of General and Applied Biology, Biosciences Institute, Sao Paulo State University, Rio Claro, S&#xE3;o Paulo Brazil 
7347709	Maria Beatrice_Bil&#xF2;	grid.7010.60000 0001 1017 3210Department of Clinical and Molecular Sciences, Ancona and Allergy Unit, Department of Internal Medicine, University Hospital of Ancona, Polytechnic University of Marche, Ancona, Italy 
7347709	Thilo_Jakob	grid.8664.c0000 0001 2165 8627Experimental Dermatology and Allergy Research Group, Department of Dermatology and Allergology, Justus-Liebig-University Gie&#xDF;en, Giessen, Germany 
7354477	Andrea_Highfield	The Marine Biological Association of the United Kingdom, Citadel Hill, Plymouth PL1 2PB, UK;  (S.H.)
7354477	Jessica_Kevill	School of Environmental and Life Sciences, The University of Salford, Manchester M5 4WT, UK;  (S.J.M.)
7354477	Gideon_Mordecai	The Marine Biological Association of the United Kingdom, Citadel Hill, Plymouth PL1 2PB, UK;  (S.H.)
7354477	Jade_Hunt	The Marine Biological Association of the United Kingdom, Citadel Hill, Plymouth PL1 2PB, UK;  (S.H.)
7354477	Summer_Henderson	The Marine Biological Association of the United Kingdom, Citadel Hill, Plymouth PL1 2PB, UK;  (S.H.)
7354477	Daniel_Sauvard	INRAE UR633 Zoologie Foresti&#xE8;re, 45075 Orl&#xE9;ans, France; 
7354477	John_Feltwell	Wildlife Matters Consultancy Unit, Battle, East Sussex TN33 9BN, UK; 
7354477	Stephen J._Martin	School of Environmental and Life Sciences, The University of Salford, Manchester M5 4WT, UK;  (S.J.M.)
7354477	Seirian_Sumner	Centre for Biodiversity and Environment Research, University College London, Gower Street, London WC1E 6BT, UK; 
7354477	Declan C._Schroeder	The Marine Biological Association of the United Kingdom, Citadel Hill, Plymouth PL1 2PB, UK;  (S.H.)
7270585	Orlando_Ya&#xF1;ez	Institute of Bee Health, Vetsuisse Faculty, University of Bern, Bern, Switzerland
7270585	Niels_Piot	Laboratory of Agrozoology, Department of Plants and Crops, Faculty of Bioscience Engineering, Ghent University, Ghent, Belgium
7270585	Anne_Dalmon	INRAE, Unit&#xE9; de Recherche Abeilles et Environnement, Avignon, France
7270585	Joachim R._de Miranda	Department of Ecology, Swedish University of Agricultural Sciences, Uppsala, Sweden
7270585	Panuwan_Chantawannakul	Environmental Science Research Center, Faculty of Science, Chiang Mai University, Chiang Mai, Thailand
7270585	Delphine_Panziera	General Zoology, Institute for Biology, Martin-Luther-University of Halle-Wittenberg, Halle (Saale), Germany
7270585	Esmaeil_Amiri	Department of Biology, University of North Carolina at Greensboro, Greensboro, NC, United States
7270585	Guy_Smagghe	Laboratory of Agrozoology, Department of Plants and Crops, Faculty of Bioscience Engineering, Ghent University, Ghent, Belgium
7270585	Declan_Schroeder	Department of Veterinary Population Medicine, College of Veterinary Medicine, University of Minnesota, Saint Paul, MN, United States
7270585	Nor_Chejanovsky	Entomology Department, Institute of Plant Protection, The Volcani Center, Rishon LeZion, Israel
7290573	Cintia Akemi_Oi	Laboratory of Socioecology and Social Evolution, KU Leuven, 3000 Leuven, Belgium
7290573	Robert L._Brown	Manaaki Whenua&#x2014;Landcare Research, P.O. Box 69040, Lincoln 7640, New Zealand
7290573	Ian_Stevens	Laboratory of Socioecology and Social Evolution, KU Leuven, 3000 Leuven, Belgium
7290573	Tom_Wenseleers	Laboratory of Socioecology and Social Evolution, KU Leuven, 3000 Leuven, Belgium
7232509	Rhys_Parry	Australian Infectious Diseases Research Centre, School of Biological Sciences, The University of Queensland, Brisbane, QLD 4072, Australia;  (S.A.)
7232509	Fanny_Naccache	Institute for Parasitology, University of Veterinary Medicine Hannover, 30559 Hannover, Germany; 
7232509	El Hadji_Ndiaye	Pole de Zoologie M&#xE9;dicale, Institut Pasteur de Dakar, Dakar BP 220, Senegal;  (M.D.)
7232509	Gamou_Fall	Pole de Virologie, Unit&#xE9; des Arbovirus et Virus de Fi&#xE8;vres H&#xE9;morragiques, Institut Pasteur de Dakar, Dakar BP 220, Senegal; 
7232509	Ilaria_Castelli	Arboviruses and Insect Vectors, Department of Virology, Institut Pasteur, 75724 Paris, France;  (A.-B.F.)
7232509	Renke_L&#xFC;hken	Faculty of Mathematics, Informatics and Natural Sciences, Universi&#xE4;t Hamburg, 20148 Hamburg, Germany;  (E.S.)
7232509	Jolyon_Medlock	Health Protection Research Unit in Emerging and Zoonotic Infection, Public Health England, Porton Down, Salisbury SP4 0JG, UK; 
7232509	Benjamin_Cull	Medical Entomology &amp; Zoonoses Ecology, Emergency Response Department Science &amp; Technology, Public Health England, Porton Down, Salisbury SP4 0JG, UK;  or 
7232509	Jenny C._Hesson	Department of Medical Biochemistry and Microbiology/Zoonosis Science Center, Uppsala University, 75237 Uppsala, Sweden; 
7232509	Fabrizio_Montarsi	Laboratory of Parasitology, Istituto Zooprofilattico Sperimentale delle Venezie, 35020 Legnaro (Padua), Italy; 
7232509	Anna-Bella_Failloux	Arboviruses and Insect Vectors, Department of Virology, Institut Pasteur, 75724 Paris, France;  (A.-B.F.)
7232509	Alain_Kohl	MRC-University of Glasgow Centre for Virus Research, Glasgow G61 1QH, UK; 
7232509	Esther_Schnettler	Faculty of Mathematics, Informatics and Natural Sciences, Universi&#xE4;t Hamburg, 20148 Hamburg, Germany;  (E.S.)
7232509	Mawlouth_Diallo	Pole de Zoologie M&#xE9;dicale, Institut Pasteur de Dakar, Dakar BP 220, Senegal;  (M.D.)
7232509	Sassan_Asgari	Australian Infectious Diseases Research Centre, School of Biological Sciences, The University of Queensland, Brisbane, QLD 4072, Australia;  (S.A.)
7232509	Isabelle_Dietrich	The Pirbright Institute, Pirbright GU24 0NF, UK
7232509	Stefanie C._Becker	Institute for Parasitology, University of Veterinary Medicine Hannover, 30559 Hannover, Germany; 
7150836	Jana_Dobelmann	School of Biological Sciences, Victoria University of Wellington, Wellington 6012, New Zealand;  (P.J.L.)
7150836	Antoine_Felden	School of Biological Sciences, Victoria University of Wellington, Wellington 6012, New Zealand;  (P.J.L.)
7150836	Philip J._Lester	School of Biological Sciences, Victoria University of Wellington, Wellington 6012, New Zealand;  (P.J.L.)
6955951	Anamika_Sharma	Montana State University, Western Triangle Agricultural Research Center, 9546 Old Shelby Rd, P.O. Box 656, Conrad, MT 59425, USA;  (R.K.S.)
6955951	Ramandeep Kaur_Sandhi	Montana State University, Western Triangle Agricultural Research Center, 9546 Old Shelby Rd, P.O. Box 656, Conrad, MT 59425, USA;  (R.K.S.)
6955951	Gadi V. P._Reddy	USDA-ARS, Southern Insect Management Research Unit, 141 Experiment Station Road, P.O. Box 346, Stoneville, MS 38776, USA
6805011	Eugene V._Ryabov	Bee Research Laboratory, Beltsville Agricultural Research Center, Agricultural Research Service, USDA, Beltsville, Maryland, United States of America
6805011	Anna K._Childers	Bee Research Laboratory, Beltsville Agricultural Research Center, Agricultural Research Service, USDA, Beltsville, Maryland, United States of America
6805011	Dawn_Lopez	Bee Research Laboratory, Beltsville Agricultural Research Center, Agricultural Research Service, USDA, Beltsville, Maryland, United States of America
6805011	Kyle_Grubbs	Bee Research Laboratory, Beltsville Agricultural Research Center, Agricultural Research Service, USDA, Beltsville, Maryland, United States of America
6805011	Francisco_Posada-Florez	Bee Research Laboratory, Beltsville Agricultural Research Center, Agricultural Research Service, USDA, Beltsville, Maryland, United States of America
6805011	Daniel_Weaver	Bee Research Laboratory, Beltsville Agricultural Research Center, Agricultural Research Service, USDA, Beltsville, Maryland, United States of America
6805011	William_Girten	Bee Research Laboratory, Beltsville Agricultural Research Center, Agricultural Research Service, USDA, Beltsville, Maryland, United States of America
6805011	Dennis_vanEngelsdorp	Department of Entomology, University of Maryland, College Park, Maryland, United States of America
6805011	Yanping_Chen	Bee Research Laboratory, Beltsville Agricultural Research Center, Agricultural Research Service, USDA, Beltsville, Maryland, United States of America
6805011	Jay D._Evans	Bee Research Laboratory, Beltsville Agricultural Research Center, Agricultural Research Service, USDA, Beltsville, Maryland, United States of America
6681282	F&#xE1;bio_Prezoto	Laborat&#xF3;rio de Ecologia Comportamental e Bioac&#xFA;stica, Depto. de Zoologia, Programa de P&#xF3;s-gradua&#xE7;&#xE3;o em Comportamento e Biologia Animal, Universidade Federal de Juiz de Fora, Juiz de Fora 36036-900, Brazil
6681282	Tatiane Tagliati_Maciel	Laborat&#xF3;rio de Ecologia Comportamental e Bioac&#xFA;stica, Depto. de Zoologia, Programa de P&#xF3;s-gradua&#xE7;&#xE3;o em Comportamento e Biologia Animal, Universidade Federal de Juiz de Fora, Juiz de Fora 36036-900, Brazil
6681282	Mateus_Detoni	Department of Zoology, University of Otago, 340 Great King Street, P.O. Box 56, Dunedin 9054, New Zealand
6681282	Angie Zuleidi_Mayorquin	Laborat&#xF3;rio de Ecologia Comportamental e Bioac&#xFA;stica, Depto. de Zoologia, Programa de P&#xF3;s-gradua&#xE7;&#xE3;o em Comportamento e Biologia Animal, Universidade Federal de Juiz de Fora, Juiz de Fora 36036-900, Brazil
6681282	Bruno Corr&#xEA;a_Barbosa	Laborat&#xF3;rio de Ecologia Comportamental e Bioac&#xFA;stica, Depto. de Zoologia, Programa de P&#xF3;s-gradua&#xE7;&#xE3;o em Comportamento e Biologia Animal, Universidade Federal de Juiz de Fora, Juiz de Fora 36036-900, Brazil
6852581	Robyn_Manley	1Centre for Ecology and ConservationUniversity of ExeterPenryn CampusPenrynTR11 9FEUK
6852581	Ben_Temperton	2Department of BiosciencesUniversity of Exeter, Streatham CampusExeterEX4 4QDUK
6852581	Toby_Doyle	1Centre for Ecology and ConservationUniversity of ExeterPenryn CampusPenrynTR11 9FEUK
6852581	Daisy_Gates	3Medical, Veterinary and Life SciencesUniversity of GlasgowGlasgowG12 8QQScotland
6852581	Sophie_Hedges	1Centre for Ecology and ConservationUniversity of ExeterPenryn CampusPenrynTR11 9FEUK
6852581	Michael_Boots	4Department of Integrative BiologyUniversity of CaliforniaBerkeleyCA94720USA
6852581	Lena_Wilfert	1Centre for Ecology and ConservationUniversity of ExeterPenryn CampusPenrynTR11 9FEUK
6563275	Laura E._Brettell	Hawkesbury Institute for the Environment, Western Sydney University; Locked bag 1797, Penrith 2751, NSW, Australia
6563275	Declan C._Schroeder	School of Biological Sciences, University of Reading, Reading RG6 6LA, UK; 
6563275	Stephen J._Martin	School of Environment and life Sciences, University of Salford, Manchester, M5 4WT, UK; 
6441081	Davide_Santoro	0000 0001 2292 3111grid.267827.eVictoria University of Wellington, School of Biological Sciences, Wellington, New Zealand 
6441081	Stephen_Hartley	0000 0001 2292 3111grid.267827.eVictoria University of Wellington, School of Biological Sciences, Wellington, New Zealand 
6441081	Philip J._Lester	0000 0001 2292 3111grid.267827.eVictoria University of Wellington, School of Biological Sciences, Wellington, New Zealand 
6312278	Oliver_Quinn	Centre for Biodiversity and Restoration Ecology, School of Biological Sciences, Victoria University of Wellington, Wellington, New Zealand
6312278	Monica A. M._Gruber	Centre for Biodiversity and Restoration Ecology, School of Biological Sciences, Victoria University of Wellington, Wellington, New Zealand
6312278	Robert L._Brown	Biodiversity and Conservation, Manaaki Whenua&#x2013;Landcare Research, Lincoln, New Zealand
6312278	James W._Baty	Centre for Biodiversity and Restoration Ecology, School of Biological Sciences, Victoria University of Wellington, Wellington, New Zealand
6312278	Mariana_Bulgarella	Centre for Biodiversity and Restoration Ecology, School of Biological Sciences, Victoria University of Wellington, Wellington, New Zealand
6312278	Philip J._Lester	Centre for Biodiversity and Restoration Ecology, School of Biological Sciences, Victoria University of Wellington, Wellington, New Zealand
7380041	Helen E._Roy	1Centre for Ecology &amp; HydrologyWallingfordUK
7380041	Sven_Bacher	2University of FribourgFribourgSwitzerland
7380041	Franz_Essl	3Environment Agency AustriaViennaAustria
7380041	Tim_Adriaens	5Research Institute for Nature and Forest (INBO)BrusselsBelgium
7380041	David C._Aldridge	6Department of ZoologyUniversity of CambridgeCambridgeUK
7380041	John D. D._Bishop	7The LaboratoryThe Marine Biological AssociationPlymouthUK
7380041	Tim M._Blackburn	8University College LondonLondonUK
7380041	Etienne_Branquart	10Invasive Species UnitService Public de WallonieWalloniaBelgium
7380041	Juliet_Brodie	11Natural History MuseumLondonUK
7380041	Carles_Carboneras	12Royal Society for the Protection of BirdsThe LodgeSandyBedfordshireUK
7380041	Elizabeth J._Cottier-Cook	13Scottish Association for Marine ScienceScottish Marine InstituteObanUK
7380041	Gordon H._Copp	14Centre for Environment, Fisheries and Aquaculture ScienceLowestoftUK
7380041	Hannah J._Dean	1Centre for Ecology &amp; HydrologyWallingfordUK
7380041	J&#xF8;rgen_Eilenberg	16Department of Plant and Environmental SciencesUniversity of CopenhagenDenmark
7380041	Belinda_Gallardo	17Pyrenean Institute of Ecology (IPE&#x2010;CSIC)ZaragozaSpain
7380041	Mariana_Garcia	18ISSGRomeItaly
7380041	Emili_Garc&#xED;a&#x2010;Berthou	19GRECOInstitute of Aquatic EcologyUniversity of GironaGironaSpain
7380041	Piero_Genovesi	20Institute for Environmental Protection and Research ISPRA, and Chair IUCN SSC Invasive Species Specialist GroupRomeItaly
7380041	Philip E._Hulme	21Bio-Protection Research CentreLincoln UniversityLincolnNew Zealand
7380041	Marc_Kenis	22CABIDel&#xE9;montSwitzerland
7380041	Francis_Kerckhof	23Royal Belgian Institute of Natural Sciences (RBINS)OostendeBelgium
7380041	Marianne_Kettunen	24Institute for European Environmental PolicyLondonUK
7380041	Dan_Minchin	25Marine Organism InvestigationsMarina Village, Ballina, KillaloeCo ClareIreland
7380041	Wolfgang_Nentwig	26University of BernBernSwitzerland
7380041	Ana_Nieto	18ISSGRomeItaly
7380041	Jan_Pergl	27Institute of BotanyThe Czech Academy of SciencesPr&#x16F;honiceCzech Republic
7380041	Oliver L._Pescott	1Centre for Ecology &amp; HydrologyWallingfordUK
7380041	Jodey_M. Peyton	1Centre for Ecology &amp; HydrologyWallingfordUK
7380041	Cristina_Preda	28Ovidius University of ConstantaConstantaRomania
7380041	Alain_Roques	29Institut National de la Recherche AgronomiqueZoologie Foresti&#xE8;re, UR 0633Ardon Orleans Cedex 2France
7380041	Steph L._Rorke	1Centre for Ecology &amp; HydrologyWallingfordUK
7380041	Riccardo_Scalera	18ISSGRomeItaly
7380041	Stefan_Schindler	3Environment Agency AustriaViennaAustria
7380041	Karsten_Sch&#xF6;nrogge	1Centre for Ecology &amp; HydrologyWallingfordUK
7380041	Jack_Sewell	7The LaboratoryThe Marine Biological AssociationPlymouthUK
7380041	Wojciech_Solarz	30Institute of Nature ConservationPolish Academy of SciencesKrak&#xF3;wPoland
7380041	Alan J. A._Stewart	31University of SussexBrightonUK
7380041	Elena_Tricarico	32University of FlorenceFirenzeItaly
7380041	Sonia_Vanderhoeven	33Belgian Biodiversity PlatformLouizalaan, BrusselsBelgium
7380041	Gerard_van der Velde	34Institute for Water and Wetland ResearchRadboud UniversityNijmegenThe Netherlands
7380041	Montserrat_Vil&#xE0;	37Estaci&#xF3;n Biol&#xF3;gica de Do&#xF1;ana, (EBD&#x2010;CSIC)SevilleSpain
7380041	Christine A._Wood	7The LaboratoryThe Marine Biological AssociationPlymouthUK
7380041	Argyro_Zenetos	38Helenic Centre for Marine ResearchAnavyssosGreece
7380041	Wolfgang_Rabitsch	3Environment Agency AustriaViennaAustria
6023315	Christelle_Gu&#xE9;dot	Department of Entomology, University of Wisconsin-Madison, 1630 Linden Drive, Madison, WI 53706, USA;  (A.N.L.)
6023315	Katie_Hietala-Henschell	Department of Entomology, University of Wisconsin-Madison, 1630 Linden Drive, Madison, WI 53706, USA;  (A.N.L.)
6023315	Abby N._Lois	Department of Entomology, University of Wisconsin-Madison, 1630 Linden Drive, Madison, WI 53706, USA;  (A.N.L.)
5708231	Mutien_Garigliany	UNKNOWN
5708231	Bernard_Taminiau	UNKNOWN
5708231	No&#xEB;mie_El Agrebi	UNKNOWN
5708231	Daniel_Cadar	UNKNOWN
5708231	Gautier_Gilliaux	UNKNOWN
5708231	Marie_Hue	UNKNOWN
5708231	Daniel_Desmecht	UNKNOWN
5708231	Georges_Daube	UNKNOWN
5708231	Annick_Linden	UNKNOWN
5708231	Fr&#xE9;d&#xE9;ric_Farnir	UNKNOWN
5708231	Michel_De Proft	UNKNOWN
5708231	Claude_Saegerman	UNKNOWN
6151447	Francoise Neil D._Dacanay	Institute of Chemistry, University of the Philippines Diliman, Quezon City 1101, Philippines;  (H.A.J.)
6151447	Ma. Carmina Joyce A._Ladra	Institute of Chemistry, University of the Philippines Diliman, Quezon City 1101, Philippines;  (H.A.J.)
6151447	Hiyas A._Junio	Institute of Chemistry, University of the Philippines Diliman, Quezon City 1101, Philippines;  (H.A.J.)
6151447	Ricky B._Nellas	Institute of Chemistry, University of the Philippines Diliman, Quezon City 1101, Philippines;  (H.A.J.)
5581402	Tamara_Babcock	Department of Biological Sciences, Simon Fraser University, Burnaby, BC, CanadaV5A 1S6,
5581402	Regine_Gries	Department of Biological Sciences, Simon Fraser University, Burnaby, BC, CanadaV5A 1S6,
5581402	John_Borden	Scotts Canada Ltd., 7572 Progress Way, Delta, BC, CanadaV4G 1E9,
5581402	Luis_Palmero	Department of Biological Sciences, Simon Fraser University, Burnaby, BC, CanadaV5A 1S6,
5581402	Anal&#xED;a_Mattiacci	Grupo de Ecolog&#xED;a de Poblaciones de Insectos, CONICET&#x2014;INTA EEA Bariloche, Bariloche, Argentina, and
5581402	Mait&#xE9;_Masciocchi	Grupo de Ecolog&#xED;a de Poblaciones de Insectos, CONICET&#x2014;INTA EEA Bariloche, Bariloche, Argentina, and
5581402	Juan_Corley	Grupo de Ecolog&#xED;a de Poblaciones de Insectos, CONICET&#x2014;INTA EEA Bariloche, Bariloche, Argentina, and
5581402	Gerhard_Gries	Department of Biological Sciences, Simon Fraser University, Burnaby, BC, CanadaV5A 1S6,
5588610	Thilo_Jakob	Department of Dermatology and Allergology, University Medical Center Gie&#xDF;en (UKGM), Justus-Liebig University Gie&#xDF;en, Giessen, Germany
5588610	Ulrich_M&#xFC;ller	Department of Rheumatology, Immunology and Allergology, University Hospital/Inselspital Bern, Switzerland
5588610	Arthur_Helbling	Department of Rheumatology, Immunology and Allergology, University Hospital/Inselspital Bern, Switzerland
5588610	Edzard_Spillner	Immunological Engineering, Department of Engineering, Aarhus University, Aarhus, Denmark
5483029	Calvin_Lam	University of California San Diego, Section of Ecology, Behavior, and Evolution, 9500 Gilman Drive, MC0116, La Jolla, CA 92093-0116, USA
5483029	Yanlei_Li	Freie Universit&#xE4;t Berlin, Fachbereich Mathematik und Informatik, Institut f&#xFC;r Informatik, Arnimallee 7, Berlin 14195, Germany
5483029	Tim_Landgraf	Freie Universit&#xE4;t Berlin, Fachbereich Mathematik und Informatik, Institut f&#xFC;r Informatik, Arnimallee 7, Berlin 14195, Germany
5483029	James_Nieh	University of California San Diego, Section of Ecology, Behavior, and Evolution, 9500 Gilman Drive, MC0116, La Jolla, CA 92093-0116, USA
5371945	Dangsheng_Liang	Apex Bait Technologies, Inc., Santa Clara, CA 95054, USA; 
5371945	Jose E._Pietri	Apex Bait Technologies, Inc., Santa Clara, CA 95054, USA; 
5124949	Ashraf M._El-Sayed	The New Zealand Institute for Plant &amp; Food Research Limited, Gerald Street, 7608, Lincoln, New Zealand
5124949	Alan L._Knight	USDA-ARS, Agricultural Research Service 5230 Konnowac Pass Rd, Wapato, WA, 98951-9651, USA
5124949	John A._Byers	Department of Entomology Robert H. Smith Faculty of Agriculture, Food and Environment The Hebrew University of Jerusalem Rehovot, Israel
5124949	Gary J. R._Judd	Agriculture and Agri-Food Canada 4200 Highway 97 Box 5000, Summerland, British Columbia V0H 1Z0, Canada
5124949	David M._Suckling	The New Zealand Institute for Plant &amp; Food Research Limited, Gerald Street, 7608, Lincoln, New Zealand
5054524	Gideon J_Mordecai	Viral Ecology, Marine Biological Association, Plymouth PL7 5BU, UK
5054524	Laura E_Brettell	School of Environment and Life Sciences, University of Salford, Manchester M5 4WT, UK
5054524	Purnima_Pachori	The Genome Analysis Centre, Norwich Research Park, Norwich NR4 7UH, UK
5054524	Ethel M._Villalobos	Department of Plant and Environmental Protection Sciences, University of Hawaii, Manoa, HI 96822, USA.
5054524	Stephen J_Martin	School of Environment and Life Sciences, University of Salford, Manchester M5 4WT, UK
5054524	Ian M_Jones	School of Biological Sciences, University of Reading, Reading RG6 6AJ, UK
5054524	Declan C_Schroeder	Viral Ecology, Marine Biological Association, Plymouth PL7 5BU, UK
4798183	Mariana_Lozada	INIBIOMA-CONICET, Universidad Nacional del Comahue, Quintral 1250, 8400 Bariloche, Argentina
4798183	Paola_D&#x2019; Adamo	INIBIOMA-CONICET, Universidad Nacional del Comahue, Quintral 1250, 8400 Bariloche, Argentina
4798183	Micaela_Buteler	INIBIOMA-CONICET, Universidad Nacional del Comahue, Quintral 1250, 8400 Bariloche, Argentina
4798183	Marcelo N._Kuperman	Consejo Nacional de Investigaciones Cient&#xED;ficas y T&#xE9;cnicas, Bariloche, Argentina
4773785	Si Hyeock_Lee	Department of Agricultural Biology, Seoul National University, Seoul 151-921, Korea; 
4773785	Ji Hyeong_Baek	College of Pharmacy and Research Institute of Pharmaceutical Science, Gyeongsang National University, Jinju 660-701, Korea
4773785	Kyungjae Andrew_Yoon	Department of Agricultural Biology, Seoul National University, Seoul 151-921, Korea; 
4690119	Mariana Ferreira_Silva	Institute of Biomedical Sciences, Laboratory of Immunoparasitology &#x201C;Dr. Mario Endsfeldz Camargo&#x201D;, Federal University of Uberl&#xE2;ndia, Av. Par&#xE1; 1720, Uberl&#xE2;ndia 38400-902, Brazil;  (T.W.P.M.)
4690119	Caroline Martins_Mota	Institute of Biomedical Sciences, Laboratory of Immunoparasitology &#x201C;Dr. Mario Endsfeldz Camargo&#x201D;, Federal University of Uberl&#xE2;ndia, Av. Par&#xE1; 1720, Uberl&#xE2;ndia 38400-902, Brazil;  (T.W.P.M.)
4690119	Vanessa dos Santos_Miranda	Institute of Biomedical Sciences, Laboratory of Immunoparasitology &#x201C;Dr. Mario Endsfeldz Camargo&#x201D;, Federal University of Uberl&#xE2;ndia, Av. Par&#xE1; 1720, Uberl&#xE2;ndia 38400-902, Brazil;  (T.W.P.M.)
4690119	Amanda_de Oliveira Cunha	Institute of Biomedical Sciences, Laboratory of Immunoparasitology &#x201C;Dr. Mario Endsfeldz Camargo&#x201D;, Federal University of Uberl&#xE2;ndia, Av. Par&#xE1; 1720, Uberl&#xE2;ndia 38400-902, Brazil;  (T.W.P.M.)
4690119	Mara&#xED;sa Cristina_Silva	Institute of Biomedical Sciences, Laboratory of Immunoparasitology &#x201C;Dr. Mario Endsfeldz Camargo&#x201D;, Federal University of Uberl&#xE2;ndia, Av. Par&#xE1; 1720, Uberl&#xE2;ndia 38400-902, Brazil;  (T.W.P.M.)
4690119	Karinne Spirandelli Carvalho_Naves	Institute of Biomedical Sciences, Laboratory of Clinical Bacteriology, Federal University of Uberl&#xE2;ndia, Av. Par&#xE1; 1720, Uberl&#xE2;ndia 38400-902, Brazil; 
4690119	F&#xE1;bio_de Oliveira	Institute of Biomedical Sciences, Laboratory of Biophysics, Federal University of Uberl&#xE2;ndia, Av. Par&#xE1; 1720, Uberl&#xE2;ndia 38400-902, Brazil; 
4690119	Deise Aparecida de Oliveira_Silva	Institute of Biomedical Sciences, Laboratory of Immunoparasitology &#x201C;Dr. Mario Endsfeldz Camargo&#x201D;, Federal University of Uberl&#xE2;ndia, Av. Par&#xE1; 1720, Uberl&#xE2;ndia 38400-902, Brazil;  (T.W.P.M.)
4690119	Tiago Wilson Patriarca_Mineo	Institute of Biomedical Sciences, Laboratory of Immunoparasitology &#x201C;Dr. Mario Endsfeldz Camargo&#x201D;, Federal University of Uberl&#xE2;ndia, Av. Par&#xE1; 1720, Uberl&#xE2;ndia 38400-902, Brazil;  (T.W.P.M.)
4690119	Fernanda Maria_Santiago	Institute of Biomedical Sciences, Laboratory of Immunoparasitology &#x201C;Dr. Mario Endsfeldz Camargo&#x201D;, Federal University of Uberl&#xE2;ndia, Av. Par&#xE1; 1720, Uberl&#xE2;ndia 38400-902, Brazil;  (T.W.P.M.)
4813109	Linh M._Chau	                  1                School of Biology        Georgia Institute of Technology        Atlanta        Georgia        30332      
4813109	Cause_Hanna	                  2                Environmental Science and Resource Management        California State University        Camarillo        California        93012      
4813109	Laurel T._Jenkins	                  1                School of Biology        Georgia Institute of Technology        Atlanta        Georgia        30332      
4813109	Rachel E._Kutner	                  1                School of Biology        Georgia Institute of Technology        Atlanta        Georgia        30332      
4813109	Elizabeth A._Burns	                  1                School of Biology        Georgia Institute of Technology        Atlanta        Georgia        30332      
4813109	Claire_Kremen	                  3                Environmental Science, Policy and Management        University of California        Berkeley        California        94720      
4813109	Michael A. D._Goodisman	                  1                School of Biology        Georgia Institute of Technology        Atlanta        Georgia        30332      
4593675	Federico_Lopez-Osorio	Department of Biology, University of Vermont, Room 120A Marsh Life Science Building, 109 Carrigan Drive, Burlington, VT 05405, USA
4593675	Adrien_Perrard	Division of Invertebrate Zoology, American Museum of Natural History, Central Park West at 79th Street, New York, NY 10023, USA
4593675	Kurt M._Pickett	Department of Biology, University of Vermont, Room 120A Marsh Life Science Building, 109 Carrigan Drive, Burlington, VT 05405, USA
4593675	James M._Carpenter	Division of Invertebrate Zoology, American Museum of Natural History, Central Park West at 79th Street, New York, NY 10023, USA
4593675	Ingi_Agnarsson	Department of Biology, University of Vermont, Room 120A Marsh Life Science Building, 109 Carrigan Drive, Burlington, VT 05405, USA
4568406	Angela C_Telfer	Biodiversity Institute of Ontario, Guelph, Canada      
4568406	Monica R_Young	Biodiversity Institute of Ontario, Guelph, Canada      
4568406	Jenna_Quinn	rare Charitable Research Reserve, Cambridge, Canada      
4568406	Kate_Perez	Biodiversity Institute of Ontario, Guelph, Canada      
4568406	Crystal N_Sobel	Biodiversity Institute of Ontario, Guelph, Canada      
4568406	Jayme E_Sones	Biodiversity Institute of Ontario, Guelph, Canada      
4568406	Valerie_Levesque-Beaudin	Biodiversity Institute of Ontario, Guelph, Canada      
4568406	Rachael_Derbyshire	Biodiversity Institute of Ontario, Guelph, Canada      
4568406	Jose_Fernandez-Triana	CNC, Ottawa, Canada      
4568406	Rodolphe_Rougerie	Mus&#xE9;um national d'Histoire Naturelle, Paris, France      
4568406	Abinah_Thevanayagam	Biodiversity Institute of Ontario, Guelph, Canada      
4568406	Adrian_Boskovic	Biodiversity Institute of Ontario, Guelph, Canada      
4568406	Alex V_Borisenko	Biodiversity Institute of Ontario, Guelph, Canada      
4568406	Alex_Cadel	University of Waterloo, Waterloo, Canada      
4568406	Allison_Brown	Biodiversity Institute of Ontario, Guelph, Canada      
4568406	Anais_Pages	Universit&#xE9; de Montpellier, Montpellier, France      
4568406	Anibal H_Castillo	Biodiversity Institute of Ontario, Guelph, Canada      
4568406	Annegret_Nicolai	EcoBio, Universit&#xE9; of Rennes, Rennes, France      
4568406	Barb Mockford_Glenn Mockford	rare Charitable Research Reserve (Affiliate of), Cambridge, Canada      
4568406	Bel&#xE9;n_Bukowski	Museo Argentino de Ciencias Naturales "Bernardino Rivadavia" (MACN-CONICET), Buenos Aires, Argentina      
4568406	Bill_Wilson	rare Charitable Research Reserve (Affiliate of), Cambridge, Canada      
4568406	Brock_Trojahn	rare Charitable Research Reserve, Cambridge, Canada      
4568406	Carole Ann_Lacroix	Biodiversity Institute of Ontario Herbarium, Guelph, Canada      
4568406	Chris_Brimblecombe	University of Waikato, Hamilton, New Zealand      
4568406	Christoper_Hay	University of Western Ontario, London, Canada      
4568406	Christmas_Ho	Biodiversity Institute of Ontario, Guelph, Canada      
4568406	Claudia_Steinke	Biodiversity Institute of Ontario, Guelph, Canada      
4568406	Connor P_Warne	Biodiversity Institute of Ontario, Guelph, Canada      
4568406	Cristina_Garrido Cortes	University of Guelph, Guelph, Canada      
4568406	Daniel_Engelking	Biodiversity Institute of Ontario, Guelph, Canada      
4568406	Danielle_Wright	Biodiversity Institute of Ontario, Guelph, Canada      
4568406	Dario A_Lijtmaer	Museo Argentino de Ciencias Naturales "Bernardino Rivadavia" (MACN-CONICET), Buenos Aires, Argentina      
4568406	David_Gascoigne	rare Charitable Research Reserve (Affiliate of), Cambridge, Canada      
4568406	David_Hernandez Martich	Universidad Autonoma de Santo Domingo DR, Santo Domingo, Dominican Republic      
4568406	Derek_Morningstar	Myotistar, Cambridge, Canada      
4568406	Dirk_Neumann	SNSB, Zoologische Staatssammlung Muenchen, Munich, Germany      
4568406	Dirk_Steinke	Biodiversity Institute of Ontario, Guelph, Canada      
4568406	Donna DeBruin_Marco DeBruin	rare Charitable Research Reserve (Affiliate of), Cambridge, Canada      
4568406	Dylan_Dobias	University of Guelph, Guelph, Canada      
4568406	Elizabeth_Sears	Biodiversity Institute of Ontario, Guelph, Canada      
4568406	Ellen_Richard	University of Guelph, Guelph, Canada      
4568406	Emily_Damstra	rare Charitable Research Reserve (Affiliate of), Cambridge, Canada      
4568406	Evgeny V_Zakharov	Biodiversity Institute of Ontario, Guelph, Canada      
4568406	Frederic_Laberge	University of Guelph, Guelph, Canada      
4568406	Gemma E_Collins	University of Waikato, Hamilton, New Zealand      
4568406	Gergin A_Blagoev	Biodiversity Institute of Ontario, Guelph, Canada      
4568406	Gerrie_Grainge	rare Charitable Research Reserve (Affiliate of), Cambridge, Canada      
4568406	Graham_Ansell	Biodiversity Institute of Ontario, Guelph, Canada      
4568406	Greg_Meredith	Grand River Conservation Authority, Guelph, Canada      
4568406	Ian_Hogg	University of Waikato, Hamilton, New Zealand      
4568406	Jaclyn_McKeown	Biodiversity Institute of Ontario, Guelph, Canada      
4568406	Janet_Topan	Biodiversity Institute of Ontario, Guelph, Canada      
4568406	Jason_Bracey	rare Charitable Research Reserve (Affiliate of), Cambridge, Canada      
4568406	Jerry_Guenther	rare Charitable Research Reserve (Affiliate of), Cambridge, Canada      
4568406	Jesse_Sills-Gilligan	Biodiversity Institute of Ontario, Guelph, Canada      
4568406	Joseph_Addesi	Biodiversity Institute of Ontario, Guelph, Canada      
4568406	Joshua_Persi	Biodiversity Institute of Ontario, Guelph, Canada      
4568406	Kara K S_Layton	The University of Western Australia, Perth, Australia      
4568406	Kareina_D'Souza	Biodiversity Institute of Ontario, Guelph, Canada      
4568406	Kencho_Dorji	National Biodiversity Centre, Thimphu, Bhutan      
4568406	Kevin_Grundy	rare Charitable Research Reserve (Affiliate of), Cambridge, Canada      
4568406	Kirsti_Nghidinwa	Ministry of Environment and Tourism in Namibia, Windhoek, Namibia      
4568406	Kylee_Ronnenberg	Biodiversity Institute of Ontario, Guelph, Canada      
4568406	Kyung Min_Lee	University of Oulu, Oulu, Finland      
4568406	Linxi_Xie	The University of Western Ontario, London, Canada      
4568406	Liuqiong_Lu	Biodiversity Institute of Ontario, Guelph, Canada      
4568406	Lyubomir_Penev	Pensoft, Sofia, Bulgaria      
4568406	Mailyn_Gonzalez	Instituto de Investigaci&#xF3;n de Recursos Biol&#xF3;gicos Alexander von Humboldt, Bogot&#xE1;, Colombia      
4568406	Margaret E_Rosati	Smithsonian National Museum of Natural History, Washington, United States of America      
4568406	Mari_Kekkonen	Biodiversity Institute of Ontario, Guelph, Canada      
4568406	Maria_Kuzmina	Biodiversity Institute of Ontario, Guelph, Canada      
4568406	Marianne_Iskandar	Biodiversity Institute of Ontario, Guelph, Canada      
4568406	Marko_Mutanen	University of Oulu, Oulu, Finland      
4568406	Maryam_Fatahi	Biodiversity Institute of Ontario, Guelph, Canada      
4568406	Mikko_Pentinsaari	University of Oulu, Oulu, Finland      
4568406	Miriam_Bauman	rare Charitable Research Reserve (Affiliate of), Cambridge, Canada      
4568406	Nadya_Nikolova	Biodiversity Institute of Ontario, Guelph, Canada      
4568406	Natalia V_Ivanova	Biodiversity Institute of Ontario, Guelph, Canada      
4568406	Nathaniel_Jones	Biodiversity Institute of Ontario, Guelph, Canada      
4568406	Nimalka_Weerasuriya	The University of Western Ontario, London, Canada      
4568406	Norman_Monkhouse	Biodiversity Institute of Ontario, Guelph, Canada      
4568406	Pablo D_Lavinia	Museo Argentino de Ciencias Naturales "Bernardino Rivadavia" (MACN-CONICET), Buenos Aires, Argentina      
4568406	Paul_Jannetta	Biodiversity Institute of Ontario, Guelph, Canada      
4568406	Priscila E_Hanisch	Museo Argentino de Ciencias Naturales "Bernardino Rivadavia" (MACN-CONICET), Buenos Aires, Argentina      
4568406	R. Troy_McMullin	Biodiversity Institute of Ontario Herbarium, Guelph, Canada      
4568406	Rafael_Ojeda Flores	Universidad Nacional Aut&#xF3;noma de M&#xE9;xico, Mexico City, Mexico      
4568406	Rapha&#xEB;lle_Mouttet	ANSES, Laboratoire de la Sant&#xE9; des V&#xE9;g&#xE9;taux, Montferrier sur Lez, France      
4568406	Reid_Vender	Biodiversity Institute of Ontario, Guelph, Canada      
4568406	Renee N_Labbee	Biodiversity Institute of Ontario, Guelph, Canada      
4568406	Robert_Forsyth	        &#x2021;&#x2021;        New Brunswick Museum, Saint John, Canada      
4568406	Rob_Lauder	        &#xA7;&#xA7;        London Homeopathy, London, Canada      
4568406	Ross_Dickson	rare Charitable Research Reserve (Affiliate of), Cambridge, Canada      
4568406	Ruth_Kroft	rare Charitable Research Reserve (Affiliate of), Cambridge, Canada      
4568406	Scott E_Miller	Smithsonian National Museum of Natural History, Washington, United States of America      
4568406	Shannon_MacDonald	Biodiversity Institute of Ontario, Guelph, Canada      
4568406	Sishir_Panthi	Ministry of Forests and Soil Conservation, Kathmandu, Nepal      
4568406	Stephanie_Pedersen	Biodiversity Institute of Ontario, Guelph, Canada      
4568406	Stephanie_Sobek-Swant	rare Charitable Research Reserve, Cambridge, Canada      
4568406	Suresh_Naik	Biodiversity Institute of Ontario, Guelph, Canada      
4568406	Tatsiana_Lipinskaya	        &#xB6;&#xB6;        Scientific and Practical Center for Bioresources, National Academy of Sciences of Belarus, Minsk, Belarus      
4568406	Thanushi_Eagalle	Biodiversity Institute of Ontario, Guelph, Canada      
4568406	Thibaud_Deca&#xEB;ns	Universit&#xE9; de Montpellier Centre d'Ecologie Fonctionnelle et Evolutive, Montpellier, France      
4568406	Thibault_Kosuth	Universit&#xE9; de Montpellier, Montpellier, France      
4568406	Thomas_Braukmann	Biodiversity Institute of Ontario, Guelph, Canada      
4568406	Tom_Woodcock	rare Charitable Research Reserve, Cambridge, Canada      
4568406	Tomas_Roslin	        &#xA4;&#xA4;        University of Helsinki, Helsinki, Finland      
4568406	Tony_Zammit	        &#xBB;&#xBB;        Grand River Conservation Authority, Cambridge, Canada      
4568406	Victoria_Campbell	Biodiversity Institute of Ontario, Guelph, Canada      
4568406	Vlad_Dinca	Biodiversity Institute of Ontario, Guelph, Canada      
4568406	Vlada_Peneva	        &#x2C4;&#x2C4;        Bulgarian Academy of Sciences, Sofia, Bulgaria      
4568406	Paul D N_Hebert	Biodiversity Institute of Ontario, Guelph, Canada      
4568406	Jeremy R_deWaard	Biodiversity Institute of Ontario, Guelph, Canada      
4611018	Helmut_Kovac	Institute of Zoology, University of Graz, Universit&#xE4;tsplatz 2, 8010 Graz, Austria 
4611018	Anton_Stabentheiner	Institute of Zoology, University of Graz, Universit&#xE4;tsplatz 2, 8010 Graz, Austria 
4611018	Robert_Brodschneider	Institute of Zoology, University of Graz, Universit&#xE4;tsplatz 2, 8010 Graz, Austria 
4490169	Markus_Ollert	Department of Infection and Immunity, Luxembourg Institute of Health (LIH), 29, rue Henri Koch, L-4354 Esch-sur-Alzette, Luxembourg 
4490169	Simon_Blank	Center of Allergy and Environment (ZAUM), Institute of Allergy Research, Technical University and Helmholtz Center Munich, Ingolst&#xE4;dter Landstra&#xDF;e 1, D-85764 Munich, Germany 
4657359	Hiroshi_Yamasaki	Department of Chemistry, Biology &amp; Marine Science, Faculty of Science, University of the Ryukyus, Senbaru 1, Nishihara, Nakagami, Okinawa 903-0213 Japan 
4657359	Shinta_Fujimoto	Department of Zoology, Division of Biological Science, Graduate School of Science, Kyoto University, Kitashirakawa-Oiwakecho, Sakyo-ku, Kyoto 606-8502 Japan 
4657359	Katsumi_Miyazaki	Seto Marine Biological Laboratory, Field Science Education and Research Center, Kyoto University, Wakayama, 649-2211 Japan 
4298054	Kevin J_Loope	Department of Neurobiology and Behavior, Cornell University, Ithaca, NY USA 
4298054	Chun_Chien	Department of Neurobiology and Behavior, Cornell University, Ithaca, NY USA 
4298054	Michael_Juhl	Bee Man Exterminators LLC, Olympia, WA USA 
4058007	Robert A_Haney	Department of Biological Sciences, University of Massachusetts, Lowell, MA 01854 USA 
4058007	Nadia A_Ayoub	Department of Biology, Washington and Lee University, Lexington, VA 24450 USA 
4058007	Thomas H_Clarke	Department of Biology, Washington and Lee University, Lexington, VA 24450 USA 
4058007	Cheryl Y_Hayashi	Department of Biology, University of California, Riverside, CA 92521 USA 
4058007	Jessica E_Garb	Department of Biological Sciences, University of Massachusetts, Lowell, MA 01854 USA 
3937767	Edzard_Spillner	Immunological Engineering, Department of Engineering, Aarhus University, Aarhus, Denmark
3937767	Simon_Blank	Center of Allergy and Environment (ZAUM), Helmholtz Center Munich, Technical University, Munich, Germany
3937767	Thilo_Jakob	Allergy Research Group, Department of Dermatology, Medical Center, University of Freiburg, Freiburg, Germany
3925224	Paul D._Krushelnycky	Department of Plant and Environmental Protection Sciences, University of Hawai&#x2019;i at M&#x101;noa, Honolulu, Hawai&#x2019;i, United States of America
3798381	George_Livingston	Department of Integrative Biology, University of Texas at Austin, Austin, Texas, United States of America
3798381	Shalene_Jha	Department of Integrative Biology, University of Texas at Austin, Austin, Texas, United States of America
3798381	Andres_Vega	AMBICOR, Tibas, Costa Ruca
3798381	Lawrence_Gilbert	Department of Integrative Biology, University of Texas at Austin, Austin, Texas, United States of America
3856741	Darren F_Ward	UNKNOWN
3856741	Ana_Ram&#xF3;n-Laca	UNKNOWN
3786909	Ken_Tan	Key Laboratory of Tropical Forest Ecology, Xishuangbanna Tropical Botanical Garden, Chinese Academy of Science, Kunming, China
3786909	Zongwen_Hu	Eastern Bee Research Institute, Yunnan Agricultural University, Kunming, China
3786909	Weiwen_Chen	Eastern Bee Research Institute, Yunnan Agricultural University, Kunming, China
3786909	Zhengwei_Wang	Eastern Bee Research Institute, Yunnan Agricultural University, Kunming, China
3786909	Yuchong_Wang	Eastern Bee Research Institute, Yunnan Agricultural University, Kunming, China
3786909	James C._Nieh	Division of Biological Sciences, Section of Ecology, Behavior, and Evolution, University of California San Diego, La Jolla, California, United States of America
3522577	Boris_Yagound	Laboratoire d'Ethologie Exp&#xE9;rimentale et Compar&#xE9;e, E.A. 4443, Universit&#xE9; Paris 13, Sorbonne Paris Cit&#xE9;, Villetaneuse, France
3522577	Pierre_Blacher	Laboratoire d'Ethologie Exp&#xE9;rimentale et Compar&#xE9;e, E.A. 4443, Universit&#xE9; Paris 13, Sorbonne Paris Cit&#xE9;, Villetaneuse, France
3522577	St&#xE9;phane_Chameron	Laboratoire d'Ethologie Exp&#xE9;rimentale et Compar&#xE9;e, E.A. 4443, Universit&#xE9; Paris 13, Sorbonne Paris Cit&#xE9;, Villetaneuse, France
3522577	Nicolas_Ch&#xE2;line	Laboratoire d'Ethologie Exp&#xE9;rimentale et Compar&#xE9;e, E.A. 4443, Universit&#xE9; Paris 13, Sorbonne Paris Cit&#xE9;, Villetaneuse, France
3402526	Sabrina E._Vinz&#xF3;n	Departamento de Qu&#xED;mica Biol&#xF3;gica e Instituto de Qu&#xED;mica y Fisicoqu&#xED;mica Biol&#xF3;gicas (IQUIFIB), Facultad de Farmacia y Bioqu&#xED;mica, Universidad de Buenos Aires, Buenos Aires, Argentina
3402526	Cristina_Marino-Buslje	Departamento de Qu&#xED;mica Biol&#xF3;gica e Instituto de Qu&#xED;mica y Fisicoqu&#xED;mica Biol&#xF3;gicas (IQUIFIB), Facultad de Farmacia y Bioqu&#xED;mica, Universidad de Buenos Aires, Buenos Aires, Argentina
3402526	Elena_Rivera	Departamento de F&#xED;sico-Matem&#xE1;tica, Facultad de Farmacia y Bioqu&#xED;mica, Universidad de Buenos Aires, Buenos Aires, Argentina
3402526	Mirtha_Biscoglio de Jim&#xE9;nez Bonino	Departamento de Qu&#xED;mica Biol&#xF3;gica e Instituto de Qu&#xED;mica y Fisicoqu&#xED;mica Biol&#xF3;gicas (IQUIFIB), Facultad de Farmacia y Bioqu&#xED;mica, Universidad de Buenos Aires, Buenos Aires, Argentina
3498068	Helmut_Kovac	Institut f&#xFC;r Zoologie, Karl-Franzens-Universit&#xE4;t Graz, Universit&#xE4;tsplatz 2, A-8010 Graz, Austria
3498068	Anton_Stabentheiner	Institut f&#xFC;r Zoologie, Karl-Franzens-Universit&#xE4;t Graz, Universit&#xE4;tsplatz 2, A-8010 Graz, Austria
3376045	Julien_Grangier	Centre for Biodiversity and Restoration Ecology; School of Biological Sciences; Victoria University of Wellington; Wellington, New Zealand
3376045	Philip J._Lester	Centre for Biodiversity and Restoration Ecology; School of Biological Sciences; Victoria University of Wellington; Wellington, New Zealand
3261164	Leonard A._Freed	Department of Biology, University of Hawaii at Manoa, Honolulu, Hawaii, United States of America
3261164	Rebecca L._Cann	Department of Cell and Molecular Biology, University of Hawaii at Manoa, Honolulu, Hawaii, United States of America
4421610	Stalin_Viswanathan	Department of Internal Medicine, Pondicherry Institute of Medical Sciences, Kalapet, Pondicherry, South India
4421610	Chaitanya_Prabhu	Department of Nephrology, Pondicherry Institute of Medical Sciences, Kalapet, Pondicherry, South India
4421610	Jayanthi_Arulneyam	Department of Neurology, Pondicherry Institute of Medical Sciences, Kalapet, Pondicherry
4421610	Bhavith_Remalayam	Department of Internal Medicine, Pondicherry Institute of Medical Sciences, Kalapet, Pondicherry, South India
4421610	Mohammed_Adil	Department of Internal Medicine, Pondicherry Institute of Medical Sciences, Kalapet, Pondicherry, South India
2999442	Christine R._Hurd	1Department of Zoology, University of Wisconsin-Madison
2999442	Robert L._Jeanne	2Departments of Entomology and Zoology, University of Wisconsin-Madison
2999442	Erik V._Nordheim	3Departments of Statistics and Forest Ecology and Management, University of Wisconsin-Madison
