pmcid	forename_lastname	affiliation
7504193	Yen-Yue_Lin	Department of Emergency Medicine, Taoyuan Armed Forces General Hospital, Taoyuan City 325, Taiwan; 
7504193	Chih-Chien_Chiu	Division of Infectious Disease and Tropical Medicine, Department of Internal Medicine, Taoyuan Armed Forces General Hospital, Taoyuan City 325, Taiwan; 
7504193	Hsin-An_Chang	Department of Psychiatry, Tri-Service General Hospital, National Defense Medical Center, Taipei 114, Taiwan; 
7504193	Yung-Hsi_Kao	Department of Life Sciences, National Central University, Taoyuan City 320, Taiwan; 
7504193	Po-Jen_Hsiao	Department of Life Sciences, National Central University, Taoyuan City 320, Taiwan; 
7504193	Chih-Pin_Chuu	Institute of Cellular and System Medicine, National Health Research Institutes, Miaoli County 350, Taiwan
7433766	R A_Kucuk	Clemson University, Poole Agricultural Center, Clemson, SC
7386586	Ohseok_Kwon	School of Applied Biosciences, College of Agriculture and Life Sciences, Kyungpook National University, Daegu, Republic of Korea
7386586	Moon Bo_Choi	School of Applied Biosciences, College of Agriculture and Life Sciences, Kyungpook National University, Daegu, Republic of Korea
7347709	Simon_Blank	grid.6936.a0000000123222966Center of Allergy and Environment (ZAUM), School of Medicine and Helmholtz Center Munich, German Research Center for Environmental Health, Member of the German Center of Lung Research (DZL), Technical University of Munich, Ingolst&#xE4;dter Landstra&#xDF;e 1, 85764 Munich, Germany 
7347709	Murilo Luiz_Bazon	grid.6936.a0000000123222966Center of Allergy and Environment (ZAUM), School of Medicine and Helmholtz Center Munich, German Research Center for Environmental Health, Member of the German Center of Lung Research (DZL), Technical University of Munich, Ingolst&#xE4;dter Landstra&#xDF;e 1, 85764 Munich, Germany 
7347709	Johannes_Grosch	grid.6936.a0000000123222966Center of Allergy and Environment (ZAUM), School of Medicine and Helmholtz Center Munich, German Research Center for Environmental Health, Member of the German Center of Lung Research (DZL), Technical University of Munich, Ingolst&#xE4;dter Landstra&#xDF;e 1, 85764 Munich, Germany 
7347709	Carsten B._Schmidt-Weber	grid.6936.a0000000123222966Center of Allergy and Environment (ZAUM), School of Medicine and Helmholtz Center Munich, German Research Center for Environmental Health, Member of the German Center of Lung Research (DZL), Technical University of Munich, Ingolst&#xE4;dter Landstra&#xDF;e 1, 85764 Munich, Germany 
7347709	M&#xE1;rcia Regina_Brochetto-Braga	grid.410543.70000 0001 2188 478XDepartment of General and Applied Biology, Biosciences Institute, Sao Paulo State University, Rio Claro, S&#xE3;o Paulo Brazil 
7347709	Maria Beatrice_Bil&#xF2;	grid.7010.60000 0001 1017 3210Department of Clinical and Molecular Sciences, Ancona and Allergy Unit, Department of Internal Medicine, University Hospital of Ancona, Polytechnic University of Marche, Ancona, Italy 
7347709	Thilo_Jakob	grid.8664.c0000 0001 2165 8627Experimental Dermatology and Allergy Research Group, Department of Dermatology and Allergology, Justus-Liebig-University Gie&#xDF;en, Giessen, Germany 
7404655	Hyeyoon_Jeong	School of Food Science and Biotechnology, College of Agriculture and Life Sciences, Kyungpook National University, Daegu 41566, Korea;  (J.-O.N.)
7404655	Ja Min_Kim	School of Food Science and Biotechnology, College of Agriculture and Life Sciences, Kyungpook National University, Daegu 41566, Korea;  (J.-O.N.)
7404655	Beomsu_Kim	School of Food Science and Biotechnology, College of Agriculture and Life Sciences, Kyungpook National University, Daegu 41566, Korea;  (J.-O.N.)
7404655	Ju-Ock_Nam	School of Food Science and Biotechnology, College of Agriculture and Life Sciences, Kyungpook National University, Daegu 41566, Korea;  (J.-O.N.)
7404655	Dongyup_Hahn	School of Food Science and Biotechnology, College of Agriculture and Life Sciences, Kyungpook National University, Daegu 41566, Korea;  (J.-O.N.)
7404655	Moon Bo_Choi	Institute of Agricultural Science and Technology, Kyungpook National University, Daegu 41566, Korea
7404660	Lobeno_Mozhui	Department of Zoology, Nagaland University, Lumami, Nagaland 798627, India;  (P.K.)
7404660	L.N._Kakati	Department of Zoology, Nagaland University, Lumami, Nagaland 798627, India;  (P.K.)
7404660	Patricia_Kiewhuo	Department of Zoology, Nagaland University, Lumami, Nagaland 798627, India;  (P.K.)
7404660	Sapu_Changkija	Department of Genetics and Plant Breeding, Nagaland University, Medziphema, Nagaland 797106, India; 
7315503	Junjie_Tan	General Hospital of Western Theater Command, Chengdu, 610021 China 
7315503	Wenbo_Wang	CDC of Western Theater Command, PLA, Chengdu, 610021 China 
7315503	Fan_Wu	General Hospital of Western Theater Command, Chengdu, 610021 China 
7315503	Yunming_Li	General Hospital of Western Theater Command, Chengdu, 610021 China 
7315503	Quanshui_Fan	CDC of Western Theater Command, PLA, Chengdu, 610021 China 
7240471	Tse-Hao_Chen	Department of Emergency Medicine, MacKay Memorial Hospital, Taipei 104, Taiwan; 
7240471	Wan-Ting_Liao	Institute of Medicine, Chung Shan Medical University, Taichung 402, Taiwan; 
7240471	Chien-Sheng_Chen	Department of Emergency Medicine, Taipei Tzu Chi Hospital, Buddhist Tzu Chi Medical Foundation, New Taipei 231, Taiwan;  (P.-C.L.)
7240471	Po-Chen_Lin	Department of Emergency Medicine, Taipei Tzu Chi Hospital, Buddhist Tzu Chi Medical Foundation, New Taipei 231, Taiwan;  (P.-C.L.)
7240471	Meng-Yu_Wu	Department of Emergency Medicine, Taipei Tzu Chi Hospital, Buddhist Tzu Chi Medical Foundation, New Taipei 231, Taiwan;  (P.-C.L.)
6719070	Si-Tong_Zhou	Yunnan Provincial Key Laboratory of Entomological Biopharmaceutical R&amp;D, the National&#x2013;Local Joint Engineering Laboratory for Entomoceutics, Dali University, Dali 671000, China
6719070	Kai_Luan	Yunnan Provincial Key Laboratory of Entomological Biopharmaceutical R&amp;D, the National&#x2013;Local Joint Engineering Laboratory for Entomoceutics, Dali University, Dali 671000, China
6719070	Lian-Li_Ni	Yunnan Provincial Key Laboratory of Entomological Biopharmaceutical R&amp;D, the National&#x2013;Local Joint Engineering Laboratory for Entomoceutics, Dali University, Dali 671000, China
6719070	Ying_Wang	Yunnan Provincial Key Laboratory of Entomological Biopharmaceutical R&amp;D, the National&#x2013;Local Joint Engineering Laboratory for Entomoceutics, Dali University, Dali 671000, China
6719070	Shi-Meng_Yuan	Yunnan Provincial Key Laboratory of Entomological Biopharmaceutical R&amp;D, the National&#x2013;Local Joint Engineering Laboratory for Entomoceutics, Dali University, Dali 671000, China
6719070	Yi-Hao_Che	Yunnan Provincial Key Laboratory of Entomological Biopharmaceutical R&amp;D, the National&#x2013;Local Joint Engineering Laboratory for Entomoceutics, Dali University, Dali 671000, China
6719070	Zi-Zhong_Yang	Yunnan Provincial Key Laboratory of Entomological Biopharmaceutical R&amp;D, the National&#x2013;Local Joint Engineering Laboratory for Entomoceutics, Dali University, Dali 671000, China
6719070	Cheng-Gui_Zhang	Yunnan Provincial Key Laboratory of Entomological Biopharmaceutical R&amp;D, the National&#x2013;Local Joint Engineering Laboratory for Entomoceutics, Dali University, Dali 671000, China
6719070	Zhi-Bin_Yang	Yunnan Provincial Key Laboratory of Entomological Biopharmaceutical R&amp;D, the National&#x2013;Local Joint Engineering Laboratory for Entomoceutics, Dali University, Dali 671000, China
6614390	Shota_Suenami	0000 0001 2230 7538grid.208504.bBioproduction Research Institute, The National Institute of Advanced Industrial Science and Technology (AIST), Tsukuba, Japan 
6614390	Masaru_Konishi Nobu	0000 0001 2230 7538grid.208504.bBioproduction Research Institute, The National Institute of Advanced Industrial Science and Technology (AIST), Tsukuba, Japan 
6614390	Ryo_Miyazaki	0000 0001 2230 7538grid.208504.bBioproduction Research Institute, The National Institute of Advanced Industrial Science and Technology (AIST), Tsukuba, Japan 
6517382	Takahiro_Otsuki	0000 0001 0656 4913grid.263536.7Department of Mathematical and Systems Engineering, Shizuoka University, Hamamatsu, 432-8561 Japan 
6517382	Daisuke_Uka	grid.136594.cFaculty of Agriculture, Tokyo University of Agriculture and Technology, Fuchu, Tokyo 183-8509 Japan 
6517382	Hiromu_Ito	0000 0000 8902 2273grid.174567.6Department of International Health, Institute of Tropical Medicine, Nagasaki University, Nagasaki, 852-8523 Japan 
6517382	Genki_Ichinose	0000 0001 0656 4913grid.263536.7Department of Mathematical and Systems Engineering, Shizuoka University, Hamamatsu, 432-8561 Japan 
6517382	Momoka_Nii	0000 0001 0656 4913grid.263536.7Department of Mathematical and Systems Engineering, Shizuoka University, Hamamatsu, 432-8561 Japan 
6517382	Satoru_Morita	0000 0001 0656 4913grid.263536.7Department of Mathematical and Systems Engineering, Shizuoka University, Hamamatsu, 432-8561 Japan 
6517382	Takuma_Sakamoto	grid.136594.cFaculty of Agriculture, Tokyo University of Agriculture and Technology, Fuchu, Tokyo 183-8509 Japan 
6517382	Maaya_Nishiko	grid.136594.cFaculty of Agriculture, Tokyo University of Agriculture and Technology, Fuchu, Tokyo 183-8509 Japan 
6517382	Hiroko_Tabunoki	grid.136594.cFaculty of Agriculture, Tokyo University of Agriculture and Technology, Fuchu, Tokyo 183-8509 Japan 
6517382	Kazuya_Kobayashi	0000 0004 0372 2033grid.258799.8Hokkaido Forest Research Station, Field Science Education and Research Center, Kyoto University, Hokkaido, 088-2339 Japan 
6517382	Kenji_Matsuura	0000 0004 0372 2033grid.258799.8Laboratory of Insect Ecology, Graduate School of Agriculture, Kyoto University, Kyoto, 606-8502 Japan 
6517382	Kikuo_Iwabuchi	grid.136594.cFaculty of Agriculture, Tokyo University of Agriculture and Technology, Fuchu, Tokyo 183-8509 Japan 
6517382	Jin_Yoshimura	0000 0001 0656 4913grid.263536.7Department of Mathematical and Systems Engineering, Shizuoka University, Hamamatsu, 432-8561 Japan 
7126782	Christian_Bailly	UMR-S 1172, Centre de Recherche Jean-Pierre Aubert, INSERM, University of Lille, CHU Lille, 59045, Lille, France
6252072	Eddie_P&#xE9;rez Claudio	Department of Biology, Universidad de Puerto Rico, Recinto de Rio Piedras, San Juan, PR, USA
6252072	Yoselyn_Rodriguez-Cruz	Department of Science and Mathematics, Universidad Interamericana de Puerto Rico, Bayamon, PR, USA
6252072	Okan Can_Arslan	Department of Biology, Middle East Technical University, Ankara, Turkey
6252072	Tugrul_Giray	Department of Biology, University of Puerto Rico, San Juan, PR, USA
6252072	Jos&#xE9; Luis_Agosto Rivera	Department of Biology, University of Puerto Rico, San Juan, PR, USA
6252072	Meral_Kence	Department of Biology, Middle East Technical University, Ankara, Turkey
6252072	Harrington_Wells	Department of Biological Science, University of Tulsa, Tulsa, OK, USA
6252072	Charles I._Abramson	Department of Psychology, Oklahoma State University, Stillwater, OK, USA
6198032	Qiao-Hua_Zhang	Institute of Entomology &amp; Molecular Biology, College of Life Sciences, Chongqing Normal University, Chongqing 401331, ChinaChongqing Normal UniversityChongqingChina
6198032	Pan_Huang	Institute of Entomology &amp; Molecular Biology, College of Life Sciences, Chongqing Normal University, Chongqing 401331, ChinaChongqing Normal UniversityChongqingChina
6198032	Bin_Chen	Institute of Entomology &amp; Molecular Biology, College of Life Sciences, Chongqing Normal University, Chongqing 401331, ChinaChongqing Normal UniversityChongqingChina
6198032	Ting-Jing_Li	Institute of Entomology &amp; Molecular Biology, College of Life Sciences, Chongqing Normal University, Chongqing 401331, ChinaChongqing Normal UniversityChongqingChina
6176018	Shota_Suenami	<institution>Department of Biological Sciences, Graduate School of Science, The University of Tokyo, Bunkyo-ku</institution>, <addr-line>Tokyo</addr-line>, <country>Japan</country>
6176018	Satoyo_Oya	<institution>Department of Biological Sciences, Graduate School of Science, The University of Tokyo, Bunkyo-ku</institution>, <addr-line>Tokyo</addr-line>, <country>Japan</country>
6176018	Hiroki_Kohno	<institution>Department of Biological Sciences, Graduate School of Science, The University of Tokyo, Bunkyo-ku</institution>, <addr-line>Tokyo</addr-line>, <country>Japan</country>
6176018	Takeo_Kubo	<institution>Department of Biological Sciences, Graduate School of Science, The University of Tokyo, Bunkyo-ku</institution>, <addr-line>Tokyo</addr-line>, <country>Japan</country>
6106190	Juliette_Poidatz	1UMR 1065 Sant&#xE9; et Agro&#xE9;cologie du VignobleINRAVillenave d'OrnonFrance
6106190	Karine_Monceau	2UMR CNRS 7372 Centre d'Etudes Biologiques de Chiz&#xE9;Universit&#xE9; de la RochelleVilliers&#x2010;en&#x2010;boisFrance
6106190	Olivier_Bonnard	1UMR 1065 Sant&#xE9; et Agro&#xE9;cologie du VignobleINRAVillenave d'OrnonFrance
6106190	Denis_Thi&#xE9;ry	1UMR 1065 Sant&#xE9; et Agro&#xE9;cologie du VignobleINRAVillenave d'OrnonFrance
5993251	Daniel_Sauvard	Institut national de la recherche agronomique, UR 633, Zoologie foresti&#xE8;re, 2163 avenue de la pomme de pin, CS 40001 Ardon, 45075 Orl&#xE9;ans cedex 2, France
5993251	Vanessa_Imbault	Institut national de la recherche agronomique, UR 633, Zoologie foresti&#xE8;re, 2163 avenue de la pomme de pin, CS 40001 Ardon, 45075 Orl&#xE9;ans cedex 2, France
5993251	&#xC9;ric_Darrouzet	Institut de recherche sur la biologie de l&#x2019;insecte, UMR CNRS 7261, Universit&#xE9; Fran&#xE7;ois Rabelais, Facult&#xE9; des Sciences, Parc de Grandmont, 37200 Tours, France
5653845	Satoyo_Oya	0000 0001 2151 536Xgrid.26999.3dDepartment of Biological Sciences, Graduate School of Science, The University of Tokyo, Bunkyo-ku, Tokyo 113-0033 Japan 
5653845	Hiroki_Kohno	0000 0001 2151 536Xgrid.26999.3dDepartment of Biological Sciences, Graduate School of Science, The University of Tokyo, Bunkyo-ku, Tokyo 113-0033 Japan 
5653845	Yooichi_Kainoh	0000 0001 2369 4728grid.20515.33Faculty of Life and Environmental Sciences, University of Tsukuba, Tsukuba, Ibaraki 305-8572 Japan 
5653845	Masato_Ono	0000 0000 9745 9416grid.412905.bLaboratory of Entomology, Graduate School of Agriculture, Tamagawa University, Machida, Tokyo 194-8610 Japan 
5653845	Takeo_Kubo	0000 0001 2151 536Xgrid.26999.3dDepartment of Biological Sciences, Graduate School of Science, The University of Tokyo, Bunkyo-ku, Tokyo 113-0033 Japan 
5636794	Ping_Wen	0000 0004 1799 1066grid.458477.dKey Laboratory of Tropical Forest Ecology, Xishuangbanna Tropical Botanical Garden, Chinese Academy of Sciences, Kunming, Yunnan Province 650223 China 
5636794	Ya-Nan_Cheng	0000 0004 1799 1066grid.458477.dKey Laboratory of Tropical Forest Ecology, Xishuangbanna Tropical Botanical Garden, Chinese Academy of Sciences, Kunming, Yunnan Province 650223 China 
5636794	Shi-Hao_Dong	grid.410696.cEastern Bee Research Institute, Yunnan Agricultural University, 650201 Kunming, China 
5636794	Zheng-Wei_Wang	0000 0004 1799 1066grid.458477.dKey Laboratory of Tropical Forest Ecology, Xishuangbanna Tropical Botanical Garden, Chinese Academy of Sciences, Kunming, Yunnan Province 650223 China 
5636794	Ken_Tan	0000 0004 1799 1066grid.458477.dKey Laboratory of Tropical Forest Ecology, Xishuangbanna Tropical Botanical Garden, Chinese Academy of Sciences, Kunming, Yunnan Province 650223 China 
5636794	James C._Nieh	0000 0001 2181 7878grid.47840.3fDivision of Biological Sciences, Section of Ecology, Behaviour, and Evolution, University of California, San Diego, La Jolla, California, USA 
5592929	Pichili_Renuka	Department of Biotechnology, ICAR-Indian Institute of Rice Research, Hyderabad, Telangana 500030, India
5592929	Maganti S._Madhav	Department of Biotechnology, ICAR-Indian Institute of Rice Research, Hyderabad, Telangana 500030, India
5592929	Ayyagari Phani_Padmakumari	Department of Entomology, ICAR-Indian Institute of Rice Research, Hyderabad, Telangana 500030, India
5592929	Kalyani M._Barbadikar	Department of Biotechnology, ICAR-Indian Institute of Rice Research, Hyderabad, Telangana 500030, India
5592929	Satendra K._Mangrauthia	Department of Biotechnology, ICAR-Indian Institute of Rice Research, Hyderabad, Telangana 500030, India
5592929	Kola_Vijaya Sudhakara Rao	Department of Biotechnology, ICAR-Indian Institute of Rice Research, Hyderabad, Telangana 500030, India
5592929	Soma S._Marla	Division of Genomic Resources, ICAR-National Bureau of Plant Genomic Resources, New Delhi, India
5592929	Vemuri_Ravindra Babu	Department of Plant Breeding, ICAR-Indian Institute of Rice Research, Hyderabad, Telangana 500030, India
5497986	Michelina_Pusceddu	        Dipartimento di Agraria, sezione di Patologia vegetale ed Entomologia, Universit&#xE0; di Sassari, Sassari, Italy      
5497986	Ignazio_Floris	        Dipartimento di Agraria, sezione di Patologia vegetale ed Entomologia, Universit&#xE0; di Sassari, Sassari, Italy      
5497986	Franco_Buffa	        Dipartimento di Agraria, sezione di Patologia vegetale ed Entomologia, Universit&#xE0; di Sassari, Sassari, Italy      
5497986	Emanuele_Salaris	        Dipartimento di Agraria, sezione di Patologia vegetale ed Entomologia, Universit&#xE0; di Sassari, Sassari, Italy      
5497986	Alberto_Satta	        Dipartimento di Agraria, sezione di Patologia vegetale ed Entomologia, Universit&#xE0; di Sassari, Sassari, Italy      
5647953	Maximilian_Schiener	Center of Allergy and Environment (ZAUM), Technical University of Munich and Helmholtz Center Munich, Member of the German Center of Lung Research (DZL), Munich, Germany
5647953	Anke_Graessel	Center of Allergy and Environment (ZAUM), Technical University of Munich and Helmholtz Center Munich, Member of the German Center of Lung Research (DZL), Munich, Germany
5647953	Markus_Ollert	Department of Infection and Immunity, Luxembourg Institute of Health (LIH), Esch-sur-Alzette, Luxembourg
5647953	Carsten B._Schmidt-Weber	Center of Allergy and Environment (ZAUM), Technical University of Munich and Helmholtz Center Munich, Member of the German Center of Lung Research (DZL), Munich, Germany
5647953	Simon_Blank	Center of Allergy and Environment (ZAUM), Technical University of Munich and Helmholtz Center Munich, Member of the German Center of Lung Research (DZL), Munich, Germany
5371952	Charlotte L. R._Payne	Conservation Science Group, Department of Zoology, University of Cambridge, Cambridge CB2 3QY, UK
5371952	Joost_Van Itterbeeck	College of Arts, Department of History, Rikkyo University, Tokyo 171-8501, Japan; 
5136422	Xing_Zeng	College of Agronomy, Northeast Agricultural University, Mucai Street, Xiangfang District, Harbin, Heilongjiang 150030, China
5136422	Yu_Zhou	College of Agronomy, Northeast Agricultural University, Mucai Street, Xiangfang District, Harbin, Heilongjiang 150030, China
5136422	Zhongjia_Zhu	College of Agronomy, Northeast Agricultural University, Mucai Street, Xiangfang District, Harbin, Heilongjiang 150030, China
5136422	Hongyue_Zu	College of Agronomy, Northeast Agricultural University, Mucai Street, Xiangfang District, Harbin, Heilongjiang 150030, China
5136422	Shumin_Wang	College of Agronomy, Northeast Agricultural University, Mucai Street, Xiangfang District, Harbin, Heilongjiang 150030, China
5136422	Hong_Di	College of Agronomy, Northeast Agricultural University, Mucai Street, Xiangfang District, Harbin, Heilongjiang 150030, China
5136422	Zhenhua_Wang	College of Agronomy, Northeast Agricultural University, Mucai Street, Xiangfang District, Harbin, Heilongjiang 150030, China
5075168	Prapenpuksiri_Rungsa	Protein and Proteomics Research Center for Commercial and Industrial Purposes (ProCCI), Department of Biochemistry, Faculty of Science, Khon Kaen University, Khon Kaen, 40002 Thailand 
5075168	Paroonkorn_Incamnoi	Department of Chemistry, Faculty of Engineering, Rajamangala University of Technology Isan, Khon Kaen Campus, Khon Kaen, Thailand 
5075168	Sophida_Sukprasert	Chulabhorn International College of Medicine, Thammasat University (Rangsit Campus), Pathumthani, Thailand 
5075168	Nunthawun_Uawonggul	Division of Chemistry, Faculty of Science, Nakhon Phanom University, Nakhon Phanom, Thailand 
5075168	Sompong_Klaynongsruang	Protein and Proteomics Research Center for Commercial and Industrial Purposes (ProCCI), Department of Biochemistry, Faculty of Science, Khon Kaen University, Khon Kaen, 40002 Thailand 
5075168	Jureerut_Daduang	Department of Clinical Chemistry, Faculty of Associated Medical Sciences, Khon Kaen University, Khon Kaen, Thailand 
5075168	Rina_Patramanon	Protein and Proteomics Research Center for Commercial and Industrial Purposes (ProCCI), Department of Biochemistry, Faculty of Science, Khon Kaen University, Khon Kaen, 40002 Thailand 
5075168	Sittiruk_Roytrakul	Genome Institute, National Center for Genetic Engineering and Biotechnology, National Science and Technology Development Agency (NSTDA), Pathumthani, Thailand 
5075168	Sakda_Daduang	Protein and Proteomics Research Center for Commercial and Industrial Purposes (ProCCI), Department of Biochemistry, Faculty of Science, Khon Kaen University, Khon Kaen, 40002 Thailand 
5085674	Peng-Yan_Chen	Institute of Plant and Environmental Protection, Beijing Academy of Agriculture and Forestry Sciences, Beijing 100097, China;  (B.-Y.Z.)
5085674	Bo-Ying_Zheng	Institute of Plant and Environmental Protection, Beijing Academy of Agriculture and Forestry Sciences, Beijing 100097, China;  (B.-Y.Z.)
5085674	Jing-Xian_Liu	Department of Entomology, South China Agricultural University, Guangzhou 510640, China
5085674	Shu-Jun_Wei	Institute of Plant and Environmental Protection, Beijing Academy of Agriculture and Forestry Sciences, Beijing 100097, China;  (B.-Y.Z.)
5127158	Daniel S._Oliveira	Curso Ci&#xEA;ncias Biol&#xF3;gicas, Universidade Federal de Santa Maria(UFSM), Santa Maria, RS, Brazil.
5127158	Tiago M.F.F._Gomes	Curso Ci&#xEA;ncias Biol&#xF3;gicas, Universidade Federal de Santa Maria(UFSM), Santa Maria, RS, Brazil.
5127158	Elgion L.S._Loreto	Departamento de Bioqu&#xED;mica e Biologia Molecular (CCNE), UniversidadeFederal de Santa Maria (UFSM), Santa Maria, RS, Brazil.
4944027	Rodrigo_Hasb&#xFA;n	Departamento de Silvicultura, Facultad de Ciencias Forestales, Universidad de Concepci&#xF3;n, 4070386 Concepci&#xF3;n, Chile
4944027	Jorge_Gonz&#xE1;lez	Departamento de Silvicultura, Facultad de Ciencias Forestales, Universidad de Concepci&#xF3;n, 4070386 Concepci&#xF3;n, Chile
4944027	Carolina_Iturra	Departamento de Silvicultura, Facultad de Ciencias Forestales, Universidad de Concepci&#xF3;n, 4070386 Concepci&#xF3;n, Chile
4944027	Glenda_Fuentes	Departamento de Bot&#xE1;nica, Facultad de Ciencias Naturales y Oceanogr&#xE1;ficas, Universidad de Concepci&#xF3;n, 4070386 Concepci&#xF3;n, Chile
4944027	Diego_Alarc&#xF3;n	Departamento de Bot&#xE1;nica, Facultad de Ciencias Naturales y Oceanogr&#xE1;ficas, Universidad de Concepci&#xF3;n, 4070386 Concepci&#xF3;n, Chile
4944027	Eduardo_Ruiz	Departamento de Bot&#xE1;nica, Facultad de Ciencias Naturales y Oceanogr&#xE1;ficas, Universidad de Concepci&#xF3;n, 4070386 Concepci&#xF3;n, Chile
4807812	Ken_Tan	Key Laboratory of Tropical Forest Ecology, Xishuangbanna Tropical Botanical Garden, Chinese Academy of Science, Kunming, Yunnan Province, China
4807812	Shihao_Dong	Eastern Bee Research Institute, Yunnan Agricultural University, Heilongtan, Kunming, Yunnan Province, China
4807812	Xinyu_Li	Eastern Bee Research Institute, Yunnan Agricultural University, Heilongtan, Kunming, Yunnan Province, China
4807812	Xiwen_Liu	Eastern Bee Research Institute, Yunnan Agricultural University, Heilongtan, Kunming, Yunnan Province, China
4807812	Chao_Wang	Eastern Bee Research Institute, Yunnan Agricultural University, Heilongtan, Kunming, Yunnan Province, China
4807812	Jianjun_Li	Key Laboratory of Tropical Forest Ecology, Xishuangbanna Tropical Botanical Garden, Chinese Academy of Science, Kunming, Yunnan Province, China
4807812	James C._Nieh	Section of Ecology, Behavior, and Evolution, Division of Biological Sciences, University of California, San Diego, La Jolla, California, United States of America
4769250	Zhengwei_Wang	Key Laboratory of Tropical Forest Ecology, Xishuangbanna Tropical Botanical Garden, Chinese Academy of Sciences, Kunming, China
4769250	Yufeng_Qu	Key Laboratory of Tropical Forest Ecology, Xishuangbanna Tropical Botanical Garden, Chinese Academy of Sciences, Kunming, China
4769250	Shihao_Dong	Eastern Bee Research Institute, Yunnan Agricultural University, Kunming, China
4769250	Ping_Wen	Key Laboratory of Tropical Forest Ecology, Xishuangbanna Tropical Botanical Garden, Chinese Academy of Sciences, Kunming, China
4769250	Jianjun_Li	Key Laboratory of Tropical Forest Ecology, Xishuangbanna Tropical Botanical Garden, Chinese Academy of Sciences, Kunming, China
4769250	Ken_Tan	Key Laboratory of Tropical Forest Ecology, Xishuangbanna Tropical Botanical Garden, Chinese Academy of Sciences, Kunming, China
4769250	Randolf_Menzel	Institute of Biology and Neurobiology, Freie Universit&#xE4;t Berlin, Berlin, Germany
4773785	Si Hyeock_Lee	Department of Agricultural Biology, Seoul National University, Seoul 151-921, Korea; 
4773785	Ji Hyeong_Baek	College of Pharmacy and Research Institute of Pharmaceutical Science, Gyeongsang National University, Jinju 660-701, Korea
4773785	Kyungjae Andrew_Yoon	Department of Agricultural Biology, Seoul National University, Seoul 151-921, Korea; 
4736913	Bharat Bhusan_Patnaik	Department of Life Science and Biotechnology, College of Natural Sciences, Soonchunhyang University, 22 Soonchunhyangro, Shinchang-myeon, Asan, Chungchungnam-do 31538, Republic of Korea
4736913	So Young_Park	Department of Life Science and Biotechnology, College of Natural Sciences, Soonchunhyang University, 22 Soonchunhyangro, Shinchang-myeon, Asan, Chungchungnam-do 31538, Republic of Korea
4736913	Se Won_Kang	Department of Life Science and Biotechnology, College of Natural Sciences, Soonchunhyang University, 22 Soonchunhyangro, Shinchang-myeon, Asan, Chungchungnam-do 31538, Republic of Korea
4736913	Hee-Ju_Hwang	Department of Life Science and Biotechnology, College of Natural Sciences, Soonchunhyang University, 22 Soonchunhyangro, Shinchang-myeon, Asan, Chungchungnam-do 31538, Republic of Korea
4736913	Tae Hun_Wang	Department of Life Science and Biotechnology, College of Natural Sciences, Soonchunhyang University, 22 Soonchunhyangro, Shinchang-myeon, Asan, Chungchungnam-do 31538, Republic of Korea
4736913	Eun Bi_Park	Department of Life Science and Biotechnology, College of Natural Sciences, Soonchunhyang University, 22 Soonchunhyangro, Shinchang-myeon, Asan, Chungchungnam-do 31538, Republic of Korea
4736913	Jong Min_Chung	Department of Life Science and Biotechnology, College of Natural Sciences, Soonchunhyang University, 22 Soonchunhyangro, Shinchang-myeon, Asan, Chungchungnam-do 31538, Republic of Korea
4736913	Dae Kwon_Song	Department of Life Science and Biotechnology, College of Natural Sciences, Soonchunhyang University, 22 Soonchunhyangro, Shinchang-myeon, Asan, Chungchungnam-do 31538, Republic of Korea
4736913	Changmu_Kim	National Institute of Biological Resources, 42 Hwangyeong-ro, Seo-gu, Incheon 22689, Republic of Korea
4736913	Soonok_Kim	National Institute of Biological Resources, 42 Hwangyeong-ro, Seo-gu, Incheon 22689, Republic of Korea
4736913	Jae Bong_Lee	Korea Zoonosis Research Institute (KOZRI), Chonbuk National Institute, 820-120 Hana-ro, Iksan, Jeollabuk-do 54528, Republic of Korea
4736913	Heon Cheon_Jeong	Hampyeong County Insect Institute, Hampyeong County Agricultural Technology Center, 90 Hakgyohwasan-gil, Hakgyo-myeon, Jeollanam-do 57158, Republic of Korea
4736913	Hong Seog_Park	Research Institute, GnC BIO Co., Ltd., 621-6 Banseok-dong, Yuseong-gu, Daejeon 34069, Republic of Korea
4736913	Yeon Soo_Han	College of Agriculture and Life Sciences, Chonnam National University, 77 Yongbong-ro, Buk-gu, Gwangju 61186, Republic of Korea
4736913	Yong Seok_Lee	Department of Life Science and Biotechnology, College of Natural Sciences, Soonchunhyang University, 22 Soonchunhyangro, Shinchang-myeon, Asan, Chungchungnam-do 31538, Republic of Korea
4813109	Linh M._Chau	                  1                School of Biology        Georgia Institute of Technology        Atlanta        Georgia        30332      
4813109	Cause_Hanna	                  2                Environmental Science and Resource Management        California State University        Camarillo        California        93012      
4813109	Laurel T._Jenkins	                  1                School of Biology        Georgia Institute of Technology        Atlanta        Georgia        30332      
4813109	Rachel E._Kutner	                  1                School of Biology        Georgia Institute of Technology        Atlanta        Georgia        30332      
4813109	Elizabeth A._Burns	                  1                School of Biology        Georgia Institute of Technology        Atlanta        Georgia        30332      
4813109	Claire_Kremen	                  3                Environmental Science, Policy and Management        University of California        Berkeley        California        94720      
4813109	Michael A. D._Goodisman	                  1                School of Biology        Georgia Institute of Technology        Atlanta        Georgia        30332      
4490169	Markus_Ollert	Department of Infection and Immunity, Luxembourg Institute of Health (LIH), 29, rue Henri Koch, L-4354 Esch-sur-Alzette, Luxembourg 
4490169	Simon_Blank	Center of Allergy and Environment (ZAUM), Institute of Allergy Research, Technical University and Helmholtz Center Munich, Ingolst&#xE4;dter Landstra&#xDF;e 1, D-85764 Munich, Germany 
4488467	Adrien_Perrard	Division of Invertebrate Zoology, American Museum of Natural History, New York, New York, United States of America
4488467	Kevin J._Loope	Department of Neurobiology and Behavior, Cornell University, Ithaca, New York, United States of America
4479185	Xiang-Dong_Li	Department of Nephrology, 3201 Affiliated Hospital of Medical College of Xi&#x2019;an Jiaotong University, Hanzhong, Shaanxi, P.R. China
4479185	Zheng_Liu	Institute of Radiation Medicine, Chinese Academy of Medical Sciences and Peking Union Medical College, Tianjin, P.R. China
4479185	Ying_Zhai	Department of Nephrology, 3201 Affiliated Hospital of Medical College of Xi&#x2019;an Jiaotong University, Hanzhong, Shaanxi, P.R. China
4479185	Ming_Zhao	Department of Nephrology, 3201 Affiliated Hospital of Medical College of Xi&#x2019;an Jiaotong University, Hanzhong, Shaanxi, P.R. China
4479185	Hai-Yan_Shen	Department of Nephrology, 3201 Affiliated Hospital of Medical College of Xi&#x2019;an Jiaotong University, Hanzhong, Shaanxi, P.R. China
4479185	Yi_Li	Department of Nephrology, 3201 Affiliated Hospital of Medical College of Xi&#x2019;an Jiaotong University, Hanzhong, Shaanxi, P.R. China
4479185	Bo_Zhang	Department of Nephrology, 3201 Affiliated Hospital of Medical College of Xi&#x2019;an Jiaotong University, Hanzhong, Shaanxi, P.R. China
4479185	Tao_Liu	Department of Nephrology, 3201 Affiliated Hospital of Medical College of Xi&#x2019;an Jiaotong University, Hanzhong, Shaanxi, P.R. China
4568287	Hiromi_NAKANISHI	Graduate School of Agricultural and Life Sciences, TheUniversity of Tokyo, Tokyo, Japan.
4568287	Atsushi_MORI	The University of Electro-Communications, Tokyo,Japan.
4568287	Kouki_TAKEDA	Graduate School of Agricultural and Life Sciences, TheUniversity of Tokyo, Tokyo, Japan.
4568287	Houdo_TANAKA	Graduate School of Agricultural and Life Sciences, TheUniversity of Tokyo, Tokyo, Japan.
4568287	Natsuko_KOBAYASHI	Graduate School of Agricultural and Life Sciences, TheUniversity of Tokyo, Tokyo, Japan.
4568287	Keitaro_TANOI	Graduate School of Agricultural and Life Sciences, TheUniversity of Tokyo, Tokyo, Japan.
4568287	Takashi_YAMAKAWA	Graduate School of Agricultural and Life Sciences, TheUniversity of Tokyo, Tokyo, Japan.
4568287	Satoshi_MORI	Graduate School of Agricultural and Life Sciences, TheUniversity of Tokyo, Tokyo, Japan.
4346974	Masayuki_Ushio	Center for Ecological Research, Kyoto University, 2-509-3 Hirano, Otsu, Shiga 520-2113, Japan
4346974	Eri_Yamasaki	Center for Ecological Research, Kyoto University, 2-509-3 Hirano, Otsu, Shiga 520-2113, Japan
4346974	Hiroyuki_Takasu	Center for Ecological Research, Kyoto University, 2-509-3 Hirano, Otsu, Shiga 520-2113, Japan
4346974	Atsushi J._Nagano	Center for Ecological Research, Kyoto University, 2-509-3 Hirano, Otsu, Shiga 520-2113, Japan
4346974	Shohei_Fujinaga	Center for Ecological Research, Kyoto University, 2-509-3 Hirano, Otsu, Shiga 520-2113, Japan
4346974	Mie N._Honjo	Center for Ecological Research, Kyoto University, 2-509-3 Hirano, Otsu, Shiga 520-2113, Japan
4346974	Mito_Ikemoto	Center for Ecological Research, Kyoto University, 2-509-3 Hirano, Otsu, Shiga 520-2113, Japan
4346974	Shoko_Sakai	Center for Ecological Research, Kyoto University, 2-509-3 Hirano, Otsu, Shiga 520-2113, Japan
4346974	Hiroshi_Kudoh	Center for Ecological Research, Kyoto University, 2-509-3 Hirano, Otsu, Shiga 520-2113, Japan
4298054	Kevin J_Loope	Department of Neurobiology and Behavior, Cornell University, Ithaca, NY USA 
4298054	Chun_Chien	Department of Neurobiology and Behavior, Cornell University, Ithaca, NY USA 
4298054	Michael_Juhl	Bee Man Exterminators LLC, Olympia, WA USA 
4293493	Kyle_Shackleton	Laboratory of Apiculture and Social Insects, Department of Life Sciences, University of Sussex, Brighton, BN1 9QG UK 
4293493	Hasan_Al Toufailia	Laboratory of Apiculture and Social Insects, Department of Life Sciences, University of Sussex, Brighton, BN1 9QG UK 
4293493	Nicholas J._Balfour	Laboratory of Apiculture and Social Insects, Department of Life Sciences, University of Sussex, Brighton, BN1 9QG UK 
4293493	Fabio S._Nascimento	Departamento de Biologia, Faculdade de Filosofia Ci&#xEA;ncias e Letras de Ribeir&#xE3;o Preto, Universidade de S&#xE3;o Paulo, Av. Bandeirantes, Ribeir&#xE3;o Preto, 14040-901 Brazil 
4293493	Denise A._Alves	Departamento de Entomologia e Acarologia, Escola Superior de Agricultura &#x201C;Luiz de Queiroz&#x201D;, Universidade de S&#xE3;o Paulo, Av. P&#xE1;dua Dias 11, Piracicaba, S&#xE3;o Paulo 13418-900 Brazil 
4293493	Francis L. W._Ratnieks	Laboratory of Apiculture and Social Insects, Department of Life Sciences, University of Sussex, Brighton, BN1 9QG UK 
4209238	Gerald_Kastberger	Department of Zoology, University Graz, Graz, Austria 
4209238	Frank_Weihmann	Department of Zoology, University Graz, Graz, Austria 
4209238	Martina_Zierler	Department of Zoology, University Graz, Graz, Austria 
4209238	Thomas_H&#xF6;tzl	Department of Zoology, University Graz, Graz, Austria 
4150413	Hyun_Kim	School of Alternative Medicine and Health Science, Jeonju University, 303 Cheonjam-ro, Wansan-gu, Jeonju 560-759, Republic of Korea
4150413	Mi-Jang_Song	Department of Integrated Bioresource Science, Graduate School of Jeonju University, 303 Cheonjam-ro, Wansan-gu, Jeonju 560-759, Republic of Korea
4150413	Heldenbrand_Brian	School of Liberal Arts, Jeonju University, 303 Cheonjam-ro, Wansan-gu, Jeonju 560-759, Republic of Korea
4150413	Kyoungho_Choi	Department of Basic Medical Science, Jeonju University, 303 Cheonjam-ro, Wansan-gu, Jeonju 560-759, Republic of Korea
4203290	Yoshito_Chikaraishi	Japan Agency for Marine-Earth Science and Technology          2-15 Natsushima-cho, Yokosuka, 237-0061, Japan        
4203290	Shawn A_Steffan	USDA-ARS Vegetable Crops Research Unit, 1630 Linden Dr., Department of Entomology, University of Wisconsin          Madison, WI, 53706, USA        
4203290	Nanako O_Ogawa	Japan Agency for Marine-Earth Science and Technology          2-15 Natsushima-cho, Yokosuka, 237-0061, Japan        
4203290	Naoto F_Ishikawa	Japan Agency for Marine-Earth Science and Technology          2-15 Natsushima-cho, Yokosuka, 237-0061, Japan        
4203290	Yoko_Sasaki	Japan Agency for Marine-Earth Science and Technology          2-15 Natsushima-cho, Yokosuka, 237-0061, Japan        
4203290	Masashi_Tsuchiya	Japan Agency for Marine-Earth Science and Technology          2-15 Natsushima-cho, Yokosuka, 237-0061, Japan        
4203290	Naohiko_Ohkouchi	Japan Agency for Marine-Earth Science and Technology          2-15 Natsushima-cho, Yokosuka, 237-0061, Japan        
3937767	Edzard_Spillner	Immunological Engineering, Department of Engineering, Aarhus University, Aarhus, Denmark
3937767	Simon_Blank	Center of Allergy and Environment (ZAUM), Helmholtz Center Munich, Technical University, Munich, Germany
3937767	Thilo_Jakob	Allergy Research Group, Department of Dermatology, Medical Center, University of Freiburg, Freiburg, Germany
4019225	Shawna T_Park	Department of Biological Sciences, Idaho State University, Pocatello, ID, USA.
4019225	Amanda M_Collingwood	Department of Biological Sciences, Idaho State University, Pocatello, ID, USA.
4019225	Sophie_St-Hilaire	Department of Biological Sciences, Idaho State University, Pocatello, ID, USA.
4019225	Peter P_Sheridan	Department of Biological Sciences, Idaho State University, Pocatello, ID, USA.
5633940	I-Hsin_Sung	1Miaoli District Agricultural Research and Extension Station, Council of Agriculture, Executive Yuan, Miaoli 363, Taiwan
5633940	Sheng-Shan_Lu	2Taiwan Forestry Research Institute, Council of Agriculture, Executive Yuan, Taipei 100, Taiwan
5633940	Jung-Tai_Chao	2Taiwan Forestry Research Institute, Council of Agriculture, Executive Yuan, Taipei 100, Taiwan
5633940	Wen-Chi_Yeh	2Taiwan Forestry Research Institute, Council of Agriculture, Executive Yuan, Taipei 100, Taiwan
5633940	Wei-Jie_Lee	4Raptor Research Group of Taiwan, Taipei 104, Taiwan
3782137	Hyun_Kim	School of Alternative Medicine and Health Science, Jeonju University, 303 Cheonjam-ro, Wansan-gu, Jeonju 560-759, Republic of Korea
3782137	Mi-Jang_Song	School of Alternative Medicine and Health Science, Jeonju University, 303 Cheonjam-ro, Wansan-gu, Jeonju 560-759, Republic of Korea
3688903	Karine_Monceau	UMR 1065 Sant&#xE9; et Agro&#xE9;cologie du Vignoble, INRA, F-33883 Villenave d&#x2019;Ornon, France
3688903	Mariangela_Arca	CNRS, Laboratoire Evolution, G&#xE9;nomes et Sp&#xE9;ciation, UPR 9034, CNRS, 91198&#x2013; Gif-sur-Yvette, France and Universit&#xE9; Paris-Sud 11, Orsay, France
3688903	Lisa_Lepr&#xEA;tre	UMR 1065 Sant&#xE9; et Agro&#xE9;cologie du Vignoble, INRA, F-33883 Villenave d&#x2019;Ornon, France
3688903	Florence_Mougel	CNRS, Laboratoire Evolution, G&#xE9;nomes et Sp&#xE9;ciation, UPR 9034, CNRS, 91198&#x2013; Gif-sur-Yvette, France and Universit&#xE9; Paris-Sud 11, Orsay, France
3688903	Olivier_Bonnard	UMR 1065 Sant&#xE9; et Agro&#xE9;cologie du Vignoble, INRA, F-33883 Villenave d&#x2019;Ornon, France
3688903	Jean-Fran&#xE7;ois_Silvain	CNRS, Laboratoire Evolution, G&#xE9;nomes et Sp&#xE9;ciation, UPR 9034, CNRS, 91198&#x2013; Gif-sur-Yvette, France and Universit&#xE9; Paris-Sud 11, Orsay, France
3688903	Nevile_Maher	UMR 1065 Sant&#xE9; et Agro&#xE9;cologie du Vignoble, INRA, F-33883 Villenave d&#x2019;Ornon, France
3688903	G&#xE9;rard_Arnold	CNRS, Laboratoire Evolution, G&#xE9;nomes et Sp&#xE9;ciation, UPR 9034, CNRS, 91198&#x2013; Gif-sur-Yvette, France and Universit&#xE9; Paris-Sud 11, Orsay, France
3688903	Denis_Thi&#xE9;ry	UMR 1065 Sant&#xE9; et Agro&#xE9;cologie du Vignoble, INRA, F-33883 Villenave d&#x2019;Ornon, France
3707105	Jerzy_Nadolski	Faculty of Biology and Environmental Protection, Natural History Museum, University of &#x141;&#xF3;d&#x17A;, Kili&#x144;skiego 101, &#x141;&#xF3;d&#x17A;, 90-011, Poland
3546645	Taketoshi_Kiya	Division of Life Sciences, Graduate School of Natural Science and Technology, Kanazawa University, Kakuma-machi, Kanazawa, Ishikawa 920-1192, Japan
3546645	Atsushi_Ugajin	Department of Biological Sciences, Graduate School of Science, The University of Tokyo, Bunkyo-ku, Tokyo 113-0033, Japan; E-Mails:  (T.K.)
3546645	Takekazu_Kunieda	Department of Biological Sciences, Graduate School of Science, The University of Tokyo, Bunkyo-ku, Tokyo 113-0033, Japan; E-Mails:  (T.K.)
3546645	Takeo_Kubo	Department of Biological Sciences, Graduate School of Science, The University of Tokyo, Bunkyo-ku, Tokyo 113-0033, Japan; E-Mails:  (T.K.)
3505935	K._Ito	Department of Dermatology, Almeida Hospital, 1509-2 Miyazaki, 2-Chome, Oaza, Oita 870-1195, Japan
3505935	S._Imafuku	Department of Dermatology, Fukuoka University Hospital, 6-45 Momochihama, 3-Chome, Sawara-ku, Fukuoka, Japan
3505935	J._Nakayama	Department of Dermatology, Fukuoka University Hospital, 6-45 Momochihama, 3-Chome, Sawara-ku, Fukuoka, Japan
3402526	Sabrina E._Vinz&#xF3;n	Departamento de Qu&#xED;mica Biol&#xF3;gica e Instituto de Qu&#xED;mica y Fisicoqu&#xED;mica Biol&#xF3;gicas (IQUIFIB), Facultad de Farmacia y Bioqu&#xED;mica, Universidad de Buenos Aires, Buenos Aires, Argentina
3402526	Cristina_Marino-Buslje	Departamento de Qu&#xED;mica Biol&#xF3;gica e Instituto de Qu&#xED;mica y Fisicoqu&#xED;mica Biol&#xF3;gicas (IQUIFIB), Facultad de Farmacia y Bioqu&#xED;mica, Universidad de Buenos Aires, Buenos Aires, Argentina
3402526	Elena_Rivera	Departamento de F&#xED;sico-Matem&#xE1;tica, Facultad de Farmacia y Bioqu&#xED;mica, Universidad de Buenos Aires, Buenos Aires, Argentina
3402526	Mirtha_Biscoglio de Jim&#xE9;nez Bonino	Departamento de Qu&#xED;mica Biol&#xF3;gica e Instituto de Qu&#xED;mica y Fisicoqu&#xED;mica Biol&#xF3;gicas (IQUIFIB), Facultad de Farmacia y Bioqu&#xED;mica, Universidad de Buenos Aires, Buenos Aires, Argentina
3337444	Helmut_K&#xE4;fer	Institut f&#xFC;r Zoologie, Karl-Franzens-Universit&#xE4;t Graz, Universit&#xE4;tsplatz 2, A-8010 Graz, Austria
3337444	Helmut_Kovac	Institut f&#xFC;r Zoologie, Karl-Franzens-Universit&#xE4;t Graz, Universit&#xE4;tsplatz 2, A-8010 Graz, Austria
3337444	Anton_Stabentheiner	Institut f&#xFC;r Zoologie, Karl-Franzens-Universit&#xE4;t Graz, Universit&#xE4;tsplatz 2, A-8010 Graz, Austria
3303784	Atsushi_Ugajin	Department of Biological Sciences, Graduate School of Science, The University of Tokyo, Bunkyo-ku, Tokyo, Japan
3303784	Taketoshi_Kiya	Division of Life Sciences, Graduate School of Natural Science and Technology, Kanazawa University, Kanazawa, Japan
3303784	Takekazu_Kunieda	Department of Biological Sciences, Graduate School of Science, The University of Tokyo, Bunkyo-ku, Tokyo, Japan
3303784	Masato_Ono	Laboratory of Applied Entomology and Zoology, Graduate School of Agriculture, Tamagawa University, Machida, Japan
3303784	Tadaharu_Yoshida	Honeybee Science Research Center, Tamagawa University, Machida, Japan
3303784	Takeo_Kubo	Department of Biological Sciences, Graduate School of Science, The University of Tokyo, Bunkyo-ku, Tokyo, Japan
3216613	Hisatomo_Taki	Department of Forest Entomology, Forestry and Forest Products Research Institute, 1 Matsunosato, Tsukuba, Ibaraki 305-8687, Japan
3216613	Yuichi_Yamaura	Division of Environmental Resources, Graduate School of Agriculture, Hokkaido University, Nishi 9 Kita 9, Kitaku, Sapporo, Hokkaido 050-8589, Japan
3216613	Kimiko_Okabe	Department of Forest Entomology, Forestry and Forest Products Research Institute, 1 Matsunosato, Tsukuba, Ibaraki 305-8687, Japan
3216613	Kaoru_Maeto	Laboratory of Insect Science, Graduate School of Agricultural Science, Kobe University, Rokkodai, Nada, Kobe, Hyogo 657-8501 Japan
3016720	K._Tan	1Xishuangbanna Tropical Botanical Garden, Chinese Academy of Science, Kunming, Yunnan Province, 650223, People's Republic of China
3016720	H._Li	2Eastern Bee Research Institute of Yunnan, Agricultural University, Heilongtan, Kunming, Yunnan Province, People's Republic of China
3016720	M.X._Yang	2Eastern Bee Research Institute of Yunnan, Agricultural University, Heilongtan, Kunming, Yunnan Province, People's Republic of China
3016720	H.R._Hepburn	2Eastern Bee Research Institute of Yunnan, Agricultural University, Heilongtan, Kunming, Yunnan Province, People's Republic of China
3016720	S.E._Radloff	4Department of Statistics, Rhodes University, Grahamstown 6140, South Africa
2829036	Takayuki_Watanabe	Department of Biological Sciences, Graduate School of Science, The University of Tokyo, Bunkyo-ku, Tokyo 113-0033, Japan
2829036	Hideaki_Takeuchi	Department of Biological Sciences, Graduate School of Science, The University of Tokyo, Bunkyo-ku, Tokyo 113-0033, Japan
2829036	Takeo_Kubo	Department of Biological Sciences, Graduate School of Science, The University of Tokyo, Bunkyo-ku, Tokyo 113-0033, Japan
2533669	Eric A_Hoffman	School of Biology, Georgia Institute of Technology, 310 Ferst Drive, Atlanta, GA 30332, USA
2533669	Jennifer L_Kovacs	School of Biology, Georgia Institute of Technology, 310 Ferst Drive, Atlanta, GA 30332, USA
2533669	Michael AD_Goodisman	School of Biology, Georgia Institute of Technology, 310 Ferst Drive, Atlanta, GA 30332, USA
